Order City,Customer City,Order Country,Customer Country,Days for shipping (real),Sales per customer,Order Item Total,Shipping Mode,Delivery Status
Bekasi,Caguas,Indonesia,Puerto Rico,3,314.6400146,314.6400146,Standard Class,Advance shipping
Bikaner,Caguas,India,Puerto Rico,5,311.3599854,311.3599854,Standard Class,Late delivery
Bikaner,San Jose,India,EE. UU.,4,309.7200012,309.7200012,Standard Class,Shipping on time
Townsville,Los Angeles,Australia,EE. UU.,3,304.8099976,304.8099976,Standard Class,Advance shipping
Townsville,Caguas,Australia,Puerto Rico,2,298.25,298.25,Standard Class,Advance shipping
Toowoomba,Tonawanda,Australia,EE. UU.,6,294.980011,294.980011,Standard Class,Shipping canceled
Guangzhou,Caguas,China,Puerto Rico,2,288.4200134,288.4200134,First Class,Late delivery
Guangzhou,Miami,China,EE. UU.,2,285.1400146,285.1400146,First Class,Late delivery
Guangzhou,Caguas,China,Puerto Rico,3,278.5899963,278.5899963,Second Class,Late delivery
Guangzhou,San Ramon,China,EE. UU.,2,275.3099976,275.3099976,First Class,Late delivery
Tokio,Caguas,Japón,Puerto Rico,6,272.0299988,272.0299988,Second Class,Shipping canceled
Manado,Freeport,Indonesia,EE. UU.,5,268.7600098,268.7600098,Second Class,Late delivery
Manado,Salinas,Indonesia,EE. UU.,4,262.2000122,262.2000122,Second Class,Late delivery
Sangli,Caguas,India,Puerto Rico,2,245.8099976,245.8099976,First Class,Late delivery
Sangli,Peabody,India,EE. UU.,2,327.75,327.75,First Class,Late delivery
Sangli,Caguas,India,Puerto Rico,2,324.4700012,324.4700012,First Class,Late delivery
Seúl,Canovanas,Corea del Sur,Puerto Rico,5,321.2000122,321.2000122,Second Class,Late delivery
Jabalpur,Paramount,India,EE. UU.,2,317.9200134,317.9200134,First Class,Late delivery
Jabalpur,Caguas,India,Puerto Rico,2,314.6400146,314.6400146,First Class,Late delivery
Jabalpur,Mount Prospect,India,EE. UU.,0,311.3599854,311.3599854,Same Day,Shipping on time
Jabalpur,Long Beach,India,EE. UU.,0,309.7200012,309.7200012,Same Day,Shipping on time
Jabalpur,Caguas,India,Puerto Rico,5,304.8099976,304.8099976,Standard Class,Late delivery
Geelong,Rancho Cordova,Australia,EE. UU.,4,298.25,298.25,Second Class,Late delivery
Geelong,Caguas,Australia,Puerto Rico,3,294.980011,294.980011,Second Class,Shipping canceled
Brisbane,Billings,Australia,EE. UU.,2,288.4200134,288.4200134,Second Class,Shipping canceled
Mandurah,Caguas,Australia,Puerto Rico,6,285.1400146,285.1400146,Second Class,Late delivery
Mandurah,Wilkes Barre,Australia,EE. UU.,5,278.5899963,278.5899963,Second Class,Late delivery
Guilin,Caguas,China,Puerto Rico,4,275.3099976,275.3099976,Standard Class,Shipping on time
Guilin,Roseville,China,EE. UU.,3,272.0299988,272.0299988,Standard Class,Advance shipping
Guilin,Bellflower,China,EE. UU.,2,268.7600098,268.7600098,Standard Class,Advance shipping
Guilin,Caguas,China,Puerto Rico,6,262.2000122,262.2000122,Standard Class,Late delivery
Delhi,Wheaton,India,EE. UU.,5,245.8099976,245.8099976,Standard Class,Late delivery
Delhi,Caguas,India,Puerto Rico,4,327.75,327.75,Standard Class,Shipping on time
Suzhou,Detroit,China,EE. UU.,2,324.4700012,324.4700012,First Class,Late delivery
Suzhou,Dallas,China,EE. UU.,2,321.2000122,321.2000122,First Class,Late delivery
Singapur,Caguas,Singapur,Puerto Rico,2,317.9200134,317.9200134,First Class,Late delivery
Hubli,Carlisle,India,EE. UU.,2,314.6400146,314.6400146,First Class,Late delivery
Wollongong,Dallas,Australia,EE. UU.,2,311.3599854,311.3599854,First Class,Late delivery
Wollongong,Caguas,Australia,Puerto Rico,1,309.7200012,309.7200012,Same Day,Late delivery
Wollongong,Newark,Australia,EE. UU.,1,304.8099976,304.8099976,Same Day,Shipping canceled
Singapur,Panorama City,Singapur,EE. UU.,1,298.25,298.25,Same Day,Late delivery
Singapur,Caguas,Singapur,Puerto Rico,1,294.980011,294.980011,Same Day,Late delivery
Medan,Atlanta,Indonesia,EE. UU.,4,288.4200134,288.4200134,Standard Class,Shipping on time
Medan,Caguas,Indonesia,Puerto Rico,3,285.1400146,285.1400146,Standard Class,Advance shipping
Canberra,Fremont,Australia,EE. UU.,2,278.5899963,278.5899963,Standard Class,Advance shipping
Bangalore,Caguas,India,Puerto Rico,6,275.3099976,275.3099976,Standard Class,Late delivery
Bangalore,Rochester,India,EE. UU.,5,272.0299988,272.0299988,Second Class,Late delivery
Yiwu,Dallas,China,EE. UU.,4,268.7600098,268.7600098,Standard Class,Shipping on time
Mirzapur,Bayamon,India,Puerto Rico,5,115.1800003,115.1800003,Second Class,Late delivery
Bursa,Caguas,Turquía,Puerto Rico,2,79.18000031,79.18000031,Second Class,Shipping on time
Murray Bridge,Caguas,Australia,Puerto Rico,6,96.0,96.0,Second Class,Late delivery
Kartal,Caguas,Turquía,Puerto Rico,2,75.98000336,75.98000336,Second Class,Shipping on time
Ulan Bator,Caguas,Mongolia,Puerto Rico,3,91.0,91.0,Second Class,Late delivery
Estambul,Caguas,Turquía,Puerto Rico,5,87.0,87.0,Second Class,Late delivery
Raipur,Caguas,India,Puerto Rico,6,82.0,82.0,Second Class,Late delivery
Pasco,Caguas,Estados Unidos,Puerto Rico,2,74.68000031,74.68000031,Second Class,Shipping on time
Los Angeles,Caguas,Estados Unidos,Puerto Rico,5,90.15000153,90.15000153,Second Class,Late delivery
San Francisco,Caguas,Estados Unidos,Puerto Rico,6,117.5800018,117.5800018,Second Class,Late delivery
Overland Park,Caguas,Estados Unidos,Puerto Rico,4,95.98000336,95.98000336,Second Class,Late delivery
Ugep,Caguas,Nigeria,Puerto Rico,2,263.9700012,263.9700012,Second Class,Shipping on time
Kinshasa,Caguas,República Democrática del Congo,Puerto Rico,5,113.9700012,113.9700012,Second Class,Late delivery
Dakar,Caguas,Senegal,Puerto Rico,5,63.99000168,63.99000168,Second Class,Late delivery
Casablanca,Caguas,Marruecos,Puerto Rico,5,79.66000366,79.66000366,Second Class,Late delivery
Dortmund,Caguas,Alemania,Puerto Rico,3,293.9700012,293.9700012,Second Class,Late delivery
Drancy,Caguas,Francia,Puerto Rico,2,269.9700012,269.9700012,Second Class,Shipping on time
Nantes,Caguas,Francia,Puerto Rico,6,224.9799957,224.9799957,Second Class,Late delivery
Groningen,Caguas,Países Bajos,Puerto Rico,4,176.3699951,176.3699951,Second Class,Late delivery
Gateshead,Caguas,Reino Unido,Puerto Rico,2,167.3699951,167.3699951,Second Class,Shipping on time
Eastbourne,Caguas,Reino Unido,Puerto Rico,3,163.7700043,163.7700043,Second Class,Late delivery
Hayange,Caguas,Francia,Puerto Rico,3,161.9700012,161.9700012,Second Class,Late delivery
Drancy,Caguas,Francia,Puerto Rico,2,139.5,139.5,Second Class,Shipping on time
Portsmouth,Caguas,Reino Unido,Puerto Rico,4,107.9700012,107.9700012,Second Class,Late delivery
Gelsenkirchen,Caguas,Alemania,Puerto Rico,3,112.5,112.5,Second Class,Late delivery
Nice,Caguas,Francia,Puerto Rico,6,55.40999985,55.40999985,Second Class,Late delivery
Petapa,Caguas,Guatemala,Puerto Rico,6,299.9700012,299.9700012,Second Class,Late delivery
Mejicanos,Caguas,El Salvador,Puerto Rico,5,178.1699982,178.1699982,Second Class,Late delivery
David,Caguas,Panamá,Puerto Rico,4,170.9700012,170.9700012,Second Class,Late delivery
Santo Domingo,Caguas,República Dominicana,Puerto Rico,5,170.0700073,170.0700073,Second Class,Late delivery
Cabimas,Caguas,Venezuela,Puerto Rico,5,167.3699951,167.3699951,Second Class,Late delivery
Cabimas,Caguas,Venezuela,Puerto Rico,5,163.7700043,163.7700043,Second Class,Late delivery
Santo Domingo,Caguas,República Dominicana,Puerto Rico,3,152.9700012,152.9700012,Second Class,Late delivery
Dos Quebradas,Caguas,Colombia,Puerto Rico,4,152.9700012,152.9700012,Second Class,Late delivery
Ilopango,Caguas,El Salvador,Puerto Rico,4,150.0,150.0,Second Class,Late delivery
Tegucigalpa,Caguas,Honduras,Puerto Rico,4,115.1699982,115.1699982,Second Class,Late delivery
Juazeiro,Caguas,Brasil,Puerto Rico,4,144.0,144.0,Second Class,Late delivery
Santo Domingo,Caguas,República Dominicana,Puerto Rico,5,142.5,142.5,Second Class,Late delivery
Mexico City,Caguas,México,Puerto Rico,6,139.5,139.5,Second Class,Late delivery
Tlaquepaque,Caguas,México,Puerto Rico,2,132.0,132.0,Second Class,Shipping on time
Puebla,Caguas,México,Puerto Rico,4,132.0,132.0,Second Class,Late delivery
Puebla,Caguas,México,Puerto Rico,4,130.5,130.5,Second Class,Late delivery
Mexico City,Caguas,México,Puerto Rico,4,124.5,124.5,Second Class,Late delivery
São Paulo,Caguas,Brasil,Puerto Rico,4,99.58000183,99.58000183,Second Class,Late delivery
Montevideo,Caguas,Uruguay,Puerto Rico,5,240.0,240.0,Standard Class,Late delivery
Buenos Aires,Caguas,Argentina,Puerto Rico,6,189.9499969,189.9499969,Standard Class,Late delivery
São Paulo,Caguas,Brasil,Puerto Rico,4,188.9499969,188.9499969,Standard Class,Shipping on time
Barueri,Caguas,Brasil,Puerto Rico,2,236.25,236.25,Standard Class,Advance shipping
Arapongas,Caguas,Brasil,Puerto Rico,6,236.25,236.25,Standard Class,Late delivery
Camagüey,Caguas,Cuba,Puerto Rico,2,136.5,136.5,Standard Class,Advance shipping
Las Tunas,Caguas,Cuba,Puerto Rico,3,181.9499969,181.9499969,Standard Class,Advance shipping
Santo Domingo,Caguas,República Dominicana,Puerto Rico,5,225.0,225.0,Standard Class,Late delivery
Tepic,Caguas,México,Puerto Rico,4,225.0,225.0,Standard Class,Shipping on time
San Miguelito,Guayama,Panamá,Puerto Rico,3,173.9600067,173.9600067,Standard Class,Advance shipping
Ixtapaluca,Caguas,México,Puerto Rico,3,217.5,217.5,Standard Class,Advance shipping
Maceió,Caguas,Brasil,Puerto Rico,3,217.5,217.5,Standard Class,Advance shipping
David,Caguas,Panamá,Puerto Rico,4,169.9600067,169.9600067,Standard Class,Shipping on time
Belo Horizonte,Caguas,Brasil,Puerto Rico,2,212.5,212.5,Standard Class,Advance shipping
Santiago de Cuba,Caguas,Cuba,Puerto Rico,4,167.9600067,167.9600067,Standard Class,Shipping on time
San Pedro Sula,Caguas,Honduras,Puerto Rico,5,207.5,207.5,Standard Class,Late delivery
Lima,Caguas,Perú,Puerto Rico,6,207.5,207.5,Standard Class,Late delivery
Holguín,Caguas,Cuba,Puerto Rico,4,200.0,200.0,Standard Class,Shipping on time
Orizaba,Caguas,México,Puerto Rico,5,200.0,200.0,Standard Class,Late delivery
Managua,Caguas,Nicaragua,Puerto Rico,4,149.9600067,149.9600067,Standard Class,Shipping on time
Villahermosa,Juana Diaz,México,Puerto Rico,3,187.5,187.5,Standard Class,Advance shipping
Buenos Aires,Caguas,Argentina,Puerto Rico,6,187.5,187.5,Standard Class,Late delivery
Quixadá,Caguas,Brasil,Puerto Rico,3,187.5,187.5,Standard Class,Advance shipping
Mejicanos,Caguas,El Salvador,Puerto Rico,5,237.5500031,237.5500031,Standard Class,Late delivery
Tepic,Caguas,México,Puerto Rico,4,153.5500031,153.5500031,Standard Class,Shipping on time
Mixco,Guayama,Guatemala,Puerto Rico,6,395.9599915,395.9599915,Standard Class,Late delivery
Nueva Gerona,Caguas,Cuba,Puerto Rico,4,124.4599991,124.4599991,Standard Class,Shipping on time
Buenos Aires,Caguas,Argentina,Puerto Rico,2,284.9500122,284.9500122,Standard Class,Advance shipping
Chimaltenango,Caguas,Guatemala,Puerto Rico,5,499.9500122,499.9500122,Standard Class,Late delivery
Villa Nueva,Caguas,Guatemala,Puerto Rico,4,494.9500122,494.9500122,Standard Class,Shipping on time
Quito,Caguas,Ecuador,Puerto Rico,5,484.9500122,484.9500122,Standard Class,Late delivery
Managua,Caguas,Nicaragua,Puerto Rico,2,479.9500122,479.9500122,Standard Class,Advance shipping
Valle de La Pascua,Caguas,Venezuela,Puerto Rico,5,479.9500122,479.9500122,Standard Class,Late delivery
San Miguelito,Caguas,Panamá,Puerto Rico,4,474.9500122,474.9500122,Standard Class,Shipping on time
San Miguelito,Caguas,Panamá,Puerto Rico,6,474.9500122,474.9500122,Standard Class,Late delivery
Petapa,Caguas,Guatemala,Puerto Rico,6,449.9599915,449.9599915,Standard Class,Late delivery
Cotia,Caguas,Brasil,Puerto Rico,2,449.9599915,449.9599915,Standard Class,Advance shipping
Itapecuru Mirim,Caguas,Brasil,Puerto Rico,3,337.4599915,337.4599915,Standard Class,Advance shipping
León,Caguas,Nicaragua,Puerto Rico,2,299.9500122,299.9500122,Standard Class,Advance shipping
Tlalpan,Caguas,México,Puerto Rico,2,296.9500122,296.9500122,Standard Class,Advance shipping
Apopa,Caguas,El Salvador,Puerto Rico,6,296.9500122,296.9500122,Standard Class,Late delivery
Cipolletti,Caguas,Argentina,Puerto Rico,3,293.9500122,293.9500122,Standard Class,Advance shipping
Mejicanos,Caguas,El Salvador,Puerto Rico,5,290.9500122,290.9500122,Standard Class,Late delivery
La Ceiba,Caguas,Honduras,Puerto Rico,5,287.9500122,287.9500122,Standard Class,Late delivery
Córdoba,Caguas,México,Puerto Rico,5,283.4500122,283.4500122,Standard Class,Late delivery
Kuito,Caguas,Angola,Puerto Rico,6,86.98999786,86.98999786,Second Class,Late delivery
Jartum,Caguas,Sudán,Puerto Rico,6,127.3899994,127.3899994,Second Class,Late delivery
Hargeysa,Caguas,Somalia,Puerto Rico,3,118.2900009,118.2900009,Second Class,Late delivery
Kenitra,Caguas,Marruecos,Puerto Rico,5,116.9899979,116.9899979,Second Class,Late delivery
Jartum,Caguas,Sudán,Puerto Rico,6,49.18999863,49.18999863,Second Class,Late delivery
Abidjan,Caguas,Costa de Marfil,Puerto Rico,4,103.9899979,103.9899979,Second Class,Late delivery
Abu Kabir,Caguas,Egipto,Puerto Rico,4,296.980011,296.980011,Second Class,Late delivery
Kenitra,Caguas,Marruecos,Puerto Rico,5,293.980011,293.980011,Second Class,Late delivery
Perugia,Caguas,Italia,Puerto Rico,3,252.8800049,252.8800049,Second Class,Late delivery
Nuremberg,Caguas,Alemania,Puerto Rico,4,447.519989,447.519989,Second Class,Late delivery
Reims,Caguas,Francia,Puerto Rico,3,250.3500061,250.3500061,Second Class,Late delivery
Halle,Caguas,Alemania,Puerto Rico,6,443.0,443.0,Second Class,Late delivery
Bremerhaven,Caguas,Alemania,Puerto Rico,3,245.2899933,245.2899933,Second Class,Late delivery
Portici,Caguas,Italia,Puerto Rico,6,433.9599915,433.9599915,Second Class,Late delivery
Bielefeld,Caguas,Alemania,Puerto Rico,6,240.2400055,240.2400055,Second Class,Late delivery
London,Caguas,Reino Unido,Puerto Rico,5,1417.5,1417.5,Second Class,Late delivery
Drancy,Caguas,Francia,Puerto Rico,2,427.1799927,427.1799927,Second Class,Shipping on time
Duisburg,Caguas,Alemania,Puerto Rico,3,427.1799927,427.1799927,Second Class,Late delivery
Bradford,Caguas,Reino Unido,Puerto Rico,5,1395.0,1395.0,Second Class,Late delivery
Agrigento,Caguas,Italia,Puerto Rico,4,420.3999939,420.3999939,Second Class,Late delivery
Oldham,Caguas,Reino Unido,Puerto Rico,2,230.1199951,230.1199951,Second Class,Shipping on time
Palermo,Caguas,Italia,Puerto Rico,4,411.3599854,411.3599854,Second Class,Late delivery
Madrid,Caguas,España,Puerto Rico,4,230.1199951,230.1199951,Second Class,Late delivery
Nancy,Caguas,Francia,Puerto Rico,5,1365.0,1365.0,Second Class,Late delivery
Girona,Caguas,España,Puerto Rico,2,406.8399963,406.8399963,Second Class,Shipping on time
Laon,Caguas,Francia,Puerto Rico,6,227.5899963,227.5899963,Second Class,Late delivery
Hartlepool,Caguas,Reino Unido,Puerto Rico,4,384.230011,384.230011,Second Class,Late delivery
Pontault-Combault,Caguas,Francia,Puerto Rico,3,214.9499969,214.9499969,Second Class,Late delivery
La Rochelle,Caguas,Francia,Puerto Rico,3,379.7099915,379.7099915,Second Class,Late delivery
Edinburgh,Caguas,Reino Unido,Puerto Rico,6,209.8899994,209.8899994,Second Class,Late delivery
Acerra,Caguas,Italia,Puerto Rico,5,209.8899994,209.8899994,Second Class,Late delivery
Hanover,Caguas,Alemania,Puerto Rico,5,209.8899994,209.8899994,Second Class,Late delivery
Manchester,Caguas,Reino Unido,Puerto Rico,4,370.6700134,370.6700134,Second Class,Late delivery
Messina,Caguas,Italia,Puerto Rico,3,370.6700134,370.6700134,Second Class,Late delivery
Wilhelmshaven,Caguas,Alemania,Puerto Rico,6,207.3600006,207.3600006,Second Class,Late delivery
Letchworth,Caguas,Reino Unido,Puerto Rico,5,1200.0,1200.0,Second Class,Late delivery
Kilwinning,Caguas,Reino Unido,Puerto Rico,2,339.0299988,339.0299988,Second Class,Shipping on time
Villeneuve-le-Roi,Caguas,Francia,Puerto Rico,5,989.9899902,989.9899902,Second Class,Late delivery
Barakaldo,Caguas,España,Puerto Rico,5,78.38999939,78.38999939,Second Class,Late delivery
Estocolmo,Caguas,Suecia,Puerto Rico,6,52.18999863,52.18999863,Second Class,Late delivery
Aylesbury,Caguas,Reino Unido,Puerto Rico,4,43.18999863,43.18999863,Second Class,Late delivery
Langenhagen,Caguas,Alemania,Puerto Rico,5,95.98999786,95.98999786,Second Class,Late delivery
Birmingham,Caguas,Reino Unido,Puerto Rico,4,94.98999786,94.98999786,Second Class,Late delivery
Amsterdam,Caguas,Países Bajos,Puerto Rico,4,41.84000015,41.84000015,Second Class,Late delivery
Viena,Caguas,Austria,Puerto Rico,5,89.98999786,89.98999786,Second Class,Late delivery
Viena,Caguas,Austria,Puerto Rico,5,87.98999786,87.98999786,Second Class,Late delivery
Houston,Freeport,Estados Unidos,EE. UU.,5,128.2200012,128.2200012,Standard Class,Shipping canceled
Gilbert,Fort Washington,Estados Unidos,EE. UU.,5,278.9700012,278.9700012,Standard Class,Shipping canceled
San Jose,Bakersfield,Estados Unidos,EE. UU.,6,272.9700012,272.9700012,Standard Class,Shipping canceled
Gilbert,Fort Washington,Estados Unidos,EE. UU.,5,272.9700012,272.9700012,Standard Class,Shipping canceled
Fresno,Corona,Estados Unidos,EE. UU.,2,170.9700012,170.9700012,Standard Class,Shipping canceled
Peoria,Cincinnati,Estados Unidos,EE. UU.,3,167.3699951,167.3699951,Standard Class,Shipping canceled
Cincinnati,Germantown,Estados Unidos,EE. UU.,3,158.3699951,158.3699951,Standard Class,Shipping canceled
Columbus,Carrollton,Estados Unidos,EE. UU.,2,118.7699966,118.7699966,Standard Class,Shipping canceled
Cincinnati,Germantown,Estados Unidos,EE. UU.,3,73.5,73.5,Standard Class,Shipping canceled
Ottawa,Houston,Canada,EE. UU.,6,132.0,132.0,Standard Class,Shipping canceled
Houston,Freeport,Estados Unidos,EE. UU.,5,132.0,132.0,Standard Class,Shipping canceled
Ottawa,Houston,Canada,EE. UU.,6,130.5,130.5,Standard Class,Shipping canceled
Kitchener,Carlisle,Canada,EE. UU.,4,99.58000183,99.58000183,Standard Class,Shipping canceled
Philadelphia,Los Angeles,Estados Unidos,EE. UU.,2,99.58000183,99.58000183,Standard Class,Shipping canceled
Des Plaines,Ewa Beach,Estados Unidos,EE. UU.,4,74.22000122,74.22000122,Standard Class,Shipping canceled
Elmhurst,Lakewood,Estados Unidos,EE. UU.,6,40.29000092,40.29000092,Standard Class,Shipping canceled
Antananarivo,Rome,Madagascar,EE. UU.,2,227.9600067,227.9600067,Standard Class,Shipping canceled
Algiers,Vista,Argelia,EE. UU.,6,203.9700012,203.9700012,Standard Class,Shipping canceled
Monrovia,Fort Worth,Liberia,EE. UU.,4,200.0,200.0,Standard Class,Shipping canceled
Monrovia,Fort Worth,Liberia,EE. UU.,4,156.7599945,156.7599945,Standard Class,Shipping canceled
Jartum,Fond Du Lac,Sudán,EE. UU.,5,189.0,189.0,Standard Class,Shipping canceled
Gagnoa,Philadelphia,Costa de Marfil,EE. UU.,2,79.97000122,79.97000122,Standard Class,Shipping canceled
Livingstone,Ontario,Zambia,EE. UU.,2,363.9599915,363.9599915,Standard Class,Advance shipping
Fes,Oviedo,Marruecos,EE. UU.,4,239.9600067,239.9600067,Standard Class,Shipping on time
Cairo,Buffalo,Egipto,EE. UU.,5,230.3600006,230.3600006,Standard Class,Late delivery
Dakar,Honolulu,Senegal,EE. UU.,5,227.9600067,227.9600067,Standard Class,Late delivery
Hurghada,Oceanside,Egipto,EE. UU.,2,226.7599945,226.7599945,Standard Class,Advance shipping
Kenitra,North Tonawanda,Marruecos,EE. UU.,5,208.7700043,208.7700043,Standard Class,Late delivery
Abidjan,Clovis,Costa de Marfil,EE. UU.,6,200.0,200.0,Standard Class,Late delivery
Hurghada,Jamaica,Egipto,EE. UU.,5,198.0,198.0,Standard Class,Late delivery
Niamey,Granite City,Níger,EE. UU.,4,155.1600037,155.1600037,Standard Class,Shipping on time
Sale,Medford,Marruecos,EE. UU.,5,151.1600037,151.1600037,Standard Class,Late delivery
Pretoria,Pomona,SudAfrica,EE. UU.,3,111.5999985,111.5999985,Standard Class,Advance shipping
Marrakech,Tempe,Marruecos,EE. UU.,4,170.0,170.0,Standard Class,Shipping on time
Bur Sudan,Santa Ana,Sudán,EE. UU.,2,160.0,160.0,Standard Class,Advance shipping
Lagos,York,Nigeria,EE. UU.,5,150.0,150.0,Standard Class,Late delivery
Lagos,Aurora,Nigeria,EE. UU.,4,94.45999908,94.45999908,Standard Class,Shipping on time
Quelimane,Simi Valley,Mozambique,EE. UU.,5,395.9599915,395.9599915,Standard Class,Late delivery
Port Elizabeth,Silver Spring,SudAfrica,EE. UU.,5,391.9599915,391.9599915,Standard Class,Late delivery
Shinyanga,Saint Paul,Tanzania,EE. UU.,3,379.9599915,379.9599915,Standard Class,Advance shipping
Kismaayo,San Antonio,Somalia,EE. UU.,3,363.9599915,363.9599915,Standard Class,Advance shipping
Butare,Philadelphia,Ruanda,EE. UU.,5,359.9599915,359.9599915,Standard Class,Late delivery
Butare,Philadelphia,Ruanda,EE. UU.,5,351.9599915,351.9599915,Standard Class,Late delivery
Cairo,Philadelphia,Egipto,EE. UU.,2,351.9599915,351.9599915,Standard Class,Advance shipping
Newcastle,Bronx,SudAfrica,EE. UU.,4,339.9700012,339.9700012,Standard Class,Shipping on time
Estambul,Greenville,Turquía,EE. UU.,2,124.7900009,124.7900009,Standard Class,Advance shipping
Jerusalén,Morristown,Israel,EE. UU.,2,124.7900009,124.7900009,Standard Class,Advance shipping
Gold Coast,San Diego,Australia,EE. UU.,4,56.99000168,56.99000168,Standard Class,Shipping on time
Newcastle,Oxnard,Australia,EE. UU.,3,123.4899979,123.4899979,Standard Class,Advance shipping
Porirua,Miami,Nueva Zelanda,EE. UU.,2,123.4899979,123.4899979,Standard Class,Advance shipping
Mildura,Albuquerque,Australia,EE. UU.,5,123.4899979,123.4899979,Standard Class,Late delivery
Brisbane,Amarillo,Australia,EE. UU.,6,205.0299988,205.0299988,Standard Class,Late delivery
Daca,Lutz,Bangladés,EE. UU.,4,123.4899979,123.4899979,Standard Class,Shipping on time
Kanpur,Bend,India,EE. UU.,2,123.4899979,123.4899979,Standard Class,Advance shipping
Bangkok,East Brunswick,Tailandia,EE. UU.,5,123.4899979,123.4899979,Standard Class,Late delivery
Bangkok,Lancaster,Tailandia,EE. UU.,6,123.4899979,123.4899979,Standard Class,Late delivery
Bagdad,Ontario,Irak,EE. UU.,4,56.99000168,56.99000168,Standard Class,Shipping on time
Jerusalén,Morristown,Israel,EE. UU.,2,123.4899979,123.4899979,Standard Class,Advance shipping
Adana,Houston,Turquía,EE. UU.,4,123.4899979,123.4899979,Standard Class,Shipping on time
Riyadh,Hampton,Arabia Saudí,EE. UU.,4,123.4899979,123.4899979,Standard Class,Shipping on time
Shenzhen,New York,China,EE. UU.,2,436.1000061,436.1000061,Standard Class,Advance shipping
Tianjin,Porterville,China,EE. UU.,4,122.8399963,122.8399963,Standard Class,Shipping on time
Perth,Portland,Australia,EE. UU.,3,56.68999863,56.68999863,Standard Class,Advance shipping
Dunedin,Strongsville,Nueva Zelanda,EE. UU.,2,122.8399963,122.8399963,Standard Class,Advance shipping
Melbourne,El Paso,Australia,EE. UU.,4,122.8399963,122.8399963,Standard Class,Shipping on time
Ulhasnagar,Del Rio,India,EE. UU.,5,122.8399963,122.8399963,Standard Class,Late delivery
Manila,Buffalo,Filipinas,EE. UU.,6,122.8399963,122.8399963,Standard Class,Late delivery
Adana,Houston,Turquía,EE. UU.,4,122.8399963,122.8399963,Standard Class,Shipping on time
Mersin,Bountiful,Turquía,EE. UU.,4,122.8399963,122.8399963,Standard Class,Shipping on time
Riyadh,Hampton,Arabia Saudí,EE. UU.,4,122.8399963,122.8399963,Standard Class,Shipping on time
Temirtau,Kent,Kazajistán,EE. UU.,5,120.8899994,120.8899994,Standard Class,Late delivery
Tengzhou,Chicago,China,EE. UU.,3,120.8899994,120.8899994,Standard Class,Advance shipping
Nantong,Plymouth,China,EE. UU.,3,120.8899994,120.8899994,Standard Class,Advance shipping
Dalian,Far Rockaway,China,EE. UU.,4,120.8899994,120.8899994,Standard Class,Shipping on time
Lianyuan,Houston,China,EE. UU.,4,200.7100067,200.7100067,Standard Class,Shipping on time
Caloundra,Philadelphia,Australia,EE. UU.,6,55.79000092,55.79000092,Standard Class,Late delivery
Melbourne,Simi Valley,Australia,EE. UU.,3,120.8899994,120.8899994,Standard Class,Advance shipping
Bendigo,Detroit,Australia,EE. UU.,4,120.8899994,120.8899994,Standard Class,Shipping on time
Adelaide,Garden Grove,Australia,EE. UU.,2,200.7100067,200.7100067,Standard Class,Advance shipping
Ajmer,San Diego,India,EE. UU.,4,120.8899994,120.8899994,Standard Class,Shipping on time
Kerman,Chicago,Irán,EE. UU.,5,120.8899994,120.8899994,Standard Class,Late delivery
Vadodara,Placentia,India,EE. UU.,5,200.7100067,200.7100067,Standard Class,Late delivery
Semarang,San Jose,Indonesia,EE. UU.,4,429.1799927,429.1799927,Standard Class,Shipping on time
Cirebon,Honolulu,Indonesia,EE. UU.,2,120.8899994,120.8899994,Standard Class,Advance shipping
Rangún,Mentor,Myanmar (Birmania),EE. UU.,3,200.7100067,200.7100067,Standard Class,Advance shipping
Kütahya,Santa Clara,Turquía,EE. UU.,4,120.8899994,120.8899994,Standard Class,Shipping on time
Bagdad,Union,Irak,EE. UU.,5,120.8899994,120.8899994,Standard Class,Late delivery
Namangán,Long Beach,Uzbekistán,EE. UU.,2,118.2900009,118.2900009,Standard Class,Advance shipping
Xinzhou,Westminster,China,EE. UU.,2,54.59000015,54.59000015,Standard Class,Advance shipping
Mudanjiang,Pompano Beach,China,EE. UU.,4,191.8699951,191.8699951,Standard Class,Shipping on time
Lokossa,Azusa,Benín,EE. UU.,4,225.0,225.0,Standard Class,Shipping on time
Ikot Ekpene,Fort Lauderdale,Nigeria,EE. UU.,2,220.0,220.0,Standard Class,Advance shipping
Warri,San Antonio,Nigeria,EE. UU.,3,173.9600067,173.9600067,Standard Class,Advance shipping
Bandundu,Princeton,República Democrática del Congo,EE. UU.,4,169.9600067,169.9600067,Standard Class,Shipping on time
Lagos,Perth Amboy,Nigeria,EE. UU.,6,210.0,210.0,Standard Class,Late delivery
Foumban,Miami,Camerún,EE. UU.,4,207.5,207.5,Standard Class,Shipping on time
Luanda,Loveland,Angola,EE. UU.,5,207.5,207.5,Standard Class,Late delivery
Maiduguri,Virginia Beach,Nigeria,EE. UU.,3,207.5,207.5,Standard Class,Advance shipping
Nairobi,Louisville,Kenia,EE. UU.,3,205.0,205.0,Standard Class,Advance shipping
Kitwe,Lockport,Zambia,EE. UU.,6,205.0,205.0,Standard Class,Late delivery
Lagos,Chicago,Nigeria,EE. UU.,5,205.0,205.0,Standard Class,Late delivery
Nkongsamba,Staten Island,Camerún,EE. UU.,4,200.0,200.0,Standard Class,Shipping on time
Mbuji-mayi,Tucson,República Democrática del Congo,EE. UU.,6,149.9600067,149.9600067,Standard Class,Late delivery
Lome,Plymouth,Togo,EE. UU.,5,187.5,187.5,Standard Class,Late delivery
Pretoria,Cleveland,SudAfrica,EE. UU.,6,124.9499969,124.9499969,Standard Class,Late delivery
Dakar,Bronx,Senegal,EE. UU.,5,118.6999969,118.6999969,Standard Class,Late delivery
Mahajanga,Webster,Madagascar,EE. UU.,2,118.0800018,118.0800018,Standard Class,Advance shipping
Lome,Stockton,Togo,EE. UU.,5,74.34999847,74.34999847,Standard Class,Late delivery
Kano,Amarillo,Nigeria,EE. UU.,5,67.16000366,67.16000366,Standard Class,Late delivery
Annaba,Martinsburg,Argelia,EE. UU.,3,131.1600037,131.1600037,Standard Class,Advance shipping
Casablanca,Cumberland,Marruecos,EE. UU.,2,119.9599991,119.9599991,Standard Class,Advance shipping
Cotonou,Pekin,Benín,EE. UU.,3,186.7100067,186.7100067,Standard Class,Advance shipping
Jartum,Tallahassee,Sudán,EE. UU.,2,474.9500122,474.9500122,Standard Class,Advance shipping
Dar es Salaam,Jacksonville,Tanzania,EE. UU.,2,299.9500122,299.9500122,Standard Class,Advance shipping
Cairo,Woonsocket,Egipto,EE. UU.,2,165.9600067,165.9600067,Standard Class,Advance shipping
Cape Town,Stockton,SudAfrica,EE. UU.,6,200.0,200.0,Standard Class,Late delivery
Cape Town,Lithonia,SudAfrica,EE. UU.,6,196.7599945,196.7599945,Standard Class,Late delivery
Montpellier,Oak Lawn,Francia,EE. UU.,6,284.9500122,284.9500122,Standard Class,Late delivery
Khmelnytskyi,Detroit,Ucrania,EE. UU.,6,174.9499969,174.9499969,Standard Class,Late delivery
Vannes,Alhambra,Francia,EE. UU.,3,494.9500122,494.9500122,Standard Class,Advance shipping
Fuenlabrada,New Haven,España,EE. UU.,3,137.1499939,137.1499939,Standard Class,Advance shipping
Villemomble,North Tonawanda,Francia,EE. UU.,6,489.9500122,489.9500122,Standard Class,Late delivery
Montpellier,Phoenix,Francia,EE. UU.,2,484.9500122,484.9500122,Standard Class,Advance shipping
Gien,Kenner,Francia,EE. UU.,4,484.9500122,484.9500122,Standard Class,Shipping on time
Neuilly-sur-Seine,Washington,Francia,EE. UU.,2,484.9500122,484.9500122,Standard Class,Advance shipping
Viersen,Holland,Alemania,EE. UU.,5,155.1499939,155.1499939,Standard Class,Late delivery
Verona,Morrisville,Italia,EE. UU.,6,479.9500122,479.9500122,Standard Class,Late delivery
Fano,Memphis,Italia,EE. UU.,4,479.9500122,479.9500122,Standard Class,Shipping on time
Gdynia,Federal Way,Polonia,EE. UU.,3,474.9500122,474.9500122,Standard Class,Advance shipping
Talavera de la Reina,San Diego,España,EE. UU.,6,474.9500122,474.9500122,Standard Class,Late delivery
Montreuil,Chicago,Francia,EE. UU.,2,474.9500122,474.9500122,Standard Class,Advance shipping
Marseille,Los Angeles,Francia,EE. UU.,5,166.1999969,166.1999969,Standard Class,Late delivery
Lisbon,Bronx,Portugal,EE. UU.,6,165.3300018,165.3300018,Standard Class,Late delivery
Wolverhampton,Long Beach,Reino Unido,EE. UU.,5,464.9500122,464.9500122,Standard Class,Late delivery
Satu Mare,Chicago,Rumania,EE. UU.,6,454.9500122,454.9500122,Standard Class,Late delivery
Guadalajara,West Covina,México,EE. UU.,3,101.9800034,101.9800034,Standard Class,Advance shipping
Cúcuta,Ventura,Colombia,EE. UU.,6,101.9800034,101.9800034,Standard Class,Late delivery
Zacatecas,Washington,México,EE. UU.,2,99.58000183,99.58000183,Standard Class,Advance shipping
Chihuahua,Valrico,México,EE. UU.,4,99.58000183,99.58000183,Standard Class,Shipping on time
Brasília,Kaneohe,Brasil,EE. UU.,6,99.58000183,99.58000183,Standard Class,Late delivery
Santarém,Ventura,Brasil,EE. UU.,3,100.0,100.0,Standard Class,Advance shipping
Joinville,Brooklyn,Brasil,EE. UU.,2,100.0,100.0,Standard Class,Advance shipping
Monterrey,Oceanside,México,EE. UU.,4,99.0,99.0,Standard Class,Shipping on time
Pitalito,Fort Worth,Colombia,EE. UU.,2,79.18000031,79.18000031,Standard Class,Advance shipping
Puebla,Plymouth,México,EE. UU.,4,97.0,97.0,Standard Class,Shipping on time
Santo Domingo,Brooklyn,República Dominicana,EE. UU.,3,96.0,96.0,Standard Class,Advance shipping
Querétaro,Cleveland,México,EE. UU.,4,76.77999878,76.77999878,Standard Class,Shipping on time
Chaguanas,Philadelphia,Trinidad y Tobago,EE. UU.,5,75.98000336,75.98000336,Standard Class,Late delivery
Chimaltenango,Lodi,Guatemala,EE. UU.,6,75.98000336,75.98000336,Standard Class,Late delivery
Belo Horizonte,Bakersfield,Brasil,EE. UU.,6,95.0,95.0,Standard Class,Late delivery
Tlaquepaque,Philadelphia,México,EE. UU.,5,132.3000031,132.3000031,Standard Class,Late delivery
San Miguelito,Long Beach,Panamá,EE. UU.,5,46.5,46.5,Standard Class,Late delivery
Hermosillo,San Jose,México,EE. UU.,3,93.0,93.0,Standard Class,Advance shipping
Coacalco,Murfreesboro,México,EE. UU.,3,93.0,93.0,Standard Class,Advance shipping
Balneário Camboriú,Carlsbad,Brasil,EE. UU.,5,72.77999878,72.77999878,Standard Class,Late delivery
Tegucigalpa,Hamilton,Honduras,EE. UU.,3,71.98000336,71.98000336,Standard Class,Advance shipping
Petapa,Houston,Guatemala,EE. UU.,4,71.98000336,71.98000336,Standard Class,Shipping on time
La Ceiba,New York,Honduras,EE. UU.,4,90.0,90.0,Standard Class,Shipping on time
Maturín,Hayward,Venezuela,EE. UU.,3,71.98000336,71.98000336,Standard Class,Advance shipping
Parintins,Bridgeton,Brasil,EE. UU.,4,90.0,90.0,Standard Class,Shipping on time
São Paulo,Martinsburg,Brasil,EE. UU.,5,90.0,90.0,Standard Class,Late delivery
Santiago de Cuba,Bay Shore,Cuba,EE. UU.,3,70.37999725,70.37999725,Standard Class,Advance shipping
Puebla,Palatine,México,EE. UU.,2,88.0,88.0,Standard Class,Advance shipping
Mixco,Smyrna,Guatemala,EE. UU.,3,87.0,87.0,Standard Class,Advance shipping
Huehuetenango,Van Nuys,Guatemala,EE. UU.,2,85.0,85.0,Standard Class,Advance shipping
Chinautla,Opa Locka,Guatemala,EE. UU.,4,66.37999725,66.37999725,Standard Class,Shipping on time
Apopa,Los Angeles,El Salvador,EE. UU.,2,65.58000183,65.58000183,Standard Class,Advance shipping
Sorocaba,Saint Paul,Brasil,EE. UU.,2,65.58000183,65.58000183,Standard Class,Advance shipping
San Justo,Edison,Argentina,EE. UU.,6,65.58000183,65.58000183,Standard Class,Late delivery
Colombo,Baytown,Brasil,EE. UU.,5,82.0,82.0,Standard Class,Late delivery
Apopa,Los Angeles,El Salvador,EE. UU.,2,80.0,80.0,Standard Class,Advance shipping
Itu,Sylmar,Brasil,EE. UU.,4,80.0,80.0,Standard Class,Shipping on time
Puebla,Palatine,México,EE. UU.,2,59.99000168,59.99000168,Standard Class,Advance shipping
Cuernavaca,Bend,México,EE. UU.,5,59.99000168,59.99000168,Standard Class,Late delivery
Villa Nueva,Baytown,Guatemala,EE. UU.,2,75.0,75.0,Standard Class,Advance shipping
Chimaltenango,Lodi,Guatemala,EE. UU.,6,63.34000015,63.34000015,Standard Class,Late delivery
Águas Lindas de Goiás,Opa Locka,Brasil,EE. UU.,3,47.22999954,47.22999954,Standard Class,Advance shipping
Vespasiano,Burnsville,Brasil,EE. UU.,5,35.97999954,35.97999954,Standard Class,Late delivery
Bogotá,Huntington Station,Colombia,EE. UU.,6,84.45999908,84.45999908,Standard Class,Late delivery
Bhilai,Caguas,India,Puerto Rico,3,262.2000122,262.2000122,Standard Class,Advance shipping
Qingdao,Sunnyvale,China,EE. UU.,2,245.8099976,245.8099976,Standard Class,Advance shipping
Qingdao,Sugar Land,China,EE. UU.,6,327.75,327.75,Second Class,Late delivery
Herat,Caguas,Afganistán,Puerto Rico,5,324.4700012,324.4700012,Standard Class,Late delivery
Herat,Brighton,Afganistán,EE. UU.,4,321.2000122,321.2000122,Standard Class,Shipping on time
Herat,Caguas,Afganistán,Puerto Rico,3,317.9200134,317.9200134,Standard Class,Advance shipping
Sydney,Garden Grove,Australia,EE. UU.,2,314.6400146,314.6400146,Standard Class,Shipping canceled
Bandung,Caguas,Indonesia,Puerto Rico,6,311.3599854,311.3599854,Second Class,Late delivery
Newcastle,Bismarck,Australia,EE. UU.,5,309.7200012,309.7200012,Standard Class,Late delivery
Tongchuan,Caguas,China,Puerto Rico,2,304.8099976,304.8099976,First Class,Late delivery
Tongchuan,Gaithersburg,China,EE. UU.,3,298.25,298.25,Standard Class,Advance shipping
Tongchuan,Caguas,China,Puerto Rico,2,294.980011,294.980011,Standard Class,Advance shipping
Tongchuan,Bismarck,China,EE. UU.,6,288.4200134,288.4200134,Standard Class,Late delivery
Ujjain,Honolulu,India,EE. UU.,5,285.1400146,285.1400146,Standard Class,Late delivery
Ujjain,Lilburn,India,EE. UU.,4,278.5899963,278.5899963,Standard Class,Shipping on time
Balikpapan,Caguas,Indonesia,Puerto Rico,3,275.3099976,275.3099976,Standard Class,Advance shipping
Balikpapan,Virginia Beach,Indonesia,EE. UU.,2,272.0299988,272.0299988,Standard Class,Advance shipping
Balikpapan,Azusa,Indonesia,EE. UU.,6,268.7600098,268.7600098,Second Class,Late delivery
Balikpapan,Long Beach,Indonesia,EE. UU.,5,262.2000122,262.2000122,Standard Class,Late delivery
Pune,Bronx,India,EE. UU.,4,245.8099976,245.8099976,Standard Class,Shipping on time
Pune,Caguas,India,Puerto Rico,3,327.75,327.75,Standard Class,Advance shipping
Pune,Provo,India,EE. UU.,2,324.4700012,324.4700012,First Class,Late delivery
Pune,Columbia,India,EE. UU.,2,321.2000122,321.2000122,First Class,Late delivery
Pune,Caguas,India,Puerto Rico,2,317.9200134,317.9200134,First Class,Late delivery
Weifang,Stockton,China,EE. UU.,2,314.6400146,314.6400146,First Class,Late delivery
Yogyakarta,Marietta,Indonesia,EE. UU.,0,311.3599854,311.3599854,Same Day,Shipping on time
Yogyakarta,Caguas,Indonesia,Puerto Rico,0,309.7200012,309.7200012,Same Day,Shipping on time
Toowoomba,Holland,Australia,EE. UU.,0,304.8099976,304.8099976,Same Day,Shipping on time
Toowoomba,Rio Grande,Australia,Puerto Rico,5,298.25,298.25,Standard Class,Late delivery
Toowoomba,Brooklyn,Australia,EE. UU.,4,294.980011,294.980011,Standard Class,Shipping on time
Rockhampton,Caguas,Australia,Puerto Rico,3,288.4200134,288.4200134,Standard Class,Advance shipping
Rockhampton,Denver,Australia,EE. UU.,2,285.1400146,285.1400146,Standard Class,Advance shipping
Rockhampton,Taylor,Australia,EE. UU.,6,278.5899963,278.5899963,Standard Class,Late delivery
Siping,Caguas,China,Puerto Rico,5,275.3099976,275.3099976,Standard Class,Shipping canceled
Perth,Chicago,Australia,EE. UU.,4,272.0299988,272.0299988,Second Class,Late delivery
Perth,Caguas,Australia,Puerto Rico,3,268.7600098,268.7600098,Standard Class,Advance shipping
Shanghái,Detroit,China,EE. UU.,2,262.2000122,262.2000122,Second Class,Shipping on time
Depok,Caguas,Indonesia,Puerto Rico,2,245.8099976,245.8099976,First Class,Late delivery
Depok,Murfreesboro,Indonesia,EE. UU.,5,327.75,327.75,Second Class,Late delivery
Kawasaki,Caguas,Japón,Puerto Rico,4,324.4700012,324.4700012,Second Class,Late delivery
Lahore,Cleveland,Pakistán,EE. UU.,3,321.2000122,321.2000122,Standard Class,Advance shipping
Shanghái,Caguas,China,Puerto Rico,2,317.9200134,317.9200134,Standard Class,Advance shipping
Bangalore,Lockport,India,EE. UU.,6,314.6400146,314.6400146,Standard Class,Late delivery
Bangalore,Caguas,India,Puerto Rico,5,311.3599854,311.3599854,Standard Class,Late delivery
Bangalore,Saint Charles,India,EE. UU.,4,309.7200012,309.7200012,Second Class,Late delivery
Bangalore,Los Angeles,India,EE. UU.,3,304.8099976,304.8099976,Second Class,Shipping canceled
Bangalore,Cupertino,India,EE. UU.,2,298.25,298.25,Standard Class,Advance shipping
Malang,Caguas,Indonesia,Puerto Rico,6,294.980011,294.980011,Standard Class,Late delivery
Ho Chi Minh City,Springfield,Vietnam,EE. UU.,5,288.4200134,288.4200134,Standard Class,Late delivery
Ho Chi Minh City,Caguas,Vietnam,Puerto Rico,4,285.1400146,285.1400146,Second Class,Late delivery
Ho Chi Minh City,Mission Viejo,Vietnam,EE. UU.,3,278.5899963,278.5899963,Standard Class,Advance shipping
Ho Chi Minh City,Los Angeles,Vietnam,EE. UU.,2,275.3099976,275.3099976,Standard Class,Advance shipping
Shenyang,Caguas,China,Puerto Rico,6,272.0299988,272.0299988,Second Class,Late delivery
Shenyang,Roswell,China,EE. UU.,5,268.7600098,268.7600098,Second Class,Late delivery
Daegu,Caguas,Corea del Sur,Puerto Rico,2,262.2000122,262.2000122,First Class,Late delivery
Manila,Ypsilanti,Filipinas,EE. UU.,2,245.8099976,245.8099976,First Class,Late delivery
Manila,Brooklyn,Filipinas,EE. UU.,2,327.75,327.75,Second Class,Shipping on time
Rajkot,Caguas,India,Puerto Rico,6,324.4700012,324.4700012,Second Class,Late delivery
Rajkot,Peoria,India,EE. UU.,5,321.2000122,321.2000122,Second Class,Late delivery
Rajkot,Caguas,India,Puerto Rico,2,317.9200134,317.9200134,First Class,Late delivery
Rajkot,Garden Grove,India,EE. UU.,2,314.6400146,314.6400146,First Class,Late delivery
Gorakhpur,Caguas,India,Puerto Rico,2,311.3599854,311.3599854,First Class,Late delivery
Surabaya,Clementon,Indonesia,EE. UU.,6,309.7200012,309.7200012,Standard Class,Late delivery
Surabaya,Memphis,Indonesia,EE. UU.,5,304.8099976,304.8099976,Standard Class,Late delivery
Surabaya,Antioch,Indonesia,EE. UU.,4,298.25,298.25,Standard Class,Shipping on time
Brisbane,Caguas,Australia,Puerto Rico,3,294.980011,294.980011,Standard Class,Advance shipping
Bangkok,Salt Lake City,Tailandia,EE. UU.,2,288.4200134,288.4200134,Standard Class,Advance shipping
Bangkok,Caguas,Tailandia,Puerto Rico,6,285.1400146,285.1400146,Standard Class,Late delivery
Daca,Bakersfield,Bangladés,EE. UU.,5,278.5899963,278.5899963,Standard Class,Late delivery
Daca,Caguas,Bangladés,Puerto Rico,4,275.3099976,275.3099976,Standard Class,Shipping on time
Nagpur,Granada Hills,India,EE. UU.,3,272.0299988,272.0299988,Standard Class,Advance shipping
Nagpur,Caguas,India,Puerto Rico,2,268.7600098,268.7600098,Standard Class,Advance shipping
Bangkok,Tallahassee,Tailandia,EE. UU.,6,262.2000122,262.2000122,Standard Class,Late delivery
Nakhon Ratchasima,Caguas,Tailandia,Puerto Rico,5,245.8099976,245.8099976,Standard Class,Late delivery
Sydney,Hempstead,Australia,EE. UU.,4,327.75,327.75,Standard Class,Shipping on time
Sydney,Caguas,Australia,Puerto Rico,3,324.4700012,324.4700012,Standard Class,Advance shipping
Kota Kinabalu,Astoria,Malasia,EE. UU.,2,321.2000122,321.2000122,Standard Class,Advance shipping
Jiutai,Gilroy,China,EE. UU.,6,317.9200134,317.9200134,Standard Class,Late delivery
Jiutai,Caguas,China,Puerto Rico,5,314.6400146,314.6400146,Standard Class,Late delivery
Singapur,Azusa,Singapur,EE. UU.,4,311.3599854,311.3599854,Second Class,Late delivery
Brisbane,Caguas,Australia,Puerto Rico,3,309.7200012,309.7200012,Second Class,Late delivery
Shantou,Lenoir,China,EE. UU.,2,304.8099976,304.8099976,First Class,Late delivery
Shantou,Columbus,China,EE. UU.,6,298.25,298.25,Second Class,Late delivery
Shantou,Albany,China,EE. UU.,5,294.980011,294.980011,Second Class,Late delivery
Shantou,Humacao,China,Puerto Rico,4,288.4200134,288.4200134,Second Class,Late delivery
Shantou,Caguas,China,Puerto Rico,1,285.1400146,285.1400146,Same Day,Late delivery
Shantou,Lindenhurst,China,EE. UU.,1,278.5899963,278.5899963,Same Day,Late delivery
Cairns,Elyria,Australia,EE. UU.,1,275.3099976,275.3099976,Same Day,Late delivery
Cairns,Caguas,Australia,Puerto Rico,1,272.0299988,272.0299988,Same Day,Late delivery
Brisbane,Riverside,Australia,EE. UU.,1,268.7600098,268.7600098,Same Day,Late delivery
Brisbane,Caguas,Australia,Puerto Rico,1,262.2000122,262.2000122,Same Day,Shipping canceled
Jaipur,Carson,India,EE. UU.,1,245.8099976,245.8099976,Same Day,Late delivery
Jaipur,Mesa,India,EE. UU.,6,327.75,327.75,Standard Class,Late delivery
Ho Chi Minh City,Caguas,Vietnam,Puerto Rico,5,324.4700012,324.4700012,Standard Class,Late delivery
Raipur,Honolulu,India,EE. UU.,4,321.2000122,321.2000122,Standard Class,Shipping on time
Loudi,Caguas,China,Puerto Rico,3,317.9200134,317.9200134,Standard Class,Advance shipping
Petapa,Caguas,Guatemala,Puerto Rico,6,120.0,120.0,Second Class,Late delivery
Tipitapa,Caguas,Nicaragua,Puerto Rico,6,112.5,112.5,Second Class,Late delivery
Tabuk,Caguas,Arabia Saudí,Puerto Rico,2,254.9700012,254.9700012,Second Class,Shipping on time
Manukau City,Caguas,Nueva Zelanda,Puerto Rico,6,113.9700012,113.9700012,Second Class,Late delivery
Estambul,Caguas,Turquía,Puerto Rico,5,254.9700012,254.9700012,Second Class,Late delivery
Yakarta,Caguas,Indonesia,Puerto Rico,3,178.1699982,178.1699982,Second Class,Late delivery
Ulan Bator,Caguas,Mongolia,Puerto Rico,3,172.7700043,172.7700043,Second Class,Late delivery
Tangerang,Caguas,Indonesia,Puerto Rico,2,170.0700073,170.0700073,Second Class,Shipping on time
Shenzhen,Caguas,China,Puerto Rico,2,163.7700043,163.7700043,Second Class,Shipping on time
Brisbane,Caguas,Australia,Puerto Rico,6,152.9700012,152.9700012,Second Class,Late delivery
Tangerang,Caguas,Indonesia,Puerto Rico,2,150.0,150.0,Second Class,Shipping on time
Sydney,Caguas,Australia,Puerto Rico,5,95.98000336,95.98000336,Second Class,Late delivery
Newcastle,Caguas,Australia,Puerto Rico,5,65.30999756,65.30999756,Second Class,Late delivery
Aurangabad,Caguas,India,Puerto Rico,3,35.97999954,35.97999954,Second Class,Late delivery
Seattle,Caguas,Estados Unidos,Puerto Rico,5,156.5700073,156.5700073,Second Class,Late delivery
San Francisco,Caguas,Estados Unidos,Puerto Rico,6,114.7200012,114.7200012,Second Class,Late delivery
Oakland,Caguas,Estados Unidos,Puerto Rico,2,293.9700012,293.9700012,Second Class,Shipping on time
New York City,Caguas,Estados Unidos,Puerto Rico,5,278.9700012,278.9700012,Second Class,Late delivery
New York City,Caguas,Estados Unidos,Puerto Rico,5,152.9700012,152.9700012,Second Class,Late delivery
Overland Park,Caguas,Estados Unidos,Puerto Rico,4,145.5,145.5,Second Class,Late delivery
Monroe,Caguas,Estados Unidos,Puerto Rico,6,139.5,139.5,Second Class,Late delivery
Potchefstroom,Caguas,SudAfrica,Puerto Rico,3,335.9700012,335.9700012,Second Class,Late delivery
Cape Town,Caguas,SudAfrica,Puerto Rico,2,122.8399963,122.8399963,Second Class,Shipping on time
Wiesbaden,Caguas,Alemania,Puerto Rico,6,395.9599915,395.9599915,Second Class,Late delivery
Montpellier,Caguas,Francia,Puerto Rico,2,126.6800003,126.6800003,Second Class,Shipping on time
Munich,Caguas,Alemania,Puerto Rico,2,391.9599915,391.9599915,Second Class,Shipping on time
Portsmouth,Caguas,Reino Unido,Puerto Rico,4,227.9600067,227.9600067,Second Class,Late delivery
Eastbourne,Caguas,Reino Unido,Puerto Rico,3,201.5700073,201.5700073,Second Class,Late delivery
Dortmund,Caguas,Alemania,Puerto Rico,3,201.5700073,201.5700073,Second Class,Late delivery
Bobigny,Caguas,Francia,Puerto Rico,2,200.0,200.0,Second Class,Shipping on time
Lille,Caguas,Francia,Puerto Rico,3,156.7599945,156.7599945,Second Class,Late delivery
Giurgiu,Caguas,Rumania,Puerto Rico,2,190.0,190.0,Second Class,Shipping on time
Portsmouth,Caguas,Reino Unido,Puerto Rico,4,189.0,189.0,Second Class,Late delivery
Tamworth,Caguas,Reino Unido,Puerto Rico,2,186.0,186.0,Second Class,Shipping on time
Lviv,Caguas,Ucrania,Puerto Rico,3,145.5599976,145.5599976,Second Class,Late delivery
London,Caguas,Reino Unido,Puerto Rico,5,180.0,180.0,Second Class,Late delivery
Drancy,Caguas,Francia,Puerto Rico,2,127.9700012,127.9700012,Second Class,Shipping on time
Lviv,Caguas,Ucrania,Puerto Rico,3,84.97000122,84.97000122,Second Class,Late delivery
Villa Nueva,Caguas,Guatemala,Puerto Rico,2,395.9599915,395.9599915,Second Class,Shipping on time
Santo Domingo,Caguas,República Dominicana,Puerto Rico,5,339.9700012,339.9700012,Second Class,Late delivery
Hidalgo,Caguas,México,Puerto Rico,4,335.9700012,335.9700012,Second Class,Late delivery
Irapuato,Caguas,México,Puerto Rico,3,239.9600067,239.9600067,Second Class,Late delivery
Ixtapaluca,Caguas,México,Puerto Rico,4,203.9700012,203.9700012,Second Class,Late delivery
Zapopan,Caguas,México,Puerto Rico,6,201.5700073,201.5700073,Second Class,Late delivery
São Paulo,Caguas,Brasil,Puerto Rico,3,189.0,189.0,Second Class,Late delivery
Irapuato,Caguas,México,Puerto Rico,3,135.9700012,135.9700012,Second Class,Late delivery
Tegucigalpa,Caguas,Honduras,Puerto Rico,2,170.0,170.0,Second Class,Shipping on time
Mauá,Caguas,Brasil,Puerto Rico,4,203.8000031,203.8000031,Second Class,Late delivery
Mudanjiang,Caguas,China,Puerto Rico,5,94.45999908,94.45999908,Second Class,Late delivery
Ulan Bator,Caguas,Mongolia,Puerto Rico,3,227.9600067,227.9600067,Second Class,Late delivery
Manukau City,Caguas,Nueva Zelanda,Puerto Rico,5,215.9600067,215.9600067,Second Class,Late delivery
Qom,Caguas,Irán,Puerto Rico,3,196.7700043,196.7700043,Second Class,Late delivery
Melbourne,Caguas,Australia,Puerto Rico,2,153.5599976,153.5599976,Second Class,Shipping on time
Estambul,Caguas,Turquía,Puerto Rico,5,192.0,192.0,Second Class,Late delivery
Ho Chi Minh City,Caguas,Vietnam,Puerto Rico,5,151.9600067,151.9600067,Second Class,Late delivery
Rangún,Caguas,Myanmar (Birmania),Puerto Rico,3,189.0,189.0,Second Class,Late delivery
Tokio,Caguas,Japón,Puerto Rico,5,131.1699982,131.1699982,Second Class,Late delivery
Bursa,Caguas,Turquía,Puerto Rico,2,164.0,164.0,Second Class,Shipping on time
Perth,Caguas,Australia,Puerto Rico,6,95.95999908,95.95999908,Second Class,Late delivery
Seattle,Caguas,Estados Unidos,Puerto Rico,5,166.0,166.0,Second Class,Late delivery
Denver,Caguas,Estados Unidos,Puerto Rico,3,126.6800003,126.6800003,Second Class,Late delivery
Los Angeles,Caguas,Estados Unidos,Puerto Rico,4,208.7700043,208.7700043,Second Class,Late delivery
Houston,Caguas,Estados Unidos,Puerto Rico,3,191.9700012,191.9700012,Second Class,Late delivery
Philadelphia,Caguas,Estados Unidos,Puerto Rico,6,179.9700012,179.9700012,Second Class,Late delivery
Jacksonville,Caguas,Estados Unidos,Puerto Rico,5,179.9700012,179.9700012,Second Class,Late delivery
Houston,Caguas,Estados Unidos,Puerto Rico,3,179.9700012,179.9700012,Second Class,Late delivery
Monroe,Caguas,Estados Unidos,Puerto Rico,6,145.5599976,145.5599976,Second Class,Late delivery
Monroe,Caguas,Estados Unidos,Puerto Rico,6,170.0,170.0,Second Class,Late delivery
Kinshasa,Caguas,República Democrática del Congo,Puerto Rico,5,434.9599915,434.9599915,Second Class,Late delivery
Casablanca,Caguas,Marruecos,Puerto Rico,5,227.5,227.5,Second Class,Late delivery
Messina,Caguas,Italia,Puerto Rico,5,499.9500122,499.9500122,Second Class,Late delivery
Brindisi,Caguas,Italia,Puerto Rico,2,439.9599915,439.9599915,Second Class,Shipping on time
Hamburgo,Caguas,Alemania,Puerto Rico,5,290.9500122,290.9500122,Second Class,Late delivery
The Hague,Caguas,Países Bajos,Puerto Rico,6,248.9600067,248.9600067,Second Class,Late delivery
Viena,Caguas,Austria,Puerto Rico,6,248.9600067,248.9600067,Second Class,Late delivery
Duisburg,Caguas,Alemania,Puerto Rico,5,245.9600067,245.9600067,Second Class,Late delivery
Brindisi,Caguas,Italia,Puerto Rico,2,195.9499969,195.9499969,Second Class,Shipping on time
Nantes,Caguas,Francia,Puerto Rico,6,227.5,227.5,Second Class,Late delivery
Halifax,Caguas,Reino Unido,Puerto Rico,5,225.0,225.0,Second Class,Late delivery
Tamworth,Caguas,Reino Unido,Puerto Rico,2,225.0,225.0,Second Class,Shipping on time
La Rochelle,Caguas,Francia,Puerto Rico,5,179.9600067,179.9600067,Second Class,Late delivery
Nantes,Caguas,Francia,Puerto Rico,6,225.0,225.0,Second Class,Late delivery
The Hague,Caguas,Países Bajos,Puerto Rico,6,212.5,212.5,Second Class,Late delivery
Ratingen,Caguas,Alemania,Puerto Rico,5,212.5,212.5,Second Class,Late delivery
Bobigny,Caguas,Francia,Puerto Rico,2,290.5,290.5,Second Class,Shipping on time
Wiesbaden,Caguas,Alemania,Puerto Rico,6,205.0,205.0,Second Class,Late delivery
Galati,Caguas,Rumania,Puerto Rico,2,96.94999695,96.94999695,Second Class,Shipping on time
Lázaro Cárdenas,Caguas,México,Puerto Rico,2,240.0,240.0,Second Class,Shipping on time
Irapuato,Caguas,México,Puerto Rico,3,158.3500061,158.3500061,Second Class,Late delivery
Arnhem,Caguas,Países Bajos,Puerto Rico,4,351.9899902,351.9899902,Second Class,Late delivery
Parma,Caguas,Italia,Puerto Rico,2,86.98999786,86.98999786,Second Class,Shipping on time
Vantaa,Caguas,Finlandia,Puerto Rico,6,23.51000023,23.51000023,Second Class,Late delivery
Rome,Caguas,Italia,Puerto Rico,3,461.480011,461.480011,Second Class,Late delivery
Vicenza,Caguas,Italia,Puerto Rico,3,129.9900055,129.9900055,Second Class,Late delivery
Arnhem,Caguas,Países Bajos,Puerto Rico,4,299.9899902,299.9899902,Second Class,Late delivery
Villeneuve-le-Roi,Caguas,Francia,Puerto Rico,5,129.9900055,129.9900055,Second Class,Late delivery
Wattrelos,Caguas,Francia,Puerto Rico,3,129.9900055,129.9900055,Second Class,Late delivery
Duisburg,Caguas,Alemania,Puerto Rico,6,129.9900055,129.9900055,Second Class,Late delivery
Hamburgo,Caguas,Alemania,Puerto Rico,3,129.9900055,129.9900055,Second Class,Late delivery
Yaroslavl,Caguas,Rusia,Puerto Rico,5,59.38999939,59.38999939,Second Class,Late delivery
London,Caguas,Reino Unido,Puerto Rico,3,456.8699951,456.8699951,Second Class,Late delivery
Hastings,Caguas,Reino Unido,Puerto Rico,3,128.6900024,128.6900024,Second Class,Late delivery
Sheffield,Caguas,Reino Unido,Puerto Rico,6,128.6900024,128.6900024,Second Class,Late delivery
Lowestoft,Caguas,Reino Unido,Puerto Rico,5,128.6900024,128.6900024,Second Class,Late delivery
Turku,Caguas,Finlandia,Puerto Rico,2,128.6900024,128.6900024,Second Class,Shipping on time
San Sebastian,Caguas,España,Puerto Rico,3,128.6900024,128.6900024,Second Class,Late delivery
Parma,Caguas,Italia,Puerto Rico,2,128.6900024,128.6900024,Second Class,Shipping on time
Montreuil,Caguas,Francia,Puerto Rico,2,456.8699951,456.8699951,Second Class,Shipping on time
Villeneuve-le-Roi,Caguas,Francia,Puerto Rico,5,128.6900024,128.6900024,Second Class,Late delivery
Wattrelos,Caguas,Francia,Puerto Rico,3,128.6900024,128.6900024,Second Class,Late delivery
Remscheid,San Juan,Alemania,Puerto Rico,4,128.6900024,128.6900024,Second Class,Late delivery
Sterlitamak,Caguas,Rusia,Puerto Rico,5,58.79000092,58.79000092,Second Class,Late delivery
Exeter,Caguas,Reino Unido,Puerto Rico,2,127.3899994,127.3899994,Second Class,Shipping on time
Turku,Caguas,Finlandia,Puerto Rico,2,127.3899994,127.3899994,Second Class,Shipping on time
Nice,Caguas,Francia,Puerto Rico,6,58.79000092,58.79000092,Second Class,Late delivery
Lowestoft,Caguas,Reino Unido,Puerto Rico,6,126.0899963,126.0899963,Second Class,Late delivery
Turku,Caguas,Finlandia,Puerto Rico,2,126.0899963,126.0899963,Second Class,Shipping on time
Parma,Caguas,Italia,Puerto Rico,5,58.18999863,58.18999863,Second Class,Late delivery
Pamiers,Caguas,Francia,Puerto Rico,2,126.0899963,126.0899963,Second Class,Shipping on time
Hamburgo,Caguas,Alemania,Puerto Rico,6,126.0899963,126.0899963,Second Class,Late delivery
Dordrecht,Caguas,Países Bajos,Puerto Rico,5,124.7900009,124.7900009,Second Class,Late delivery
Marseille,Caguas,Francia,Puerto Rico,4,124.7900009,124.7900009,Second Class,Late delivery
Amsterdam,Caguas,Países Bajos,Puerto Rico,4,124.7900009,124.7900009,Second Class,Late delivery
Strasbourg,Caguas,Francia,Puerto Rico,6,124.7900009,124.7900009,Second Class,Late delivery
Hamburgo,Caguas,Alemania,Puerto Rico,6,124.7900009,124.7900009,Second Class,Late delivery
Alphen aan den Rijn,Caguas,Países Bajos,Puerto Rico,5,56.99000168,56.99000168,Second Class,Late delivery
Lublin,Caguas,Polonia,Puerto Rico,4,122.8399963,122.8399963,Second Class,Late delivery
Estocolmo,Caguas,Suecia,Puerto Rico,6,56.68999863,56.68999863,Second Class,Late delivery
Dublín,Caguas,Irlanda,Puerto Rico,4,122.8399963,122.8399963,Second Class,Late delivery
Madrid,Caguas,España,Puerto Rico,3,122.8399963,122.8399963,Second Class,Late delivery
Six-Fours-les-Plages,Caguas,Francia,Puerto Rico,6,122.8399963,122.8399963,Second Class,Late delivery
Rennes,Caguas,Francia,Puerto Rico,6,122.8399963,122.8399963,Second Class,Late delivery
Capannori,Caguas,Italia,Puerto Rico,6,120.8899994,120.8899994,Second Class,Late delivery
Reutlingen,Caguas,Alemania,Puerto Rico,2,120.8899994,120.8899994,Second Class,Shipping on time
Palaiseau,Caguas,Francia,Puerto Rico,6,120.8899994,120.8899994,Second Class,Late delivery
Redditch,Caguas,Reino Unido,Puerto Rico,6,118.2900009,118.2900009,Second Class,Late delivery
Leeds,Caguas,Reino Unido,Puerto Rico,6,118.2900009,118.2900009,Second Class,Late delivery
Plymouth,Caguas,Reino Unido,Puerto Rico,6,118.2900009,118.2900009,Second Class,Late delivery
Estocolmo,Caguas,Suecia,Puerto Rico,6,118.2900009,118.2900009,Second Class,Late delivery
Barcelona,Caguas,España,Puerto Rico,3,118.2900009,118.2900009,Second Class,Late delivery
Castelldefels,Caguas,España,Puerto Rico,5,118.2900009,118.2900009,Second Class,Late delivery
London,Caguas,Reino Unido,Puerto Rico,3,116.9899979,116.9899979,Second Class,Late delivery
Oslo,Vega Baja,Noruega,Puerto Rico,5,116.9899979,116.9899979,Second Class,Late delivery
Birmingham,Caguas,Reino Unido,Puerto Rico,5,116.9899979,116.9899979,Second Class,Late delivery
Amsterdam,Caguas,Países Bajos,Puerto Rico,2,53.99000168,53.99000168,Second Class,Shipping on time
Hautmont,Caguas,Francia,Puerto Rico,4,53.99000168,53.99000168,Second Class,Late delivery
Banska Bystrica,Caguas,Eslovaquia,Puerto Rico,4,114.3899994,114.3899994,Second Class,Late delivery
Nacka,Caguas,Suecia,Puerto Rico,6,114.3899994,114.3899994,Second Class,Late delivery
West Bromwich,Caguas,Reino Unido,Puerto Rico,6,114.3899994,114.3899994,Second Class,Late delivery
Milan,Caguas,Italia,Puerto Rico,2,114.3899994,114.3899994,Second Class,Shipping on time
Rome,Caguas,Italia,Puerto Rico,6,114.3899994,114.3899994,Second Class,Late delivery
Lille,Caguas,Francia,Puerto Rico,3,114.3899994,114.3899994,Second Class,Late delivery
Basingstoke,Caguas,Reino Unido,Puerto Rico,4,113.0899963,113.0899963,Second Class,Late delivery
London,Caguas,Reino Unido,Puerto Rico,5,113.0899963,113.0899963,Second Class,Late delivery
Littlehampton,Caguas,Reino Unido,Puerto Rico,3,113.0899963,113.0899963,Second Class,Late delivery
West Bromwich,Caguas,Reino Unido,Puerto Rico,6,113.0899963,113.0899963,Second Class,Late delivery
London,Caguas,Reino Unido,Puerto Rico,4,113.0899963,113.0899963,Second Class,Late delivery
Seville,Caguas,España,Puerto Rico,3,52.18999863,52.18999863,Second Class,Late delivery
Moncalieri,Caguas,Italia,Puerto Rico,3,113.0899963,113.0899963,Second Class,Late delivery
Reims,Caguas,Francia,Puerto Rico,6,113.0899963,113.0899963,Second Class,Late delivery
Lille,Caguas,Francia,Puerto Rico,3,113.0899963,113.0899963,Second Class,Late delivery
Seraing,Caguas,Bélgica,Puerto Rico,5,113.0899963,113.0899963,Second Class,Late delivery
Kramators'k,Caguas,Ucrania,Puerto Rico,5,50.99000168,50.99000168,Second Class,Late delivery
Basingstoke,Caguas,Reino Unido,Puerto Rico,4,110.4899979,110.4899979,Second Class,Late delivery
London,Caguas,Reino Unido,Puerto Rico,4,110.4899979,110.4899979,Second Class,Late delivery
Moncalieri,Caguas,Italia,Puerto Rico,3,110.4899979,110.4899979,Second Class,Late delivery
Kiel,Caguas,Alemania,Puerto Rico,5,303.5400085,303.5400085,Second Class,Late delivery
Arnhem,Caguas,Países Bajos,Puerto Rico,4,110.4899979,110.4899979,Second Class,Late delivery
Montreuil,Caguas,Francia,Puerto Rico,3,110.4899979,110.4899979,Second Class,Late delivery
Dortmund,Caguas,Alemania,Puerto Rico,5,110.4899979,110.4899979,Second Class,Late delivery
Hautmont,Caguas,Francia,Puerto Rico,4,110.4899979,110.4899979,Second Class,Late delivery
Sunderland,Caguas,Reino Unido,Puerto Rico,5,109.1900024,109.1900024,Second Class,Late delivery
London,Caguas,Reino Unido,Puerto Rico,4,109.1900024,109.1900024,Second Class,Late delivery
Rome,Caguas,Italia,Puerto Rico,3,109.1900024,109.1900024,Second Class,Late delivery
Augsburg,Caguas,Alemania,Puerto Rico,4,50.38999939,50.38999939,Second Class,Late delivery
Cognac,Caguas,Francia,Puerto Rico,6,387.6400146,387.6400146,Second Class,Late delivery
Castrop-Rauxel,Caguas,Alemania,Puerto Rico,2,109.1900024,109.1900024,Second Class,Shipping on time
Hautmont,Caguas,Francia,Puerto Rico,4,109.1900024,109.1900024,Second Class,Late delivery
Bytom,Caguas,Polonia,Puerto Rico,4,107.8899994,107.8899994,Second Class,Late delivery
Durango,Caguas,México,Puerto Rico,6,283.4500122,283.4500122,Standard Class,Late delivery
Quito,Caguas,Ecuador,Puerto Rico,5,272.9500122,272.9500122,Standard Class,Late delivery
Santo Domingo,Caguas,República Dominicana,Puerto Rico,6,269.9599915,269.9599915,Standard Class,Late delivery
Tegucigalpa,Caguas,Honduras,Puerto Rico,5,263.9599915,263.9599915,Standard Class,Late delivery
Serra,Caguas,Brasil,Puerto Rico,3,263.9599915,263.9599915,Standard Class,Advance shipping
Tegucigalpa,Caguas,Honduras,Puerto Rico,3,260.9599915,260.9599915,Standard Class,Advance shipping
Managua,Caguas,Nicaragua,Puerto Rico,6,254.9600067,254.9600067,Standard Class,Late delivery
Santiago de los Caballeros,Caguas,República Dominicana,Puerto Rico,2,251.9600067,251.9600067,Standard Class,Advance shipping
Villa Nueva,Caguas,Guatemala,Puerto Rico,6,248.9600067,248.9600067,Standard Class,Late delivery
San Salvador,Mayaguez,El Salvador,Puerto Rico,3,224.9600067,224.9600067,Standard Class,Advance shipping
Pinar del Río,Caguas,Cuba,Puerto Rico,2,199.9499969,199.9499969,Standard Class,Advance shipping
Tegucigalpa,Caguas,Honduras,Puerto Rico,5,250.0,250.0,Standard Class,Late delivery
Araranguá,Caguas,Brasil,Puerto Rico,2,199.9499969,199.9499969,Standard Class,Advance shipping
Santiago de los Caballeros,Caguas,República Dominicana,Puerto Rico,5,247.5,247.5,Standard Class,Late delivery
Juárez,Caguas,México,Puerto Rico,2,346.5,346.5,Standard Class,Advance shipping
Monterrey,Caguas,México,Puerto Rico,3,245.0,245.0,Standard Class,Advance shipping
Puno,Caguas,Perú,Puerto Rico,5,122.5,122.5,Standard Class,Late delivery
São Paulo,Caguas,Brasil,Puerto Rico,2,195.9499969,195.9499969,Standard Class,Advance shipping
Navegantes,Caguas,Brasil,Puerto Rico,6,195.9499969,195.9499969,Standard Class,Late delivery
Mexico City,Caguas,México,Puerto Rico,2,240.0,240.0,Standard Class,Advance shipping
Tegucigalpa,Caguas,Honduras,Puerto Rico,6,240.0,240.0,Standard Class,Late delivery
Tampico,Caguas,México,Puerto Rico,4,240.0,240.0,Standard Class,Shipping on time
La Paz,Humacao,Bolivia,Puerto Rico,3,237.5,237.5,Standard Class,Advance shipping
Villa Nueva,Caguas,Guatemala,Puerto Rico,4,236.25,236.25,Standard Class,Shipping on time
Matagalpa,Caguas,Nicaragua,Puerto Rico,3,179.9600067,179.9600067,Standard Class,Advance shipping
Cuscatancingo,Caguas,El Salvador,Puerto Rico,4,173.9600067,173.9600067,Standard Class,Shipping on time
Mixco,Caguas,Guatemala,Puerto Rico,5,217.5,217.5,Standard Class,Late delivery
Americana,Caguas,Brasil,Puerto Rico,3,217.5,217.5,Standard Class,Advance shipping
Indaial,Caguas,Brasil,Puerto Rico,4,217.5,217.5,Standard Class,Shipping on time
Tijuana,Caguas,México,Puerto Rico,6,212.5,212.5,Standard Class,Late delivery
Ciudad del Carmen,Caguas,México,Puerto Rico,2,212.5,212.5,Standard Class,Advance shipping
Santana de Parnaíba,Caguas,Brasil,Puerto Rico,2,169.9600067,169.9600067,Standard Class,Advance shipping
Limeira,Caguas,Brasil,Puerto Rico,2,167.9600067,167.9600067,Standard Class,Advance shipping
Valencia,Caguas,Venezuela,Puerto Rico,3,210.0,210.0,Standard Class,Advance shipping
Brasília,Caguas,Brasil,Puerto Rico,5,163.9600067,163.9600067,Standard Class,Late delivery
Querétaro,Caguas,México,Puerto Rico,6,200.0,200.0,Standard Class,Late delivery
Santiago de Chile,Caguas,Chile,Puerto Rico,2,280.0,280.0,Standard Class,Advance shipping
Tegucigalpa,Caguas,Honduras,Puerto Rico,4,239.9499969,239.9499969,Standard Class,Shipping on time
Macapá,Caguas,Brasil,Puerto Rico,4,122.4499969,122.4499969,Standard Class,Shipping on time
Portmore,Caguas,Jamaica,Puerto Rico,6,230.3500061,230.3500061,Standard Class,Late delivery
Tijuana,Caguas,México,Puerto Rico,3,118.0800018,118.0800018,Standard Class,Advance shipping
San Salvador,Bayamon,El Salvador,Puerto Rico,5,113.6999969,113.6999969,Standard Class,Late delivery
Juárez,Caguas,México,Puerto Rico,2,71.95999908,71.95999908,Standard Class,Advance shipping
Indaial,Caguas,Brasil,Puerto Rico,4,104.9599991,104.9599991,Standard Class,Shipping on time
Saltillo,Caguas,México,Puerto Rico,2,284.9500122,284.9500122,Standard Class,Shipping canceled
Camagüey,Caguas,Cuba,Puerto Rico,6,272.9500122,272.9500122,Standard Class,Shipping canceled
Mejicanos,Caguas,El Salvador,Puerto Rico,6,269.9599915,269.9599915,Standard Class,Shipping canceled
Guantánamo,Caguas,Cuba,Puerto Rico,5,254.9600067,254.9600067,Standard Class,Shipping canceled
Cartago,Caguas,Colombia,Puerto Rico,3,245.9600067,245.9600067,Standard Class,Shipping canceled
Arequipa,Arecibo,Perú,Puerto Rico,4,224.9600067,224.9600067,Standard Class,Shipping canceled
Atlixco,Caguas,México,Puerto Rico,6,193.9499969,193.9499969,Standard Class,Shipping canceled
Santo Domingo,Caguas,República Dominicana,Puerto Rico,2,240.0,240.0,Standard Class,Shipping canceled
Santo Domingo,Vega Baja,República Dominicana,Puerto Rico,2,225.0,225.0,Standard Class,Shipping canceled
Rio Branco,Caguas,Brasil,Puerto Rico,5,315.0,315.0,Standard Class,Shipping canceled
Ayacucho,Caguas,Perú,Puerto Rico,3,220.0,220.0,Standard Class,Shipping canceled
Mixco,Caguas,Guatemala,Puerto Rico,4,123.0,123.0,Standard Class,Shipping canceled
Vassouras,Caguas,Brasil,Puerto Rico,5,200.0,200.0,Standard Class,Shipping canceled
Rio Branco,Caguas,Brasil,Puerto Rico,5,149.9600067,149.9600067,Standard Class,Shipping canceled
Hyderabad,Caguas,India,Puerto Rico,3,449.9599915,449.9599915,Standard Class,Shipping canceled
Jiangyan,Caguas,China,Puerto Rico,4,424.9599915,424.9599915,Standard Class,Shipping canceled
Christchurch,Caguas,Nueva Zelanda,Puerto Rico,6,374.9599915,374.9599915,Standard Class,Shipping canceled
Masterton,Caguas,Nueva Zelanda,Puerto Rico,3,153.9600067,153.9600067,Standard Class,Advance shipping
Daqing,Caguas,China,Puerto Rico,6,159.9499969,159.9499969,Standard Class,Late delivery
Albury,Caguas,Australia,Puerto Rico,5,150.0,150.0,Standard Class,Late delivery
Manila,Caguas,Filipinas,Puerto Rico,2,474.9500122,474.9500122,Standard Class,Advance shipping
Bagdad,Caguas,Irak,Puerto Rico,2,472.4500122,472.4500122,Standard Class,Advance shipping
Valenzuela,Caguas,Filipinas,Puerto Rico,2,464.9500122,464.9500122,Standard Class,Advance shipping
Mersin,Caguas,Turquía,Puerto Rico,3,464.9500122,464.9500122,Standard Class,Advance shipping
Antipolo,Caguas,Filipinas,Puerto Rico,2,414.9599915,414.9599915,Standard Class,Advance shipping
Borujerd,Caguas,Irán,Puerto Rico,2,131.1600037,131.1600037,Standard Class,Advance shipping
Izmir,Caguas,Turquía,Puerto Rico,2,399.9599915,399.9599915,Standard Class,Advance shipping
Jaipur,Caguas,India,Puerto Rico,3,283.4500122,283.4500122,Standard Class,Advance shipping
Ho Chi Minh City,Caguas,Vietnam,Puerto Rico,2,283.4500122,283.4500122,Standard Class,Advance shipping
Shulan,Caguas,China,Puerto Rico,2,254.9600067,254.9600067,Standard Class,Advance shipping
Sydney,Caguas,Australia,Puerto Rico,4,254.9600067,254.9600067,Standard Class,Shipping on time
Antalya,Caguas,Turquía,Puerto Rico,3,254.9600067,254.9600067,Standard Class,Advance shipping
Bagdad,San Juan,Irak,Puerto Rico,4,254.9600067,254.9600067,Standard Class,Shipping on time
Daca,Caguas,Bangladés,Puerto Rico,5,251.9600067,251.9600067,Standard Class,Late delivery
Shantou,Caguas,China,Puerto Rico,2,248.9600067,248.9600067,Standard Class,Advance shipping
Manila,Caguas,Filipinas,Puerto Rico,2,248.9600067,248.9600067,Standard Class,Advance shipping
Semarang,San Sebastian,Indonesia,Puerto Rico,6,245.9600067,245.9600067,Standard Class,Late delivery
Newcastle,Caguas,Australia,Puerto Rico,3,197.9499969,197.9499969,Standard Class,Advance shipping
Bagdad,Caguas,Irak,Puerto Rico,2,247.5,247.5,Standard Class,Advance shipping
Izmir,Caguas,Turquía,Puerto Rico,2,245.0,245.0,Standard Class,Advance shipping
Nantong,Caguas,China,Puerto Rico,4,191.9499969,191.9499969,Standard Class,Shipping on time
Taizz,Caguas,Yemen,Puerto Rico,2,237.5,237.5,Standard Class,Advance shipping
Bagdad,Caguas,Irak,Puerto Rico,3,237.5,237.5,Standard Class,Advance shipping
Yangzhou,Caguas,China,Puerto Rico,2,236.25,236.25,Standard Class,Advance shipping
Asahikawa,Caguas,Japón,Puerto Rico,4,232.5,232.5,Standard Class,Shipping on time
Valencia,Caguas,Filipinas,Puerto Rico,4,232.5,232.5,Standard Class,Shipping on time
Khouribga,New York,Marruecos,EE. UU.,6,331.9700012,331.9700012,Standard Class,Late delivery
Lagos,Phoenix,Nigeria,EE. UU.,6,331.9700012,331.9700012,Standard Class,Late delivery
Hurghada,Eugene,Egipto,EE. UU.,5,218.3600006,218.3600006,Standard Class,Late delivery
Accra,Long Beach,Ghana,EE. UU.,2,218.3600006,218.3600006,Standard Class,Advance shipping
Boghni,Algonquin,Argelia,EE. UU.,3,211.1600037,211.1600037,Standard Class,Advance shipping
Meknes,Indianapolis,Marruecos,EE. UU.,4,211.1600037,211.1600037,Standard Class,Shipping on time
Abidjan,Los Angeles,Costa de Marfil,EE. UU.,4,203.9700012,203.9700012,Standard Class,Shipping on time
Thika,Buena Park,Kenia,EE. UU.,6,201.5700073,201.5700073,Standard Class,Late delivery
Cairo,Hayward,Egipto,EE. UU.,4,158.3600006,158.3600006,Standard Class,Shipping on time
Ad Diwem,Catonsville,Sudán,EE. UU.,5,158.3600006,158.3600006,Standard Class,Late delivery
Abu Kabir,Carlisle,Egipto,EE. UU.,5,194.0,194.0,Standard Class,Late delivery
Alexandria,Staten Island,Egipto,EE. UU.,3,186.0,186.0,Standard Class,Advance shipping
Boghni,Algonquin,Argelia,EE. UU.,3,180.0,180.0,Standard Class,Advance shipping
Casablanca,Long Beach,Marruecos,EE. UU.,6,139.1699982,139.1699982,Standard Class,Late delivery
Sale,Marietta,Marruecos,EE. UU.,2,139.1699982,139.1699982,Standard Class,Advance shipping
Kalemie,Jersey City,República Democrática del Congo,EE. UU.,3,166.0,166.0,Standard Class,Advance shipping
Wad Madani,Long Beach,Sudán,EE. UU.,2,166.0,166.0,Standard Class,Advance shipping
Abidjan,Los Angeles,Costa de Marfil,EE. UU.,4,132.7700043,132.7700043,Standard Class,Shipping on time
Kinshasa,Memphis,República Democrática del Congo,EE. UU.,3,164.0,164.0,Standard Class,Advance shipping
Mogadishu,Lutz,Somalia,EE. UU.,2,67.16999817,67.16999817,Standard Class,Advance shipping
Luanda,Lombard,Angola,EE. UU.,6,170.9600067,170.9600067,Standard Class,Shipping canceled
Dar es Salaam,Oxnard,Tanzania,EE. UU.,6,387.9599915,387.9599915,Standard Class,Shipping canceled
Cairo,Brooklyn,Egipto,EE. UU.,3,191.9700012,191.9700012,Standard Class,Shipping canceled
Ad Diwem,New Bedford,Sudán,EE. UU.,3,176.0,176.0,Standard Class,Shipping canceled
Kindia,Newburgh,Guinea,EE. UU.,4,139.1699982,139.1699982,Standard Class,Shipping canceled
Taza,Miami,Marruecos,EE. UU.,6,235.1999969,235.1999969,Standard Class,Shipping canceled
Dire Dawa,Lansdale,Etiopía,EE. UU.,4,131.1699982,131.1699982,Standard Class,Shipping canceled
Cairo,Brooklyn,Egipto,EE. UU.,3,160.0,160.0,Standard Class,Shipping canceled
Dar es Salaam,Oxnard,Tanzania,EE. UU.,6,205.8800049,205.8800049,Standard Class,Shipping canceled
Groningen,Los Angeles,Países Bajos,EE. UU.,5,319.9700012,319.9700012,Standard Class,Shipping canceled
Turin,Baltimore,Italia,EE. UU.,4,235.1600037,235.1600037,Standard Class,Shipping canceled
Cologne,Phoenix,Alemania,EE. UU.,2,230.3600006,230.3600006,Standard Class,Shipping canceled
Milan,Fullerton,Italia,EE. UU.,5,211.1600037,211.1600037,Standard Class,Shipping canceled
Uvarovo,Baltimore,Rusia,EE. UU.,5,208.7700043,208.7700043,Standard Class,Shipping canceled
Southend-on-Sea,Sacramento,Reino Unido,EE. UU.,6,196.7700043,196.7700043,Standard Class,Shipping canceled
Widnes,Chicago,Reino Unido,EE. UU.,6,179.9700012,179.9700012,Standard Class,Shipping canceled
Strasbourg,Greensboro,Francia,EE. UU.,5,198.0,198.0,Standard Class,Shipping canceled
Carpentras,San Jose,Francia,EE. UU.,6,151.9600067,151.9600067,Standard Class,Shipping canceled
Utrecht,New York,Países Bajos,EE. UU.,3,189.0,189.0,Standard Class,Shipping canceled
Genk,Lakewood,Bélgica,EE. UU.,5,186.0,186.0,Standard Class,Shipping canceled
Widnes,Chicago,Reino Unido,EE. UU.,6,180.0,180.0,Standard Class,Shipping canceled
Gloucester,Hamilton,Reino Unido,EE. UU.,4,180.0,180.0,Standard Class,Shipping canceled
Turin,Baltimore,Italia,EE. UU.,4,143.9600067,143.9600067,Standard Class,Shipping canceled
Messina,Roseburg,Italia,EE. UU.,3,166.0,166.0,Standard Class,Shipping canceled
Helsinki,Modesto,Finlandia,EE. UU.,4,131.1699982,131.1699982,Standard Class,Shipping canceled
Miramas,New York,Francia,EE. UU.,5,164.0,164.0,Standard Class,Shipping canceled
Miramas,New York,Francia,EE. UU.,5,160.0,160.0,Standard Class,Shipping canceled
Sofia,New Bedford,Bulgaria,EE. UU.,4,89.95999908,89.95999908,Standard Class,Shipping canceled
Granada,Encinitas,España,EE. UU.,2,90.95999908,90.95999908,Standard Class,Advance shipping
Mont-Saint-Aignan,San Jose,Francia,EE. UU.,2,199.1699982,199.1699982,Standard Class,Advance shipping
Berlín,Rome,Alemania,EE. UU.,5,399.9599915,399.9599915,Standard Class,Late delivery
Turin,Watsonville,Italia,EE. UU.,3,387.9599915,387.9599915,Standard Class,Advance shipping
Cagliari,Meridian,Italia,EE. UU.,3,383.9599915,383.9599915,Standard Class,Advance shipping
Milan,Houston,Italia,EE. UU.,4,379.9599915,379.9599915,Standard Class,Shipping on time
Erftstadt,Los Angeles,Alemania,EE. UU.,2,379.9599915,379.9599915,Standard Class,Advance shipping
Harrow,Brooklyn,Reino Unido,EE. UU.,3,377.9599915,377.9599915,Standard Class,Advance shipping
Pescara,Endicott,Italia,EE. UU.,2,363.9599915,363.9599915,Standard Class,Advance shipping
Tourcoing,San Jose,Francia,EE. UU.,3,116.4400024,116.4400024,Standard Class,Advance shipping
Afragola,Katy,Italia,EE. UU.,4,359.9599915,359.9599915,Standard Class,Shipping on time
Lugansk,Visalia,Ucrania,EE. UU.,4,158.3600006,158.3600006,Standard Class,Shipping on time
Doncaster,Los Angeles,Reino Unido,EE. UU.,4,351.9599915,351.9599915,Standard Class,Shipping on time
Bry-sur-Marne,Lancaster,Francia,EE. UU.,3,351.9599915,351.9599915,Standard Class,Advance shipping
Charleroi,York,Bélgica,EE. UU.,2,347.9700012,347.9700012,Standard Class,Advance shipping
Munich,Phoenix,Alemania,EE. UU.,5,339.9700012,339.9700012,Standard Class,Late delivery
Niort,Lompoc,Francia,EE. UU.,5,335.9700012,335.9700012,Standard Class,Late delivery
Venice,Miami,Italia,EE. UU.,2,327.9700012,327.9700012,Standard Class,Advance shipping
Ulm,York,Alemania,EE. UU.,5,319.9700012,319.9700012,Standard Class,Late delivery
Cambridge,Ogden,Reino Unido,EE. UU.,5,239.9600067,239.9600067,Standard Class,Late delivery
Siegen,Raleigh,Alemania,EE. UU.,6,239.9600067,239.9600067,Standard Class,Late delivery
Nantes,Virginia Beach,Francia,EE. UU.,2,235.1600037,235.1600037,Standard Class,Advance shipping
London,Carlsbad,Reino Unido,EE. UU.,2,232.7599945,232.7599945,Standard Class,Advance shipping
Las Rozas de Madrid,Hacienda Heights,España,EE. UU.,3,232.7599945,232.7599945,Standard Class,Advance shipping
Luton,Union City,Reino Unido,EE. UU.,2,230.3600006,230.3600006,Standard Class,Advance shipping
Verdun,Hollywood,Francia,EE. UU.,6,230.3600006,230.3600006,Standard Class,Late delivery
Conflans-Sainte-Honorine,Bolingbrook,Francia,EE. UU.,5,230.3600006,230.3600006,Standard Class,Late delivery
Munich,West Lafayette,Alemania,EE. UU.,5,230.3600006,230.3600006,Standard Class,Late delivery
Viena,Astoria,Austria,EE. UU.,5,230.3600006,230.3600006,Standard Class,Late delivery
Sesto San Giovanni,Newark,Italia,EE. UU.,4,226.7599945,226.7599945,Standard Class,Shipping on time
Bondy,San Jose,Francia,EE. UU.,4,226.7599945,226.7599945,Standard Class,Shipping on time
Valencia,Woodbridge,España,EE. UU.,5,223.1600037,223.1600037,Standard Class,Late delivery
Noisy-le-Grand,Weslaco,Francia,EE. UU.,6,223.1600037,223.1600037,Standard Class,Late delivery
Elx,Jamaica,España,EE. UU.,3,218.3600006,218.3600006,Standard Class,Advance shipping
Gronau,Lakewood,Alemania,EE. UU.,5,218.3600006,218.3600006,Standard Class,Late delivery
Gronau,Lakewood,Alemania,EE. UU.,5,215.9600067,215.9600067,Standard Class,Late delivery
Venice,Miami,Italia,EE. UU.,2,211.1600037,211.1600037,Standard Class,Advance shipping
Frankfurt,Dallas,Alemania,EE. UU.,6,211.1600037,211.1600037,Standard Class,Late delivery
Uvarovo,Bell Gardens,Rusia,EE. UU.,4,203.9700012,203.9700012,Standard Class,Shipping on time
Rotherham,Portland,Reino Unido,EE. UU.,2,203.9700012,203.9700012,Standard Class,Advance shipping
Mont-Saint-Aignan,San Jose,Francia,EE. UU.,2,201.5700073,201.5700073,Standard Class,Advance shipping
Savigny-le-Temple,San Diego,Francia,EE. UU.,4,196.7700043,196.7700043,Standard Class,Shipping on time
La Seyne-sur-Mer,La Mirada,Francia,EE. UU.,4,196.7700043,196.7700043,Standard Class,Shipping on time
Fuji,Los Angeles,Japón,EE. UU.,5,118.2900009,118.2900009,Standard Class,Late delivery
Tengzhou,Chicago,China,EE. UU.,3,118.2900009,118.2900009,Standard Class,Advance shipping
Suzhou,Detroit,China,EE. UU.,6,118.2900009,118.2900009,Standard Class,Late delivery
Changwon,Billings,Corea del Sur,EE. UU.,2,118.2900009,118.2900009,Standard Class,Advance shipping
Baoding,North Bergen,China,EE. UU.,5,196.3999939,196.3999939,Standard Class,Late delivery
Newcastle,Mission Viejo,Australia,EE. UU.,3,118.2900009,118.2900009,Standard Class,Advance shipping
Port Macquarie,Atlanta,Australia,EE. UU.,4,118.2900009,118.2900009,Standard Class,Shipping on time
Gold Coast,New York,Australia,EE. UU.,5,118.2900009,118.2900009,Standard Class,Late delivery
Vijayawada,Baltimore,India,EE. UU.,5,324.9599915,324.9599915,Standard Class,Late delivery
Bangalore,Strongsville,India,EE. UU.,4,118.2900009,118.2900009,Standard Class,Shipping on time
Manila,Buffalo,Filipinas,EE. UU.,6,54.59000015,54.59000015,Standard Class,Late delivery
Cirebon,Honolulu,Indonesia,EE. UU.,2,118.2900009,118.2900009,Standard Class,Advance shipping
Ho Chi Minh City,Chicago,Vietnam,EE. UU.,2,118.2900009,118.2900009,Standard Class,Advance shipping
Yakarta,Madison,Indonesia,EE. UU.,4,118.2900009,118.2900009,Standard Class,Shipping on time
Bagdad,Union,Irak,EE. UU.,5,118.2900009,118.2900009,Standard Class,Late delivery
Termez,South San Francisco,Uzbekistán,EE. UU.,2,116.9899979,116.9899979,Standard Class,Advance shipping
Bishkek,Philadelphia,Kirguistán,EE. UU.,4,116.9899979,116.9899979,Standard Class,Shipping on time
Fuji,Los Angeles,Japón,EE. UU.,5,116.9899979,116.9899979,Standard Class,Late delivery
Pekín,Fort Lauderdale,China,EE. UU.,3,116.9899979,116.9899979,Standard Class,Advance shipping
Perth,North Las Vegas,Australia,EE. UU.,3,189.7700043,189.7700043,Standard Class,Advance shipping
Newcastle,Mission Viejo,Australia,EE. UU.,3,116.9899979,116.9899979,Standard Class,Advance shipping
Murray Bridge,Aurora,Australia,EE. UU.,2,116.9899979,116.9899979,Standard Class,Advance shipping
Gold Coast,Methuen,Australia,EE. UU.,5,116.9899979,116.9899979,Standard Class,Late delivery
Thane,Costa Mesa,India,EE. UU.,2,53.99000168,53.99000168,Standard Class,Advance shipping
Mumbai,Chicago,India,EE. UU.,6,189.7700043,189.7700043,Standard Class,Late delivery
Durgapur,Glen Burnie,India,EE. UU.,2,116.9899979,116.9899979,Standard Class,Advance shipping
Lahore,Fairfield,Pakistán,EE. UU.,3,194.2400055,194.2400055,Standard Class,Advance shipping
Samarinda,West Covina,Indonesia,EE. UU.,3,116.9899979,116.9899979,Standard Class,Advance shipping
Bacolod City,Fort Lauderdale,Filipinas,EE. UU.,4,116.9899979,116.9899979,Standard Class,Shipping on time
Semarang,Lithonia,Indonesia,EE. UU.,3,116.9899979,116.9899979,Standard Class,Advance shipping
Cirebon,Honolulu,Indonesia,EE. UU.,2,116.9899979,116.9899979,Standard Class,Advance shipping
Yakarta,Madison,Indonesia,EE. UU.,4,116.9899979,116.9899979,Standard Class,Shipping on time
Riyadh,Saint Paul,Arabia Saudí,EE. UU.,5,53.99000168,53.99000168,Standard Class,Late delivery
Tianjin,Porterville,China,EE. UU.,4,52.79000092,52.79000092,Standard Class,Shipping on time
Perth,Peoria,Australia,EE. UU.,6,114.3899994,114.3899994,Standard Class,Late delivery
Manukau City,Winnetka,Nueva Zelanda,EE. UU.,3,114.3899994,114.3899994,Standard Class,Advance shipping
Perth,Simi Valley,Australia,EE. UU.,4,114.3899994,114.3899994,Standard Class,Shipping on time
Gold Coast,Honolulu,Australia,EE. UU.,5,114.3899994,114.3899994,Standard Class,Late delivery
Gold Coast,Chicago,Australia,EE. UU.,3,114.3899994,114.3899994,Standard Class,Advance shipping
Gold Coast,Methuen,Australia,EE. UU.,5,114.3899994,114.3899994,Standard Class,Late delivery
Lismore,Philadelphia,Australia,EE. UU.,3,114.3899994,114.3899994,Standard Class,Advance shipping
Newcastle,Mcallen,Australia,EE. UU.,3,114.3899994,114.3899994,Standard Class,Advance shipping
Perth,Los Angeles,Australia,EE. UU.,3,189.9199982,189.9199982,Standard Class,Advance shipping
Thane,Costa Mesa,India,EE. UU.,2,114.3899994,114.3899994,Standard Class,Advance shipping
Bhavnagar,Joliet,India,EE. UU.,3,114.3899994,114.3899994,Standard Class,Advance shipping
Mumbai,Brownsville,India,EE. UU.,6,114.3899994,114.3899994,Standard Class,Late delivery
Bacolod City,Fort Lauderdale,Filipinas,EE. UU.,4,114.3899994,114.3899994,Standard Class,Shipping on time
Angeles City,Silver Spring,Filipinas,EE. UU.,3,114.3899994,114.3899994,Standard Class,Advance shipping
Yakarta,Pawtucket,Indonesia,EE. UU.,5,114.3899994,114.3899994,Standard Class,Late delivery
Yakarta,Columbia,Indonesia,EE. UU.,5,114.3899994,114.3899994,Standard Class,Late delivery
Corlu,Colorado Springs,Turquía,EE. UU.,2,52.79000092,52.79000092,Standard Class,Advance shipping
Jeddah,Alhambra,Arabia Saudí,EE. UU.,5,114.3899994,114.3899994,Standard Class,Late delivery
Bagdad,Bakersfield,Irak,EE. UU.,2,114.3899994,114.3899994,Standard Class,Advance shipping
K'ut'aisi,Quincy,Georgia,EE. UU.,4,114.3899994,114.3899994,Standard Class,Shipping on time
Temirtau,San Antonio,Kazajistán,EE. UU.,6,113.0899963,113.0899963,Standard Class,Late delivery
Hirakata,Pittsfield,Japón,EE. UU.,2,52.18999863,52.18999863,Standard Class,Advance shipping
Xinzhou,Westminster,China,EE. UU.,2,113.0899963,113.0899963,Standard Class,Advance shipping
Neijiang,Chino,China,EE. UU.,3,113.0899963,113.0899963,Standard Class,Advance shipping
Shanwei,Chicago,China,EE. UU.,5,113.0899963,113.0899963,Standard Class,Late delivery
Pekín,Bronx,China,EE. UU.,3,113.0899963,113.0899963,Standard Class,Advance shipping
Melbourne,Marion,Australia,EE. UU.,2,52.18999863,52.18999863,Standard Class,Advance shipping
Adelaide,North Hills,Australia,EE. UU.,5,113.0899963,113.0899963,Standard Class,Late delivery
Mandurah,Chicago,Australia,EE. UU.,5,113.0899963,113.0899963,Standard Class,Late delivery
Gold Coast,Chicago,Australia,EE. UU.,3,113.0899963,113.0899963,Standard Class,Advance shipping
Waitakere,Salina,Nueva Zelanda,EE. UU.,4,113.0899963,113.0899963,Standard Class,Shipping on time
Wollongong,Hyattsville,Australia,EE. UU.,4,113.0899963,113.0899963,Standard Class,Shipping on time
Lismore,Philadelphia,Australia,EE. UU.,3,113.0899963,113.0899963,Standard Class,Advance shipping
Newcastle,North Richland Hills,Australia,EE. UU.,5,113.0899963,113.0899963,Standard Class,Late delivery
Mangalore,Spring Valley,India,EE. UU.,5,51.40000153,51.40000153,Standard Class,Late delivery
Kathmandu,Fort Lauderdale,Nepal,EE. UU.,4,183.4400024,183.4400024,Standard Class,Shipping on time
Mumbai,Brownsville,India,EE. UU.,6,113.0899963,113.0899963,Standard Class,Late delivery
Kendari,Chicago,Indonesia,EE. UU.,2,310.6799927,310.6799927,Standard Class,Advance shipping
Probolinggo,Lawrence,Indonesia,EE. UU.,3,52.18999863,52.18999863,Standard Class,Advance shipping
Ho Chi Minh City,Fremont,Vietnam,EE. UU.,3,113.0899963,113.0899963,Standard Class,Advance shipping
Riyadh,Cleveland,Arabia Saudí,EE. UU.,2,52.18999863,52.18999863,Standard Class,Advance shipping
Estambul,Ontario,Turquía,EE. UU.,6,113.0899963,113.0899963,Standard Class,Late delivery
Estambul,West Covina,Turquía,EE. UU.,6,113.0899963,113.0899963,Standard Class,Late delivery
Jeddah,Alhambra,Arabia Saudí,EE. UU.,5,113.0899963,113.0899963,Standard Class,Late delivery
Estambul,Oceanside,Turquía,EE. UU.,3,113.0899963,113.0899963,Standard Class,Advance shipping
Estambul,Columbus,Turquía,EE. UU.,4,113.0899963,113.0899963,Standard Class,Shipping on time
Temirtau,San Antonio,Kazajistán,EE. UU.,6,110.4899979,110.4899979,Standard Class,Late delivery
Jixi,Lodi,China,EE. UU.,3,110.4899979,110.4899979,Standard Class,Advance shipping
Daegu,Los Angeles,Corea del Sur,EE. UU.,4,110.4899979,110.4899979,Standard Class,Shipping on time
Tianjin,Newburgh,China,EE. UU.,2,183.4499969,183.4499969,Standard Class,Advance shipping
Adelaide,North Hills,Australia,EE. UU.,5,110.4899979,110.4899979,Standard Class,Late delivery
Darwin,Pompano Beach,Australia,EE. UU.,6,110.4899979,110.4899979,Standard Class,Late delivery
Sydney,Hamilton,Australia,EE. UU.,2,110.4899979,110.4899979,Standard Class,Advance shipping
Mangalore,Milpitas,India,EE. UU.,4,50.22000122,50.22000122,Standard Class,Shipping on time
Rasht,Rowland Heights,Irán,EE. UU.,2,110.4899979,110.4899979,Standard Class,Advance shipping
Ahvaz,North Tonawanda,Irán,EE. UU.,3,110.4899979,110.4899979,Standard Class,Advance shipping
Arnsberg,Gardena,Alemania,EE. UU.,6,454.9500122,454.9500122,Standard Class,Late delivery
London,Tallahassee,Reino Unido,EE. UU.,6,449.9599915,449.9599915,Standard Class,Late delivery
Dublín,Cicero,Irlanda,EE. UU.,5,449.9599915,449.9599915,Standard Class,Late delivery
Birmingham,Eugene,Reino Unido,EE. UU.,3,449.9599915,449.9599915,Standard Class,Advance shipping
Genoa,Los Angeles,Italia,EE. UU.,5,449.9599915,449.9599915,Standard Class,Late delivery
Toulouse,Riverside,Francia,EE. UU.,5,439.9599915,439.9599915,Standard Class,Late delivery
Amsterdam,Asheboro,Países Bajos,EE. UU.,5,434.9599915,434.9599915,Standard Class,Late delivery
Toulouse,La Crosse,Francia,EE. UU.,4,434.9599915,434.9599915,Standard Class,Shipping on time
Waterlooville,Florissant,Reino Unido,EE. UU.,5,127.5,127.5,Standard Class,Late delivery
Berlín,Encinitas,Alemania,EE. UU.,5,424.9599915,424.9599915,Standard Class,Late delivery
Leipzig,Canyon Country,Alemania,EE. UU.,3,419.9599915,419.9599915,Standard Class,Advance shipping
Drancy,Pomona,Francia,EE. UU.,5,419.9599915,419.9599915,Standard Class,Late delivery
Munich,Ithaca,Alemania,EE. UU.,4,419.9599915,419.9599915,Standard Class,Shipping on time
Hamburgo,Staten Island,Alemania,EE. UU.,2,134.3600006,134.3600006,Standard Class,Advance shipping
Vanves,Los Angeles,Francia,EE. UU.,5,414.9599915,414.9599915,Standard Class,Late delivery
Madrid,Allentown,España,EE. UU.,2,409.9599915,409.9599915,Standard Class,Advance shipping
Meyzieu,Lompoc,Francia,EE. UU.,3,409.9599915,409.9599915,Standard Class,Advance shipping
Bremerhaven,Escondido,Alemania,EE. UU.,6,409.9599915,409.9599915,Standard Class,Late delivery
Viena,Martinez,Austria,EE. UU.,2,409.9599915,409.9599915,Standard Class,Advance shipping
Mulhouse,Troy,Francia,EE. UU.,4,409.9599915,409.9599915,Standard Class,Shipping on time
Sunderland,Granite City,Reino Unido,EE. UU.,5,399.9599915,399.9599915,Standard Class,Late delivery
Dortmund,North Las Vegas,Alemania,EE. UU.,4,399.9599915,399.9599915,Standard Class,Shipping on time
Hamburgo,Arlington,Alemania,EE. UU.,5,399.9599915,399.9599915,Standard Class,Late delivery
Lviv,Tonawanda,Ucrania,EE. UU.,5,374.9599915,374.9599915,Standard Class,Late delivery
Leicester,Troy,Reino Unido,EE. UU.,2,374.9599915,374.9599915,Standard Class,Advance shipping
Ulm,Simi Valley,Alemania,EE. UU.,5,374.9599915,374.9599915,Standard Class,Late delivery
Chelles,New Bedford,Francia,EE. UU.,4,374.9599915,374.9599915,Standard Class,Shipping on time
Marbella,Tempe,España,EE. UU.,4,299.9500122,299.9500122,Standard Class,Shipping on time
Florence,Carlisle,Italia,EE. UU.,2,299.9500122,299.9500122,Standard Class,Advance shipping
Madrid,Dallas,España,EE. UU.,2,299.9500122,299.9500122,Standard Class,Advance shipping
Cologne,Davis,Alemania,EE. UU.,4,299.9500122,299.9500122,Standard Class,Shipping on time
Kashira,Brooklyn,Rusia,EE. UU.,6,296.9500122,296.9500122,Standard Class,Late delivery
Marbella,Tempe,España,EE. UU.,4,296.9500122,296.9500122,Standard Class,Shipping on time
Cholet,Chandler,Francia,EE. UU.,4,296.9500122,296.9500122,Standard Class,Shipping on time
Bochum,Chandler,Alemania,EE. UU.,3,296.9500122,296.9500122,Standard Class,Advance shipping
Annecy,Fullerton,Francia,EE. UU.,4,296.9500122,296.9500122,Standard Class,Shipping on time
Magdeburg,Chicago,Alemania,EE. UU.,6,296.9500122,296.9500122,Standard Class,Late delivery
Amberes,Elgin,Bélgica,EE. UU.,4,296.9500122,296.9500122,Standard Class,Shipping on time
Nuremberg,Carlisle,Alemania,EE. UU.,5,296.9500122,296.9500122,Standard Class,Late delivery
Makhachkala,Palmdale,Rusia,EE. UU.,3,293.9500122,293.9500122,Standard Class,Advance shipping
Cheliábinsk,Brooklyn,Rusia,EE. UU.,4,293.9500122,293.9500122,Standard Class,Shipping on time
Madrid,North Tonawanda,España,EE. UU.,3,293.9500122,293.9500122,Standard Class,Advance shipping
Wiesbaden,Honolulu,Alemania,EE. UU.,5,293.9500122,293.9500122,Standard Class,Late delivery
Sterlitamak,Massapequa,Rusia,EE. UU.,2,290.9500122,290.9500122,Standard Class,Advance shipping
Gdynia,Federal Way,Polonia,EE. UU.,3,290.9500122,290.9500122,Standard Class,Advance shipping
San Sebastian,Los Angeles,España,EE. UU.,3,290.9500122,290.9500122,Standard Class,Advance shipping
Brandenburgo,Los Angeles,Alemania,EE. UU.,4,290.9500122,290.9500122,Standard Class,Shipping on time
Wetzlar,Santa Ana,Alemania,EE. UU.,3,290.9500122,290.9500122,Standard Class,Advance shipping
Pertuis,Pittsburg,Francia,EE. UU.,3,290.9500122,290.9500122,Standard Class,Advance shipping
Torrevieja,West New York,España,EE. UU.,2,287.9500122,287.9500122,Standard Class,Advance shipping
Florence,Dallas,Italia,EE. UU.,4,287.9500122,287.9500122,Standard Class,Shipping on time
Cagnes-sur-Mer,Los Angeles,Francia,EE. UU.,5,287.9500122,287.9500122,Standard Class,Late delivery
Nanterre,Aurora,Francia,EE. UU.,4,287.9500122,287.9500122,Standard Class,Shipping on time
Sunderland,Lansdale,Reino Unido,EE. UU.,6,284.9500122,284.9500122,Standard Class,Late delivery
Vichy,Clementon,Francia,EE. UU.,6,284.9500122,284.9500122,Standard Class,Late delivery
Barcelona,San Diego,España,EE. UU.,4,283.4500122,283.4500122,Standard Class,Shipping on time
Viena,Orlando,Austria,EE. UU.,2,283.4500122,283.4500122,Standard Class,Advance shipping
Lohne,Troy,Alemania,EE. UU.,3,283.4500122,283.4500122,Standard Class,Advance shipping
Le Mans,Hanover,Francia,EE. UU.,5,283.4500122,283.4500122,Standard Class,Late delivery
Bordeaux,Virginia Beach,Francia,EE. UU.,5,283.4500122,283.4500122,Standard Class,Late delivery
Astracán,Los Angeles,Rusia,EE. UU.,2,278.9500122,278.9500122,Standard Class,Advance shipping
Rome,Porterville,Italia,EE. UU.,5,278.9500122,278.9500122,Standard Class,Late delivery
Astracán,Los Angeles,Rusia,EE. UU.,2,272.9500122,272.9500122,Standard Class,Advance shipping
Toulouse,Glendale,Francia,EE. UU.,3,272.9500122,272.9500122,Standard Class,Advance shipping
Rouen,La Mirada,Francia,EE. UU.,5,272.9500122,272.9500122,Standard Class,Late delivery
Stuttgart,Chicago,Alemania,EE. UU.,3,272.9500122,272.9500122,Standard Class,Advance shipping
Torrevieja,San Jose,España,EE. UU.,2,269.9599915,269.9599915,Standard Class,Advance shipping
Peterborough,Santa Ana,Reino Unido,EE. UU.,6,263.9599915,263.9599915,Standard Class,Late delivery
Leeds,Huntington Station,Reino Unido,EE. UU.,6,263.9599915,263.9599915,Standard Class,Late delivery
Milan,Enfield,Italia,EE. UU.,4,263.9599915,263.9599915,Standard Class,Shipping on time
Montecatini Terme,Meridian,Italia,EE. UU.,6,263.9599915,263.9599915,Standard Class,Late delivery
Viena,Simi Valley,Austria,EE. UU.,4,263.9599915,263.9599915,Standard Class,Shipping on time
The Hague,Bend,Países Bajos,EE. UU.,6,263.9599915,263.9599915,Standard Class,Late delivery
Drancy,Philadelphia,Francia,EE. UU.,2,263.9599915,263.9599915,Standard Class,Advance shipping
Warsaw,Brownsville,Polonia,EE. UU.,2,260.9599915,260.9599915,Standard Class,Advance shipping
Huelva,Baldwin Park,España,EE. UU.,5,260.9599915,260.9599915,Standard Class,Late delivery
Reggio nell'Emilia,Elyria,Italia,EE. UU.,4,260.9599915,260.9599915,Standard Class,Shipping on time
Drancy,Pomona,Francia,EE. UU.,5,260.9599915,260.9599915,Standard Class,Late delivery
Le Bouscat,Chicago,Francia,EE. UU.,2,260.9599915,260.9599915,Standard Class,Advance shipping
Berlín,Baltimore,Alemania,EE. UU.,5,260.9599915,260.9599915,Standard Class,Late delivery
Derbent,Chino Hills,Rusia,EE. UU.,4,254.9600067,254.9600067,Standard Class,Shipping on time
Warsaw,Philadelphia,Polonia,EE. UU.,3,254.9600067,254.9600067,Standard Class,Advance shipping
Edinburgh,Ventura,Reino Unido,EE. UU.,4,254.9600067,254.9600067,Standard Class,Shipping on time
London,Wheaton,Reino Unido,EE. UU.,6,254.9600067,254.9600067,Standard Class,Late delivery
Crewe,West New York,Reino Unido,EE. UU.,5,254.9600067,254.9600067,Standard Class,Late delivery
Paris,Amarillo,Francia,EE. UU.,5,254.9600067,254.9600067,Standard Class,Late delivery
Uvarovo,Simi Valley,Rusia,EE. UU.,5,251.9600067,251.9600067,Standard Class,Late delivery
Bognor Regis,Encinitas,Reino Unido,EE. UU.,3,251.9600067,251.9600067,Standard Class,Advance shipping
Waterlooville,Florissant,Reino Unido,EE. UU.,5,251.9600067,251.9600067,Standard Class,Late delivery
Valencia,Toms River,España,EE. UU.,6,248.9600067,248.9600067,Standard Class,Late delivery
Biarritz,Honolulu,Francia,EE. UU.,5,248.9600067,248.9600067,Standard Class,Late delivery
Aix-en-Provence,Chicago,Francia,EE. UU.,2,248.9600067,248.9600067,Standard Class,Advance shipping
Santiago de Chile,Sacramento,Chile,EE. UU.,2,41.47999954,41.47999954,Standard Class,Advance shipping
Nueva Gerona,Fort Washington,Cuba,EE. UU.,5,26.21999931,26.21999931,Standard Class,Late delivery
Mexico City,Long Beach,México,EE. UU.,2,51.18000031,51.18000031,Standard Class,Advance shipping
Registro,Wyandotte,Brasil,EE. UU.,2,189.9799957,189.9799957,Standard Class,Shipping canceled
San Pedro Sula,Newark,Honduras,EE. UU.,2,185.9799957,185.9799957,Standard Class,Shipping canceled
Presidente Dutra,Brooklyn,Brasil,EE. UU.,5,173.9799957,173.9799957,Standard Class,Shipping canceled
Tegucigalpa,Mililani,Honduras,EE. UU.,2,167.9799957,167.9799957,Standard Class,Shipping canceled
Villa Canales,New York,Guatemala,EE. UU.,4,105.5800018,105.5800018,Standard Class,Shipping canceled
Villa Canales,New York,Guatemala,EE. UU.,4,104.3799973,104.3799973,Standard Class,Shipping canceled
Jiutepec,Brooklyn,México,EE. UU.,3,104.3799973,104.3799973,Standard Class,Shipping canceled
Brumado,Loveland,Brasil,EE. UU.,2,99.0,99.0,Standard Class,Shipping canceled
Teresópolis,Harvey,Brasil,EE. UU.,2,98.0,98.0,Standard Class,Shipping canceled
Guarulhos,Saint Paul,Brasil,EE. UU.,4,75.98000336,75.98000336,Standard Class,Shipping canceled
Guarulhos,Saint Paul,Brasil,EE. UU.,4,80.0,80.0,Standard Class,Shipping canceled
Guangzhou,Chandler,China,EE. UU.,4,119.9800034,119.9800034,Standard Class,Shipping canceled
Bornova,Ewa Beach,Turquía,EE. UU.,5,111.5800018,111.5800018,Standard Class,Shipping canceled
Guangzhou,Chandler,China,EE. UU.,4,89.98999786,89.98999786,Standard Class,Shipping canceled
Salihli,Fond Du Lac,Turquía,EE. UU.,4,90.0,90.0,Standard Class,Shipping canceled
Tel Aviv,Hamilton,Israel,EE. UU.,5,47.22999954,47.22999954,Standard Class,Shipping canceled
Astaná,Mechanicsburg,Kazajistán,EE. UU.,2,199.9799957,199.9799957,Standard Class,Advance shipping
Samarinda,Simi Valley,Indonesia,EE. UU.,4,108.8399963,108.8399963,Standard Class,Shipping on time
Yakarta,Opelousas,Indonesia,EE. UU.,6,197.9799957,197.9799957,Standard Class,Late delivery
Launceston,Kailua,Australia,EE. UU.,3,195.9799957,195.9799957,Standard Class,Advance shipping
Ho Chi Minh City,Norfolk,Vietnam,EE. UU.,2,195.9799957,195.9799957,Standard Class,Advance shipping
Ranchi,Woodbridge,India,EE. UU.,4,181.9799957,181.9799957,Standard Class,Shipping on time
Antipolo,Elmhurst,Filipinas,EE. UU.,6,173.9799957,173.9799957,Standard Class,Late delivery
New Plymouth,Detroit,Nueva Zelanda,EE. UU.,4,163.9799957,163.9799957,Standard Class,Shipping on time
Heyuan,Aurora,China,EE. UU.,4,82.45999908,82.45999908,Standard Class,Shipping on time
Saveh,Phoenix,Irán,EE. UU.,3,47.99000168,47.99000168,Standard Class,Advance shipping
Launceston,Kailua,Australia,EE. UU.,3,115.1800003,115.1800003,Standard Class,Advance shipping
Seúl,Hyattsville,Corea del Sur,EE. UU.,3,113.9800034,113.9800034,Standard Class,Advance shipping
Durg,Sugar Land,India,EE. UU.,2,113.3799973,113.3799973,Standard Class,Advance shipping
Townsville,Elyria,Australia,EE. UU.,4,99.58000183,99.58000183,Standard Class,Shipping on time
Sydney,Raleigh,Australia,EE. UU.,5,98.37999725,98.37999725,Standard Class,Late delivery
Makati,Chillicothe,Filipinas,EE. UU.,2,98.37999725,98.37999725,Standard Class,Advance shipping
Ho Chi Minh City,Norfolk,Vietnam,EE. UU.,2,89.98999786,89.98999786,Standard Class,Advance shipping
Xinyi,Jersey City,China,EE. UU.,5,98.0,98.0,Standard Class,Late delivery
Bangkok,Canoga Park,Tailandia,EE. UU.,3,98.0,98.0,Standard Class,Advance shipping
Seúl,Amarillo,Corea del Sur,EE. UU.,4,96.0,96.0,Standard Class,Shipping on time
Wollongong,Jackson,Australia,EE. UU.,4,96.0,96.0,Standard Class,Shipping on time
Lianzhou,Moreno Valley,China,EE. UU.,5,74.37999725,74.37999725,Standard Class,Late delivery
Eskisehir,Chicago,Turquía,EE. UU.,2,74.37999725,74.37999725,Standard Class,Advance shipping
Armidale,New Orleans,Australia,EE. UU.,2,88.0,88.0,Standard Class,Advance shipping
Tamworth,San Benito,Australia,EE. UU.,2,69.58000183,69.58000183,Standard Class,Advance shipping
Perth,Los Angeles,Australia,EE. UU.,3,67.98000336,67.98000336,Standard Class,Advance shipping
Jambi,Brooklyn,Indonesia,EE. UU.,3,84.0,84.0,Standard Class,Advance shipping
Xuzhou,New Castle,China,EE. UU.,6,83.0,83.0,Standard Class,Late delivery
Wuhan,Hanover,China,EE. UU.,3,83.0,83.0,Standard Class,Advance shipping
Hobart,Honolulu,Australia,EE. UU.,2,65.58000183,65.58000183,Standard Class,Advance shipping
Lahore,Bloomfield,Pakistán,EE. UU.,3,63.97999954,63.97999954,Standard Class,Advance shipping
Sincan,Albuquerque,Turquía,EE. UU.,4,95.98000336,95.98000336,Standard Class,Shipping on time
Lahore,Bloomfield,Pakistán,EE. UU.,3,39.18000031,39.18000031,Standard Class,Advance shipping
Xuzhou,New Castle,China,EE. UU.,6,36.38000107,36.38000107,Standard Class,Late delivery
Heyuan,Aurora,China,EE. UU.,4,33.58000183,33.58000183,Standard Class,Shipping on time
Durg,Sugar Land,India,EE. UU.,2,76.77999878,76.77999878,Standard Class,Advance shipping
Surabaya,Los Angeles,Indonesia,EE. UU.,6,119.9800034,119.9800034,Standard Class,Late delivery
Ulan Bator,Cypress,Mongolia,EE. UU.,4,195.9799957,195.9799957,Standard Class,Shipping on time
Ulan Bator,Cypress,Mongolia,EE. UU.,4,193.9799957,193.9799957,Standard Class,Shipping on time
Christchurch,New Orleans,Nueva Zelanda,EE. UU.,6,52.90000153,52.90000153,Standard Class,Late delivery
Mackay,Brooklyn,Australia,EE. UU.,4,173.9799957,173.9799957,Standard Class,Shipping on time
Yuci,Newburgh,China,EE. UU.,4,169.9799957,169.9799957,Standard Class,Shipping on time
Fukui,New York,Japón,EE. UU.,4,165.9799957,165.9799957,Standard Class,Shipping on time
Christchurch,New Orleans,Nueva Zelanda,EE. UU.,6,165.9799957,165.9799957,Standard Class,Late delivery
Caloocan,Amarillo,Filipinas,EE. UU.,4,165.9799957,165.9799957,Standard Class,Shipping on time
Basra,Jackson,Irak,EE. UU.,6,159.9799957,159.9799957,Standard Class,Late delivery
Wuhan,Marrero,China,EE. UU.,3,149.9900055,149.9900055,Standard Class,Advance shipping
Belgaum,Grand Prairie,India,EE. UU.,2,119.9800034,119.9800034,Standard Class,Advance shipping
Lahore,Bronx,Pakistán,EE. UU.,6,118.7799988,118.7799988,Standard Class,Late delivery
Cainta,Greeley,Filipinas,EE. UU.,2,116.3799973,116.3799973,Standard Class,Advance shipping
Auckland,Smyrna,Nueva Zelanda,EE. UU.,6,113.9800034,113.9800034,Standard Class,Late delivery
Gorakhpur,West Covina,India,EE. UU.,6,113.3799973,113.3799973,Standard Class,Late delivery
Taupo,Chicago,Nueva Zelanda,EE. UU.,5,109.1800003,109.1800003,Standard Class,Late delivery
Gujranwala,Chicago,Pakistán,EE. UU.,6,100.7799988,100.7799988,Standard Class,Late delivery
Aurangabad,North Richland Hills,India,EE. UU.,3,100.7799988,100.7799988,Standard Class,Advance shipping
Estambul,Riverside,Turquía,EE. UU.,5,99.58000183,99.58000183,Standard Class,Late delivery
Ahvaz,San Diego,Irán,EE. UU.,2,89.98999786,89.98999786,Standard Class,Advance shipping
Sarkand,Miami,Kazajistán,EE. UU.,4,79.18000031,79.18000031,Standard Class,Shipping on time
Manila,Wyandotte,Filipinas,EE. UU.,5,98.0,98.0,Standard Class,Late delivery
Makati,Cleveland,Filipinas,EE. UU.,5,98.0,98.0,Standard Class,Late delivery
Ajman,Houston,Emiratos Árabes Unidos,EE. UU.,2,98.0,98.0,Standard Class,Advance shipping
Zhuhai,Littleton,China,EE. UU.,3,77.58000183,77.58000183,Standard Class,Advance shipping
Bucheon,Longmont,Corea del Sur,EE. UU.,4,77.58000183,77.58000183,Standard Class,Shipping on time
Bursa,Sacramento,Turquía,EE. UU.,3,77.58000183,77.58000183,Standard Class,Advance shipping
Estambul,Brooklyn,Turquía,EE. UU.,2,97.0,97.0,Standard Class,Advance shipping
Manila,Wyandotte,Filipinas,EE. UU.,5,57.0,57.0,Standard Class,Late delivery
Astaná,Chesapeake,Kazajistán,EE. UU.,5,94.5,94.5,Standard Class,Late delivery
Guangzhou,Hyattsville,China,EE. UU.,2,91.0,91.0,Standard Class,Advance shipping
Lismore,Englewood,Australia,EE. UU.,4,72.77999878,72.77999878,Standard Class,Shipping on time
Nelson,Arlington Heights,Nueva Zelanda,EE. UU.,4,87.0,87.0,Standard Class,Shipping on time
Lahore,Bronx,Pakistán,EE. UU.,6,87.0,87.0,Standard Class,Late delivery
Hobart,Tampa,Australia,EE. UU.,2,314.6400146,314.6400146,Second Class,Shipping on time
Hobart,San Benito,Australia,EE. UU.,6,311.3599854,311.3599854,Standard Class,Late delivery
Hobart,Caguas,Australia,Puerto Rico,5,309.7200012,309.7200012,Standard Class,Late delivery
Yichun,Indianapolis,China,EE. UU.,4,304.8099976,304.8099976,Standard Class,Shipping on time
Daqing,Caguas,China,Puerto Rico,3,298.25,298.25,Standard Class,Advance shipping
Daqing,Enfield,China,EE. UU.,2,294.980011,294.980011,Second Class,Shipping on time
Daqing,Caguas,China,Puerto Rico,6,288.4200134,288.4200134,Second Class,Late delivery
Daqing,Los Angeles,China,EE. UU.,2,285.1400146,285.1400146,First Class,Late delivery
Daqing,Caguas,China,Puerto Rico,2,278.5899963,278.5899963,First Class,Late delivery
Daqing,Modesto,China,EE. UU.,2,275.3099976,275.3099976,First Class,Late delivery
Solapur,Caguas,India,Puerto Rico,2,272.0299988,272.0299988,First Class,Late delivery
Solapur,Irvington,India,EE. UU.,6,268.7600098,268.7600098,Standard Class,Late delivery
Solapur,Caguas,India,Puerto Rico,5,262.2000122,262.2000122,Standard Class,Late delivery
Chongqing,Norfolk,China,EE. UU.,4,245.8099976,245.8099976,Standard Class,Shipping on time
Perth,Gardena,Australia,EE. UU.,3,327.75,327.75,Standard Class,Advance shipping
Perth,Caguas,Australia,Puerto Rico,2,324.4700012,324.4700012,Standard Class,Advance shipping
Perth,Honolulu,Australia,EE. UU.,6,321.2000122,321.2000122,Standard Class,Shipping canceled
Perth,Caguas,Australia,Puerto Rico,5,317.9200134,317.9200134,Second Class,Late delivery
Zhaoqing,Newark,China,EE. UU.,4,314.6400146,314.6400146,Second Class,Late delivery
Caloocan,Forest Hills,Filipinas,EE. UU.,3,311.3599854,311.3599854,Second Class,Late delivery
Tegal,Caguas,Indonesia,Puerto Rico,2,309.7200012,309.7200012,First Class,Late delivery
Suzhou,Ontario,China,EE. UU.,2,304.8099976,304.8099976,First Class,Late delivery
Chongqing,Caguas,China,Puerto Rico,2,298.25,298.25,First Class,Late delivery
Medan,Webster,Indonesia,EE. UU.,2,294.980011,294.980011,First Class,Late delivery
Adelaide,New York,Australia,EE. UU.,2,288.4200134,288.4200134,First Class,Late delivery
Manila,Brownsville,Filipinas,EE. UU.,0,285.1400146,285.1400146,Same Day,Shipping on time
Toowoomba,Caguas,Australia,Puerto Rico,6,278.5899963,278.5899963,Standard Class,Late delivery
Toowoomba,Dearborn,Australia,EE. UU.,5,275.3099976,275.3099976,Standard Class,Late delivery
Bihar Sharif,Corona,India,EE. UU.,4,272.0299988,272.0299988,Standard Class,Shipping on time
Pune,Caguas,India,Puerto Rico,3,268.7600098,268.7600098,Standard Class,Advance shipping
Semarang,New York,Indonesia,EE. UU.,2,262.2000122,262.2000122,Standard Class,Advance shipping
Semarang,Carrollton,Indonesia,EE. UU.,6,245.8099976,245.8099976,Standard Class,Late delivery
Taixing,Bakersfield,China,EE. UU.,5,327.75,327.75,Second Class,Late delivery
Taixing,Caguas,China,Puerto Rico,4,324.4700012,324.4700012,Second Class,Late delivery
Sydney,Compton,Australia,EE. UU.,3,321.2000122,321.2000122,Second Class,Late delivery
Canberra,Simi Valley,Australia,EE. UU.,2,317.9200134,317.9200134,Second Class,Shipping on time
Mackay,Caguas,Australia,Puerto Rico,6,314.6400146,314.6400146,Second Class,Late delivery
Mackay,Lancaster,Australia,EE. UU.,2,311.3599854,311.3599854,First Class,Late delivery
Mackay,Garland,Australia,EE. UU.,4,309.7200012,309.7200012,Second Class,Late delivery
Mackay,Arecibo,Australia,Puerto Rico,3,304.8099976,304.8099976,Standard Class,Advance shipping
Mackay,Caguas,Australia,Puerto Rico,2,298.25,298.25,Standard Class,Advance shipping
Mackay,Opelousas,Australia,EE. UU.,6,294.980011,294.980011,Standard Class,Late delivery
Mackay,Caguas,Australia,Puerto Rico,5,288.4200134,288.4200134,Second Class,Late delivery
Adelaide,Riverside,Australia,EE. UU.,4,285.1400146,285.1400146,Second Class,Late delivery
Adelaide,Waipahu,Australia,EE. UU.,3,278.5899963,278.5899963,Standard Class,Advance shipping
Rangún,Caguas,Myanmar (Birmania),Puerto Rico,2,275.3099976,275.3099976,Standard Class,Advance shipping
Caloundra,Tucson,Australia,EE. UU.,6,272.0299988,272.0299988,Standard Class,Late delivery
Newcastle,Los Angeles,Australia,EE. UU.,5,268.7600098,268.7600098,Standard Class,Shipping canceled
Gold Coast,Carmichael,Australia,EE. UU.,4,262.2000122,262.2000122,Second Class,Late delivery
Delhi,Caguas,India,Puerto Rico,1,245.8099976,245.8099976,Same Day,Late delivery
Manado,Tustin,Indonesia,EE. UU.,2,327.75,327.75,Standard Class,Advance shipping
Jiangyan,Caguas,China,Puerto Rico,6,324.4700012,324.4700012,Standard Class,Late delivery
Jiangyan,Loveland,China,EE. UU.,5,321.2000122,321.2000122,Standard Class,Late delivery
Jiangyan,Miami,China,EE. UU.,4,317.9200134,317.9200134,Standard Class,Shipping on time
Jiangyan,Anaheim,China,EE. UU.,3,314.6400146,314.6400146,Standard Class,Shipping canceled
Sydney,Chicago,Australia,EE. UU.,2,311.3599854,311.3599854,Standard Class,Advance shipping
Sydney,Caguas,Australia,Puerto Rico,6,309.7200012,309.7200012,Standard Class,Late delivery
Melbourne,Detroit,Australia,EE. UU.,5,304.8099976,304.8099976,Standard Class,Late delivery
Mardan,Canton,Pakistán,EE. UU.,4,298.25,298.25,Standard Class,Shipping on time
Mardan,Stafford,Pakistán,EE. UU.,3,294.980011,294.980011,Standard Class,Advance shipping
Newcastle,Caguas,Australia,Puerto Rico,2,288.4200134,288.4200134,Standard Class,Advance shipping
Newcastle,San Diego,Australia,EE. UU.,6,285.1400146,285.1400146,Standard Class,Late delivery
Xinzhou,Caguas,China,Puerto Rico,5,278.5899963,278.5899963,Second Class,Late delivery
Nanchong,Bronx,China,EE. UU.,4,275.3099976,275.3099976,Second Class,Late delivery
Nom Pen,Caguas,Camboya,Puerto Rico,3,272.0299988,272.0299988,Standard Class,Advance shipping
Bandung,South Richmond Hill,Indonesia,EE. UU.,2,268.7600098,268.7600098,Standard Class,Advance shipping
Bandung,Caguas,Indonesia,Puerto Rico,6,262.2000122,262.2000122,Second Class,Late delivery
Bandung,Middletown,Indonesia,EE. UU.,5,245.8099976,245.8099976,Second Class,Shipping canceled
Patna,Gilroy,India,EE. UU.,2,327.75,327.75,Standard Class,Advance shipping
Patna,Caguas,India,Puerto Rico,6,324.4700012,324.4700012,Standard Class,Late delivery
Patna,Azusa,India,EE. UU.,5,321.2000122,321.2000122,Standard Class,Late delivery
Patna,Caguas,India,Puerto Rico,4,317.9200134,317.9200134,Standard Class,Shipping on time
Patna,Lenoir,India,EE. UU.,3,314.6400146,314.6400146,Standard Class,Advance shipping
Patna,Columbus,India,EE. UU.,2,311.3599854,311.3599854,Standard Class,Advance shipping
Patna,Albany,India,EE. UU.,6,309.7200012,309.7200012,Standard Class,Late delivery
Patna,Humacao,India,Puerto Rico,5,304.8099976,304.8099976,Standard Class,Late delivery
Sydney,Caguas,Australia,Puerto Rico,4,298.25,298.25,Second Class,Late delivery
Faridabad,Lindenhurst,India,EE. UU.,3,294.980011,294.980011,Standard Class,Advance shipping
Faridabad,Elyria,India,EE. UU.,2,288.4200134,288.4200134,Standard Class,Advance shipping
Adelaide,Riverside,Australia,EE. UU.,5,278.5899963,278.5899963,Standard Class,Late delivery
Adelaide,Caguas,Australia,Puerto Rico,4,275.3099976,275.3099976,Standard Class,Shipping on time
Adelaide,Carson,Australia,EE. UU.,3,272.0299988,272.0299988,Standard Class,Advance shipping
Lahore,Mesa,Pakistán,EE. UU.,2,268.7600098,268.7600098,First Class,Late delivery
Yakarta,Caguas,Indonesia,Puerto Rico,2,262.2000122,262.2000122,First Class,Late delivery
Yakarta,Honolulu,Indonesia,EE. UU.,2,245.8099976,245.8099976,First Class,Late delivery
Yakarta,Caguas,Indonesia,Puerto Rico,2,327.75,327.75,First Class,Late delivery
Yakarta,Tampa,Indonesia,EE. UU.,3,324.4700012,324.4700012,Standard Class,Advance shipping
Semarang,San Benito,Indonesia,EE. UU.,2,321.2000122,321.2000122,Standard Class,Advance shipping
Semarang,Caguas,Indonesia,Puerto Rico,6,317.9200134,317.9200134,Standard Class,Late delivery
Ulan Bator,Indianapolis,Mongolia,EE. UU.,5,314.6400146,314.6400146,Standard Class,Late delivery
Maryborough,Caguas,Australia,Puerto Rico,4,311.3599854,311.3599854,Standard Class,Shipping on time
Pekín,Enfield,China,EE. UU.,3,309.7200012,309.7200012,Standard Class,Advance shipping
Thane,Caguas,India,Puerto Rico,2,304.8099976,304.8099976,Second Class,Shipping on time
Thane,Los Angeles,India,EE. UU.,6,298.25,298.25,Standard Class,Late delivery
Sydney,Caguas,Australia,Puerto Rico,5,294.980011,294.980011,Second Class,Late delivery
Rangún,Modesto,Myanmar (Birmania),EE. UU.,2,288.4200134,288.4200134,First Class,Late delivery
Rangún,Caguas,Myanmar (Birmania),Puerto Rico,3,285.1400146,285.1400146,Standard Class,Advance shipping
Rangún,Irvington,Myanmar (Birmania),EE. UU.,2,278.5899963,278.5899963,Second Class,Shipping on time
Rangún,Caguas,Myanmar (Birmania),Puerto Rico,6,275.3099976,275.3099976,Second Class,Late delivery
Rangún,Norfolk,Myanmar (Birmania),EE. UU.,5,272.0299988,272.0299988,Second Class,Late delivery
Rangún,Gardena,Myanmar (Birmania),EE. UU.,2,268.7600098,268.7600098,First Class,Late delivery
Yakarta,Caguas,Indonesia,Puerto Rico,3,262.2000122,262.2000122,Standard Class,Advance shipping
Yakarta,Honolulu,Indonesia,EE. UU.,2,245.8099976,245.8099976,Standard Class,Shipping canceled
Huangshan,Caguas,China,Puerto Rico,6,327.75,327.75,Standard Class,Late delivery
Rangún,Newark,Myanmar (Birmania),EE. UU.,5,324.4700012,324.4700012,Standard Class,Late delivery
Rangún,Forest Hills,Myanmar (Birmania),EE. UU.,4,321.2000122,321.2000122,Standard Class,Shipping on time
Seúl,Caguas,Corea del Sur,Puerto Rico,0,317.9200134,317.9200134,Same Day,Shipping on time
Valenzuela,Ontario,Filipinas,EE. UU.,2,314.6400146,314.6400146,Standard Class,Advance shipping
Valenzuela,Caguas,Filipinas,Puerto Rico,6,311.3599854,311.3599854,Standard Class,Late delivery
Valenzuela,Webster,Filipinas,EE. UU.,5,309.7200012,309.7200012,Standard Class,Late delivery
Hubli,New York,India,EE. UU.,4,304.8099976,304.8099976,Standard Class,Shipping on time
Hubli,Brownsville,India,EE. UU.,3,298.25,298.25,Standard Class,Advance shipping
Kwinana,Caguas,Australia,Puerto Rico,2,294.980011,294.980011,Standard Class,Advance shipping
Kwinana,Dearborn,Australia,EE. UU.,6,288.4200134,288.4200134,Standard Class,Late delivery
Kwinana,Corona,Australia,EE. UU.,5,285.1400146,285.1400146,Standard Class,Shipping canceled
Madurai,Caguas,India,Puerto Rico,4,278.5899963,278.5899963,Standard Class,Shipping on time
Qingdao,New York,China,EE. UU.,3,275.3099976,275.3099976,Standard Class,Advance shipping
Yakarta,Carrollton,Indonesia,EE. UU.,2,272.0299988,272.0299988,Standard Class,Advance shipping
Surabaya,Bakersfield,Indonesia,EE. UU.,2,268.7600098,268.7600098,First Class,Late delivery
Manila,Caguas,Filipinas,Puerto Rico,2,262.2000122,262.2000122,First Class,Late delivery
Manila,Compton,Filipinas,EE. UU.,2,245.8099976,245.8099976,First Class,Shipping canceled
Manila,Simi Valley,Filipinas,EE. UU.,3,327.75,327.75,Standard Class,Advance shipping
Manila,Caguas,Filipinas,Puerto Rico,2,324.4700012,324.4700012,Standard Class,Advance shipping
Manila,Lancaster,Filipinas,EE. UU.,6,321.2000122,321.2000122,Standard Class,Late delivery
Adelaide,Garland,Australia,EE. UU.,5,317.9200134,317.9200134,Standard Class,Late delivery
Adelaide,Arecibo,Australia,Puerto Rico,2,314.6400146,314.6400146,First Class,Late delivery
Adelaide,Caguas,Australia,Puerto Rico,2,311.3599854,311.3599854,First Class,Late delivery
Adelaide,Opelousas,Australia,EE. UU.,2,309.7200012,309.7200012,Standard Class,Advance shipping
Wenzhou,Caguas,China,Puerto Rico,6,304.8099976,304.8099976,Standard Class,Late delivery
Wenzhou,Riverside,China,EE. UU.,5,298.25,298.25,Standard Class,Late delivery
Yakarta,Waipahu,Indonesia,EE. UU.,4,294.980011,294.980011,Standard Class,Shipping on time
Ho Chi Minh City,Caguas,Vietnam,Puerto Rico,3,288.4200134,288.4200134,Standard Class,Advance shipping
Ho Chi Minh City,Tucson,Vietnam,EE. UU.,2,285.1400146,285.1400146,First Class,Late delivery
Ho Chi Minh City,Los Angeles,Vietnam,EE. UU.,6,278.5899963,278.5899963,Standard Class,Late delivery
Ho Chi Minh City,Carmichael,Vietnam,EE. UU.,5,275.3099976,275.3099976,Standard Class,Late delivery
Ho Chi Minh City,Caguas,Vietnam,Puerto Rico,4,272.0299988,272.0299988,Standard Class,Shipping on time
Suzhou,Tustin,China,EE. UU.,3,268.7600098,268.7600098,Standard Class,Advance shipping
Suzhou,Caguas,China,Puerto Rico,2,262.2000122,262.2000122,Standard Class,Advance shipping
Ho Chi Minh City,Loveland,Vietnam,EE. UU.,6,245.8099976,245.8099976,Standard Class,Late delivery
Ho Chi Minh City,Miami,Vietnam,EE. UU.,5,327.75,327.75,Standard Class,Late delivery
Chengdu,Anaheim,China,EE. UU.,4,324.4700012,324.4700012,Standard Class,Shipping on time
Huadian,Chicago,China,EE. UU.,3,321.2000122,321.2000122,Standard Class,Advance shipping
Rangún,Caguas,Myanmar (Birmania),Puerto Rico,2,317.9200134,317.9200134,Second Class,Shipping on time
Newcastle,Detroit,Australia,EE. UU.,2,314.6400146,314.6400146,First Class,Late delivery
Fatehpur,Canton,India,EE. UU.,5,311.3599854,311.3599854,Standard Class,Late delivery
Fatehpur,Stafford,India,EE. UU.,4,309.7200012,309.7200012,Standard Class,Shipping on time
Yancheng,Caguas,China,Puerto Rico,3,304.8099976,304.8099976,Standard Class,Advance shipping
Yancheng,San Diego,China,EE. UU.,2,298.25,298.25,Standard Class,Advance shipping
Yancheng,Caguas,China,Puerto Rico,6,294.980011,294.980011,Standard Class,Late delivery
Kediri,Bronx,Indonesia,EE. UU.,5,288.4200134,288.4200134,Standard Class,Late delivery
Coffs Harbour,Caguas,Australia,Puerto Rico,4,285.1400146,285.1400146,Standard Class,Shipping on time
Surakarta,South Richmond Hill,Indonesia,EE. UU.,3,278.5899963,278.5899963,Standard Class,Shipping canceled
Surakarta,Caguas,Indonesia,Puerto Rico,2,275.3099976,275.3099976,Standard Class,Advance shipping
Singapur,Middletown,Singapur,EE. UU.,6,272.0299988,272.0299988,Standard Class,Shipping canceled
Singapur,Caguas,Singapur,Puerto Rico,2,268.7600098,268.7600098,First Class,Late delivery
Shenzhen,Dallas,China,EE. UU.,2,262.2000122,262.2000122,First Class,Late delivery
Shenzhen,Caguas,China,Puerto Rico,2,245.8099976,245.8099976,First Class,Shipping canceled
Shenzhen,Eugene,China,EE. UU.,2,327.75,327.75,First Class,Late delivery
Yakarta,Chino Hills,Indonesia,EE. UU.,2,324.4700012,324.4700012,First Class,Late delivery
Yakarta,Caguas,Indonesia,Puerto Rico,2,321.2000122,321.2000122,First Class,Late delivery
Yakarta,Columbia,Indonesia,EE. UU.,2,317.9200134,317.9200134,First Class,Late delivery
Canberra,Glendale,Australia,EE. UU.,2,314.6400146,314.6400146,First Class,Late delivery
Bacoor,Caguas,Filipinas,Puerto Rico,2,311.3599854,311.3599854,Standard Class,Advance shipping
Thane,West Orange,India,EE. UU.,6,309.7200012,309.7200012,Standard Class,Late delivery
Thane,Daly City,India,EE. UU.,5,304.8099976,304.8099976,Standard Class,Late delivery
Bundaberg,Caguas,Australia,Puerto Rico,4,298.25,298.25,Standard Class,Shipping on time
Perth,Houston,Australia,EE. UU.,3,294.980011,294.980011,Standard Class,Advance shipping
Ipoh,Caguas,Malasia,Puerto Rico,2,288.4200134,288.4200134,Second Class,Shipping on time
Tongchuan,Strongsville,China,EE. UU.,6,285.1400146,285.1400146,Second Class,Late delivery
Goyang,Caguas,Corea del Sur,Puerto Rico,5,278.5899963,278.5899963,Standard Class,Late delivery
Goyang,Powder Springs,Corea del Sur,EE. UU.,4,275.3099976,275.3099976,Standard Class,Shipping on time
Goyang,Lilburn,Corea del Sur,EE. UU.,3,272.0299988,272.0299988,Standard Class,Advance shipping
Singapur,Parkville,Singapur,EE. UU.,2,268.7600098,268.7600098,Standard Class,Advance shipping
Depok,Caguas,Indonesia,Puerto Rico,6,262.2000122,262.2000122,Standard Class,Late delivery
Depok,Saint Paul,Indonesia,EE. UU.,5,245.8099976,245.8099976,Standard Class,Late delivery
Depok,Caguas,Indonesia,Puerto Rico,4,327.75,327.75,Standard Class,Shipping on time
Depok,Lockport,Indonesia,EE. UU.,3,324.4700012,324.4700012,Standard Class,Advance shipping
Depok,Detroit,Indonesia,EE. UU.,2,321.2000122,321.2000122,Standard Class,Advance shipping
Pasig,Caguas,Filipinas,Puerto Rico,6,317.9200134,317.9200134,Standard Class,Late delivery
Pasig,Hialeah,Filipinas,EE. UU.,5,314.6400146,314.6400146,Standard Class,Late delivery
Surabaya,Los Angeles,Indonesia,EE. UU.,4,311.3599854,311.3599854,Standard Class,Shipping on time
Surabaya,Brooklyn,Indonesia,EE. UU.,3,309.7200012,309.7200012,Second Class,Late delivery
Lahore,Caguas,Pakistán,Puerto Rico,2,304.8099976,304.8099976,Standard Class,Advance shipping
Lahore,Beloit,Pakistán,EE. UU.,6,298.25,298.25,Standard Class,Shipping canceled
Geelong,Los Angeles,Australia,EE. UU.,5,294.980011,294.980011,Second Class,Late delivery
Geelong,Caguas,Australia,Puerto Rico,4,288.4200134,288.4200134,Second Class,Late delivery
Ichalkaranji,Hamilton,India,EE. UU.,3,285.1400146,285.1400146,Second Class,Late delivery
Palembang,Caguas,Indonesia,Puerto Rico,2,278.5899963,278.5899963,Second Class,Shipping on time
Kota,Greenville,India,EE. UU.,0,275.3099976,275.3099976,Same Day,Shipping on time
Newcastle,Dallas,Australia,EE. UU.,0,272.0299988,272.0299988,Same Day,Shipping on time
Newcastle,Miami,Australia,EE. UU.,4,268.7600098,268.7600098,Standard Class,Shipping on time
Newcastle,Caguas,Australia,Puerto Rico,3,262.2000122,262.2000122,Standard Class,Advance shipping
Tegucigalpa,Caguas,Honduras,Puerto Rico,4,474.9500122,474.9500122,Second Class,Late delivery
Managua,Caguas,Nicaragua,Puerto Rico,6,296.9500122,296.9500122,Second Class,Late delivery
Managua,Caguas,Nicaragua,Puerto Rico,6,293.9500122,293.9500122,Second Class,Late delivery
Juazeiro,Caguas,Brasil,Puerto Rico,4,293.9500122,293.9500122,Second Class,Late delivery
Petapa,Caguas,Guatemala,Puerto Rico,6,283.4500122,283.4500122,Second Class,Late delivery
São Bernardo do Campo,Caguas,Brasil,Puerto Rico,3,283.4500122,283.4500122,Second Class,Late delivery
San Martín,Caguas,El Salvador,Puerto Rico,2,260.9599915,260.9599915,Second Class,Shipping on time
San Salvador,Caguas,El Salvador,Puerto Rico,6,254.9600067,254.9600067,Second Class,Late delivery
Lima,Caguas,Perú,Puerto Rico,4,254.9600067,254.9600067,Second Class,Late delivery
Dos Quebradas,Caguas,Colombia,Puerto Rico,4,245.9600067,245.9600067,Second Class,Late delivery
Irapuato,Caguas,México,Puerto Rico,3,224.9600067,224.9600067,Second Class,Late delivery
Santo Domingo,Caguas,República Dominicana,Puerto Rico,3,245.0,245.0,Second Class,Late delivery
Ocotlán,Caguas,México,Puerto Rico,4,195.9499969,195.9499969,Second Class,Late delivery
Mexico City,Caguas,México,Puerto Rico,2,242.5,242.5,Second Class,Shipping on time
Presidente Dutra,Caguas,Brasil,Puerto Rico,5,237.5,237.5,Second Class,Late delivery
Santo Domingo,Caguas,República Dominicana,Puerto Rico,5,188.9499969,188.9499969,Second Class,Late delivery
San Salvador,Caguas,El Salvador,Puerto Rico,6,181.9499969,181.9499969,Second Class,Late delivery
Mauá,Caguas,Brasil,Puerto Rico,4,220.0,220.0,Second Class,Late delivery
Mauá,Caguas,Brasil,Puerto Rico,4,217.5,217.5,Second Class,Late delivery
São Paulo,Caguas,Brasil,Puerto Rico,3,217.5,217.5,Second Class,Late delivery
São Paulo,Caguas,Brasil,Puerto Rico,4,205.0,205.0,Second Class,Late delivery
Murray Bridge,Caguas,Australia,Puerto Rico,6,494.9500122,494.9500122,Second Class,Late delivery
Newcastle,Caguas,Australia,Puerto Rico,5,449.9599915,449.9599915,Second Class,Late delivery
Ho Chi Minh City,Caguas,Vietnam,Puerto Rico,5,293.9500122,293.9500122,Second Class,Late delivery
Qom,Caguas,Irán,Puerto Rico,3,290.9500122,290.9500122,Second Class,Late delivery
Manukau City,Caguas,Nueva Zelanda,Puerto Rico,5,287.9500122,287.9500122,Second Class,Late delivery
Lismore,Caguas,Australia,Puerto Rico,4,283.4500122,283.4500122,Second Class,Late delivery
Christchurch,Caguas,Nueva Zelanda,Puerto Rico,2,239.9600067,239.9600067,Second Class,Shipping on time
Kabul,Caguas,Afganistán,Puerto Rico,5,245.0,245.0,Second Class,Late delivery
Melbourne,Caguas,Australia,Puerto Rico,2,240.0,240.0,Second Class,Shipping on time
Melbourne,Caguas,Australia,Puerto Rico,2,173.9600067,173.9600067,Second Class,Shipping on time
Houston,Caguas,Estados Unidos,Puerto Rico,3,283.4500122,283.4500122,Second Class,Late delivery
Tulsa,Caguas,Estados Unidos,Puerto Rico,2,260.9599915,260.9599915,Second Class,Shipping on time
San Francisco,Caguas,Estados Unidos,Puerto Rico,6,179.9600067,179.9600067,Second Class,Late delivery
Moreno Valley,Caguas,Estados Unidos,Puerto Rico,6,225.0,225.0,Second Class,Late delivery
Oakland,Caguas,Estados Unidos,Puerto Rico,2,207.5,207.5,Second Class,Shipping on time
Philadelphia,Caguas,Estados Unidos,Puerto Rico,6,121.1999969,121.1999969,Second Class,Late delivery
Zaria,Caguas,Nigeria,Puerto Rico,2,37.5,37.5,Standard Class,Advance shipping
Kinshasa,Caguas,República Democrática del Congo,Puerto Rico,6,74.98999786,74.98999786,Standard Class,Late delivery
Luanda,Aguadilla,Angola,Puerto Rico,4,129.9900055,129.9900055,Standard Class,Shipping on time
Kampala,Caguas,Uganda,Puerto Rico,4,129.9900055,129.9900055,Standard Class,Shipping on time
Luanda,Aguadilla,Angola,Puerto Rico,4,128.6900024,128.6900024,Standard Class,Shipping on time
Port Harcourt,Caguas,Nigeria,Puerto Rico,6,127.3899994,127.3899994,Standard Class,Late delivery
Johannesburg,Caguas,SudAfrica,Puerto Rico,6,126.0899963,126.0899963,Standard Class,Late delivery
Minna,Caguas,Nigeria,Puerto Rico,4,58.18999863,58.18999863,Standard Class,Shipping on time
Kinshasa,Caguas,República Democrática del Congo,Puerto Rico,3,124.7900009,124.7900009,Standard Class,Advance shipping
Constantina,Caguas,Argelia,Puerto Rico,3,54.59000015,54.59000015,Standard Class,Advance shipping
Abakaliki,Caguas,Nigeria,Puerto Rico,3,110.4899979,110.4899979,Standard Class,Advance shipping
Johannesburg,Caguas,SudAfrica,Puerto Rico,6,50.38999939,50.38999939,Standard Class,Late delivery
Kano,Caguas,Nigeria,Puerto Rico,3,109.1900024,109.1900024,Standard Class,Advance shipping
Stellenbosch,Caguas,SudAfrica,Puerto Rico,2,107.8899994,107.8899994,Standard Class,Advance shipping
Casablanca,Caguas,Marruecos,Puerto Rico,5,106.5899963,106.5899963,Standard Class,Late delivery
Kinshasa,Caguas,República Democrática del Congo,Puerto Rico,6,97.48999786,97.48999786,Standard Class,Late delivery
Abu Kabir,Caguas,Egipto,Puerto Rico,3,44.99000168,44.99000168,Standard Class,Advance shipping
Tangier,Caguas,Marruecos,Puerto Rico,6,97.48999786,97.48999786,Standard Class,Late delivery
Maseru,Caguas,Lesoto,Puerto Rico,6,44.99000168,44.99000168,Standard Class,Late delivery
Dakar,Caguas,Senegal,Puerto Rico,4,46.5,46.5,Standard Class,Shipping on time
Johannesburg,Caguas,SudAfrica,Puerto Rico,6,44.0,44.0,Standard Class,Late delivery
Soweto,Caguas,SudAfrica,Puerto Rico,3,31.67000008,31.67000008,Standard Class,Advance shipping
Antananarivo,Caguas,Madagascar,Puerto Rico,5,22.73999977,22.73999977,Standard Class,Late delivery
Lagos,Caguas,Nigeria,Puerto Rico,5,290.980011,290.980011,Standard Class,Late delivery
Port Harcourt,Caguas,Nigeria,Puerto Rico,6,287.980011,287.980011,Standard Class,Late delivery
Dakar,Caguas,Senegal,Puerto Rico,4,278.980011,278.980011,Standard Class,Shipping on time
Abakaliki,Caguas,Nigeria,Puerto Rico,3,278.980011,278.980011,Standard Class,Advance shipping
Antananarivo,Carolina,Madagascar,Puerto Rico,3,263.980011,263.980011,Standard Class,Advance shipping
Dar es Salaam,Caguas,Tanzania,Puerto Rico,6,260.980011,260.980011,Standard Class,Late delivery
Casablanca,Caguas,Marruecos,Puerto Rico,5,254.9799957,254.9799957,Standard Class,Late delivery
Johannesburg,Caguas,SudAfrica,Puerto Rico,6,248.9799957,248.9799957,Standard Class,Late delivery
Kampala,Caguas,Uganda,Puerto Rico,4,245.9799957,245.9799957,Standard Class,Shipping on time
Kampala,Caguas,Uganda,Puerto Rico,4,239.9799957,239.9799957,Standard Class,Shipping on time
Fontenay-aux-Roses,Caguas,Francia,Puerto Rico,3,1230.0,1230.0,Standard Class,Advance shipping
Badalona,Caguas,España,Puerto Rico,5,110.4899979,110.4899979,Standard Class,Late delivery
Badalona,Caguas,España,Puerto Rico,5,109.1900024,109.1900024,Standard Class,Late delivery
Gothenburg,Caguas,Suecia,Puerto Rico,6,45.0,45.0,Standard Class,Late delivery
Glasgow,Caguas,Reino Unido,Puerto Rico,3,197.0099945,197.0099945,Standard Class,Advance shipping
Viersen,Caguas,Alemania,Puerto Rico,4,391.980011,391.980011,Standard Class,Shipping on time
Viersen,Caguas,Alemania,Puerto Rico,4,248.9799957,248.9799957,Standard Class,Shipping on time
Turku,Caguas,Finlandia,Puerto Rico,6,27.96999931,27.96999931,Standard Class,Late delivery
Estocolmo,Caguas,Suecia,Puerto Rico,6,452.0400085,452.0400085,Standard Class,Late delivery
Monza,Caguas,Italia,Puerto Rico,2,252.8800049,252.8800049,Standard Class,Advance shipping
Swindon,Caguas,Reino Unido,Puerto Rico,5,447.519989,447.519989,Standard Class,Late delivery
Brest,Caguas,Francia,Puerto Rico,6,447.519989,447.519989,Standard Class,Late delivery
Le Chesnay,Caguas,Francia,Puerto Rico,4,438.480011,438.480011,Standard Class,Shipping on time
Malakoff,Caguas,Francia,Puerto Rico,2,420.3999939,420.3999939,Standard Class,Advance shipping
Valladolid,Caguas,España,Puerto Rico,4,227.5899963,227.5899963,Standard Class,Shipping on time
Sevran,Caguas,Francia,Puerto Rico,4,397.7999878,397.7999878,Standard Class,Shipping on time
Utrecht,Caguas,Países Bajos,Puerto Rico,2,393.269989,393.269989,Standard Class,Advance shipping
Madrid,Caguas,España,Puerto Rico,2,1275.0,1275.0,Standard Class,Advance shipping
Vincennes,Caguas,Francia,Puerto Rico,2,384.230011,384.230011,Standard Class,Advance shipping
Berlín,Caguas,Alemania,Puerto Rico,4,379.7099915,379.7099915,Standard Class,Shipping on time
The Hague,Caguas,Países Bajos,Puerto Rico,3,379.7099915,379.7099915,Standard Class,Advance shipping
Caen,Caguas,Francia,Puerto Rico,6,379.7099915,379.7099915,Standard Class,Late delivery
Nieuwegein,Caguas,Países Bajos,Puerto Rico,5,1245.0,1245.0,Standard Class,Late delivery
Darton,Caguas,Reino Unido,Puerto Rico,4,287.9899902,287.9899902,Standard Class,Shipping on time
Northampton,Caguas,Reino Unido,Puerto Rico,6,65.58999634,65.58999634,Standard Class,Late delivery
Halle,Caguas,Alemania,Puerto Rico,5,99.98999786,99.98999786,Standard Class,Late delivery
Dniprodzerzhyns'k,Caguas,Ucrania,Puerto Rico,5,98.98999786,98.98999786,Standard Class,Late delivery
The Hague,Caguas,Países Bajos,Puerto Rico,5,98.98999786,98.98999786,Standard Class,Late delivery
Roissy-en-Brie,Caguas,Francia,Puerto Rico,3,95.98999786,95.98999786,Standard Class,Advance shipping
Brive-la-Gaillarde,Caguas,Francia,Puerto Rico,2,86.98999786,86.98999786,Standard Class,Advance shipping
Turin,Caguas,Italia,Puerto Rico,6,76.48999786,76.48999786,Standard Class,Late delivery
Le Petit-Quevilly,Caguas,Francia,Puerto Rico,3,83.98999786,83.98999786,Standard Class,Advance shipping
Northampton,Caguas,Reino Unido,Puerto Rico,6,82.98999786,82.98999786,Standard Class,Late delivery
Trier,Caguas,Alemania,Puerto Rico,5,81.98999786,81.98999786,Standard Class,Late delivery
Gdansk,Caguas,Polonia,Puerto Rico,2,79.98999786,79.98999786,Standard Class,Advance shipping
Perugia,Caguas,Italia,Puerto Rico,6,74.98999786,74.98999786,Standard Class,Late delivery
London,Caguas,Reino Unido,Puerto Rico,6,59.99000168,59.99000168,Standard Class,Late delivery
Badalona,Caguas,España,Puerto Rico,2,129.9900055,129.9900055,Standard Class,Advance shipping
Munich,Caguas,Alemania,Puerto Rico,6,357.1000061,357.1000061,Standard Class,Late delivery
Rouen,Caguas,Francia,Puerto Rico,5,461.480011,461.480011,Standard Class,Late delivery
Velbert,Caguas,Alemania,Puerto Rico,6,129.9900055,129.9900055,Standard Class,Late delivery
Avignon,Caguas,Francia,Puerto Rico,5,129.9900055,129.9900055,Standard Class,Late delivery
Turku,Caguas,Finlandia,Puerto Rico,4,353.5299988,353.5299988,Standard Class,Shipping on time
Preston,Caguas,Reino Unido,Puerto Rico,6,128.6900024,128.6900024,Standard Class,Late delivery
Trapani,Caguas,Italia,Puerto Rico,6,128.6900024,128.6900024,Standard Class,Late delivery
Aprilia,Caguas,Italia,Puerto Rico,6,128.6900024,128.6900024,Standard Class,Late delivery
Meudon,Caguas,Francia,Puerto Rico,2,59.38999939,59.38999939,Standard Class,Advance shipping
Dortmund,Caguas,Alemania,Puerto Rico,4,59.38999939,59.38999939,Standard Class,Shipping on time
Roissy-en-Brie,Caguas,Francia,Puerto Rico,3,128.6900024,128.6900024,Standard Class,Advance shipping
Trier,Caguas,Alemania,Puerto Rico,5,128.6900024,128.6900024,Standard Class,Late delivery
Mykolayiv,Caguas,Ucrania,Puerto Rico,2,127.3899994,127.3899994,Standard Class,Advance shipping
Preston,Caguas,Reino Unido,Puerto Rico,6,58.79000092,58.79000092,Standard Class,Late delivery
Colchester,Caguas,Reino Unido,Puerto Rico,6,127.3899994,127.3899994,Standard Class,Late delivery
Cosenza,Caguas,Italia,Puerto Rico,5,127.3899994,127.3899994,Standard Class,Late delivery
Aprilia,Caguas,Italia,Puerto Rico,6,127.3899994,127.3899994,Standard Class,Late delivery
Las Rozas de Madrid,Caguas,España,Puerto Rico,4,127.3899994,127.3899994,Standard Class,Shipping on time
Hasselt,Caguas,Bélgica,Puerto Rico,5,127.3899994,127.3899994,Standard Class,Late delivery
Trier,Caguas,Alemania,Puerto Rico,5,127.3899994,127.3899994,Standard Class,Late delivery
Oslo,Caguas,Noruega,Puerto Rico,6,126.0899963,126.0899963,Standard Class,Late delivery
Barcelona,Caguas,España,Puerto Rico,6,126.0899963,126.0899963,Standard Class,Late delivery
Madrid,Caguas,España,Puerto Rico,4,126.0899963,126.0899963,Standard Class,Shipping on time
Las Rozas de Madrid,Caguas,España,Puerto Rico,4,126.0899963,126.0899963,Standard Class,Shipping on time
Paris,Caguas,Francia,Puerto Rico,3,58.18999863,58.18999863,Standard Class,Advance shipping
Rostock,Caguas,Alemania,Puerto Rico,4,126.0899963,126.0899963,Standard Class,Shipping on time
Tours,Caguas,Francia,Puerto Rico,2,126.0899963,126.0899963,Standard Class,Advance shipping
Oslo,Caguas,Noruega,Puerto Rico,6,124.7900009,124.7900009,Standard Class,Late delivery
Dublín,Caguas,Irlanda,Puerto Rico,4,124.7900009,124.7900009,Standard Class,Shipping on time
Altamura,Caguas,Italia,Puerto Rico,6,124.7900009,124.7900009,Standard Class,Late delivery
Madrid,Caguas,España,Puerto Rico,4,124.7900009,124.7900009,Standard Class,Shipping on time
Rennes,Caguas,Francia,Puerto Rico,6,287.9899902,287.9899902,Standard Class,Late delivery
Toulon,Caguas,Francia,Puerto Rico,2,124.7900009,124.7900009,Standard Class,Advance shipping
Tours,Caguas,Francia,Puerto Rico,2,124.7900009,124.7900009,Standard Class,Advance shipping
Reutlingen,Caguas,Alemania,Puerto Rico,6,124.7900009,124.7900009,Standard Class,Late delivery
Vilna,Caguas,Lituania,Puerto Rico,6,123.4899979,123.4899979,Standard Class,Late delivery
Lincoln,Caguas,Reino Unido,Puerto Rico,5,123.4899979,123.4899979,Standard Class,Late delivery
Aschaffenburg,Caguas,Alemania,Puerto Rico,6,438.4100037,438.4100037,Standard Class,Late delivery
Bremen,Caguas,Alemania,Puerto Rico,2,123.4899979,123.4899979,Standard Class,Advance shipping
Heidelberg,Caguas,Alemania,Puerto Rico,2,123.4899979,123.4899979,Standard Class,Advance shipping
Bilbao,Caguas,España,Puerto Rico,4,56.68999863,56.68999863,Standard Class,Shipping on time
Wuppertal,Caguas,Alemania,Puerto Rico,2,337.4599915,337.4599915,Standard Class,Advance shipping
Mont-de-Marsan,Caguas,Francia,Puerto Rico,4,122.8399963,122.8399963,Standard Class,Shipping on time
Stoke-on-Trent,Caguas,Reino Unido,Puerto Rico,4,55.79000092,55.79000092,Standard Class,Shipping on time
Glasgow,Caguas,Reino Unido,Puerto Rico,3,120.8899994,120.8899994,Standard Class,Advance shipping
Trapani,Caguas,Italia,Puerto Rico,4,120.8899994,120.8899994,Standard Class,Shipping on time
Garches,Caguas,Francia,Puerto Rico,2,120.8899994,120.8899994,Standard Class,Advance shipping
Glasgow,Caguas,Reino Unido,Puerto Rico,3,118.2900009,118.2900009,Standard Class,Advance shipping
Trapani,Caguas,Italia,Puerto Rico,6,54.59000015,54.59000015,Standard Class,Late delivery
Bilbao,Caguas,España,Puerto Rico,4,118.2900009,118.2900009,Standard Class,Shipping on time
Perugia,Caguas,Italia,Puerto Rico,6,118.2900009,118.2900009,Standard Class,Late delivery
Trapani,Caguas,Italia,Puerto Rico,4,118.2900009,118.2900009,Standard Class,Shipping on time
The Hague,Caguas,Países Bajos,Puerto Rico,5,118.2900009,118.2900009,Standard Class,Late delivery
Bilbao,Caguas,España,Puerto Rico,4,116.9899979,116.9899979,Standard Class,Shipping on time
Pozzuoli,Caguas,Italia,Puerto Rico,6,116.9899979,116.9899979,Standard Class,Late delivery
Rennes,Caguas,Francia,Puerto Rico,6,116.9899979,116.9899979,Standard Class,Late delivery
Bordeaux,Caguas,Francia,Puerto Rico,4,116.9899979,116.9899979,Standard Class,Shipping on time
Zwickau,Caguas,Alemania,Puerto Rico,4,52.79000092,52.79000092,Standard Class,Shipping on time
Brive-la-Gaillarde,Caguas,Francia,Puerto Rico,2,114.3899994,114.3899994,Standard Class,Advance shipping
Offenbach,Caguas,Alemania,Puerto Rico,6,114.3899994,114.3899994,Standard Class,Late delivery
Dnipropetrovsk,Caguas,Ucrania,Puerto Rico,4,52.18999863,52.18999863,Standard Class,Shipping on time
La Baule-Escoublac,Caguas,Francia,Puerto Rico,5,401.4899902,401.4899902,Standard Class,Late delivery
Wigan,Caguas,Reino Unido,Puerto Rico,3,110.4899979,110.4899979,Standard Class,Advance shipping
Edinburgh,Caguas,Reino Unido,Puerto Rico,2,110.4899979,110.4899979,Standard Class,Advance shipping
La Seyne-sur-Mer,Caguas,Francia,Puerto Rico,5,50.99000168,50.99000168,Standard Class,Late delivery
Charleroi,Caguas,Bélgica,Puerto Rico,3,110.4899979,110.4899979,Standard Class,Advance shipping
Mons-en-Baroeul,Caguas,Francia,Puerto Rico,5,110.4899979,110.4899979,Standard Class,Late delivery
Timisoara,Caguas,Rumania,Puerto Rico,5,50.38999939,50.38999939,Standard Class,Late delivery
Dniprodzerzhyns'k,Caguas,Ucrania,Puerto Rico,5,109.1900024,109.1900024,Standard Class,Late delivery
La Seyne-sur-Mer,Caguas,Francia,Puerto Rico,5,50.38999939,50.38999939,Standard Class,Late delivery
Berne,Caguas,Suiza,Puerto Rico,6,109.1900024,109.1900024,Standard Class,Late delivery
London,Caguas,Reino Unido,Puerto Rico,6,107.8899994,107.8899994,Second Class,Late delivery
Vilna,Humacao,Lituania,Puerto Rico,3,107.8899994,107.8899994,Second Class,Late delivery
Aberdeen,Caguas,Reino Unido,Puerto Rico,3,107.8899994,107.8899994,Second Class,Late delivery
Berlín,Caguas,Alemania,Puerto Rico,4,49.79000092,49.79000092,Second Class,Late delivery
Lohne,Caguas,Alemania,Puerto Rico,2,49.79000092,49.79000092,Second Class,Shipping on time
Celle,Caguas,Alemania,Puerto Rico,5,107.8899994,107.8899994,Second Class,Late delivery
Garches,Caguas,Francia,Puerto Rico,2,107.8899994,107.8899994,Second Class,Shipping on time
London,Caguas,Reino Unido,Puerto Rico,6,106.5899963,106.5899963,Second Class,Late delivery
Treviso,Caguas,Italia,Puerto Rico,5,292.8200073,292.8200073,Second Class,Late delivery
Hasselt,Caguas,Bélgica,Puerto Rico,3,292.8200073,292.8200073,Second Class,Late delivery
Nice,Caguas,Francia,Puerto Rico,4,106.5899963,106.5899963,Second Class,Late delivery
Le Blanc-Mesnil,Caguas,Francia,Puerto Rico,6,106.5899963,106.5899963,Second Class,Late delivery
Dijon,Caguas,Francia,Puerto Rico,2,106.5899963,106.5899963,Second Class,Shipping on time
Antony,Caguas,Francia,Puerto Rico,6,106.5899963,106.5899963,Second Class,Late delivery
Birmingham,Caguas,Reino Unido,Puerto Rico,4,103.9899979,103.9899979,Second Class,Late delivery
Aylesbury,Caguas,Reino Unido,Puerto Rico,6,103.9899979,103.9899979,Second Class,Late delivery
Carrara,Caguas,Italia,Puerto Rico,3,285.6799927,285.6799927,Second Class,Late delivery
Las Rozas de Madrid,Caguas,España,Puerto Rico,4,103.9899979,103.9899979,Second Class,Late delivery
Paris,Caguas,Francia,Puerto Rico,4,285.6799927,285.6799927,Second Class,Late delivery
Le Blanc-Mesnil,Caguas,Francia,Puerto Rico,6,103.9899979,103.9899979,Second Class,Late delivery
Leicester,Caguas,Reino Unido,Puerto Rico,5,97.48999786,97.48999786,Second Class,Late delivery
Stuttgart,Caguas,Alemania,Puerto Rico,6,44.99000168,44.99000168,Second Class,Late delivery
Wattrelos,Caguas,Francia,Puerto Rico,3,97.48999786,97.48999786,Second Class,Late delivery
Turin,Caguas,Italia,Puerto Rico,6,39.99000168,39.99000168,Second Class,Late delivery
Edinburgh,Caguas,Reino Unido,Puerto Rico,6,49.5,49.5,Second Class,Late delivery
Alphen aan den Rijn,Caguas,Países Bajos,Puerto Rico,5,39.59000015,39.59000015,Second Class,Late delivery
Budapest,Caguas,Hungría,Puerto Rico,2,49.0,49.0,Second Class,Shipping on time
Viena,Caguas,Austria,Puerto Rico,5,48.5,48.5,Second Class,Late delivery
Langenhagen,Caguas,Alemania,Puerto Rico,5,48.0,48.0,Second Class,Late delivery
Castres,Caguas,Francia,Puerto Rico,4,48.0,48.0,Second Class,Late delivery
Doetinchem,Caguas,Países Bajos,Puerto Rico,4,48.0,48.0,Second Class,Late delivery
Milan,Caguas,Italia,Puerto Rico,3,47.5,47.5,Second Class,Late delivery
Miramas,Caguas,Francia,Puerto Rico,2,47.5,47.5,Second Class,Shipping on time
Marignane,Caguas,Francia,Puerto Rico,4,37.79000092,37.79000092,Second Class,Late delivery
Pamplona,Caguas,España,Puerto Rico,4,36.38999939,36.38999939,Second Class,Late delivery
Rennes,Caguas,Francia,Puerto Rico,6,36.38999939,36.38999939,Second Class,Late delivery
Ajaccio,Caguas,Francia,Puerto Rico,6,45.0,45.0,Second Class,Late delivery
Garforth,Caguas,Reino Unido,Puerto Rico,3,35.18999863,35.18999863,Second Class,Late delivery
Ingolstadt,Caguas,Alemania,Puerto Rico,6,25.5,25.5,Second Class,Late delivery
Six-Fours-les-Plages,Caguas,Francia,Puerto Rico,6,33.99000168,33.99000168,Second Class,Late delivery
Martigues,Caguas,Francia,Puerto Rico,4,31.98999977,31.98999977,Second Class,Late delivery
Courbevoie,Yauco,Francia,Puerto Rico,2,40.0,40.0,Second Class,Shipping on time
Banska Bystrica,Caguas,Eslovaquia,Puerto Rico,4,19.79000092,19.79000092,Second Class,Late delivery
Franconville,Caguas,Francia,Puerto Rico,4,24.23999977,24.23999977,Second Class,Late delivery
Eastbourne,Caguas,Reino Unido,Puerto Rico,5,100.0500031,100.0500031,Second Class,Late delivery
Copenhagen,Caguas,Dinamarca,Puerto Rico,2,363.9899902,363.9899902,Second Class,Shipping on time
Montreuil,Caguas,Francia,Puerto Rico,3,16.98999977,16.98999977,Second Class,Late delivery
Mantes-la-Jolie,Caguas,Francia,Puerto Rico,6,169.1499939,169.1499939,Second Class,Late delivery
Manchester,Caguas,Reino Unido,Puerto Rico,4,299.980011,299.980011,Second Class,Late delivery
Rennes,Caguas,Francia,Puerto Rico,6,399.980011,399.980011,Second Class,Late delivery
Erlangen,Caguas,Alemania,Puerto Rico,2,399.980011,399.980011,Second Class,Shipping on time
Marseille,Caguas,Francia,Puerto Rico,4,296.980011,296.980011,Second Class,Late delivery
Basingstoke,Caguas,Reino Unido,Puerto Rico,4,293.980011,293.980011,Second Class,Late delivery
Barcelona,Caguas,España,Puerto Rico,2,391.980011,391.980011,Second Class,Shipping on time
Reims,Caguas,Francia,Puerto Rico,6,290.980011,290.980011,Second Class,Late delivery
Chaumont,Caguas,Francia,Puerto Rico,5,290.980011,290.980011,Second Class,Late delivery
Lublin,Caguas,Polonia,Puerto Rico,4,287.980011,287.980011,Second Class,Late delivery
Edinburgh,Caguas,Reino Unido,Puerto Rico,6,383.980011,383.980011,Second Class,Late delivery
Lowestoft,Caguas,Reino Unido,Puerto Rico,5,383.980011,383.980011,Second Class,Late delivery
Seville,Caguas,España,Puerto Rico,3,287.980011,287.980011,Second Class,Late delivery
Marseille,Caguas,Francia,Puerto Rico,6,287.980011,287.980011,Second Class,Late delivery
Lannion,Caguas,Francia,Puerto Rico,3,287.980011,287.980011,Second Class,Late delivery
Antony,Caguas,Francia,Puerto Rico,6,383.980011,383.980011,Second Class,Late delivery
Aylesbury,Caguas,Reino Unido,Puerto Rico,6,284.980011,284.980011,Second Class,Late delivery
Martigues,Caguas,Francia,Puerto Rico,4,379.980011,379.980011,Second Class,Late delivery
Girona,Caguas,España,Puerto Rico,3,283.480011,283.480011,Second Class,Late delivery
Burgos,Caguas,España,Puerto Rico,6,283.480011,283.480011,Second Class,Late delivery
Pamiers,Caguas,Francia,Puerto Rico,2,283.480011,283.480011,Second Class,Shipping on time
Nacka,Caguas,Suecia,Puerto Rico,6,278.980011,278.980011,Second Class,Late delivery
Lowestoft,Caguas,Reino Unido,Puerto Rico,5,278.980011,278.980011,Second Class,Late delivery
London,Caguas,Reino Unido,Puerto Rico,5,371.980011,371.980011,Second Class,Late delivery
Pamiers,Caguas,Francia,Puerto Rico,2,278.980011,278.980011,Second Class,Shipping on time
London,Caguas,Reino Unido,Puerto Rico,4,363.980011,363.980011,Second Class,Late delivery
Madrid,Caguas,España,Puerto Rico,6,363.980011,363.980011,Second Class,Late delivery
Castres,Caguas,Francia,Puerto Rico,4,272.980011,272.980011,Second Class,Late delivery
Pamiers,Caguas,Francia,Puerto Rico,2,272.980011,272.980011,Second Class,Shipping on time
Dijon,Caguas,Francia,Puerto Rico,2,363.980011,363.980011,Second Class,Shipping on time
Corbeil-Essonnes,Caguas,Francia,Puerto Rico,6,363.980011,363.980011,Second Class,Late delivery
Dabrowa Gornicza,Caguas,Polonia,Puerto Rico,2,269.980011,269.980011,Second Class,Shipping on time
Banska Bystrica,Caguas,Eslovaquia,Puerto Rico,4,269.980011,269.980011,Second Class,Late delivery
Estocolmo,Caguas,Suecia,Puerto Rico,6,359.980011,359.980011,Second Class,Late delivery
Treviso,Caguas,Italia,Puerto Rico,3,269.980011,269.980011,Second Class,Late delivery
Remscheid,San Juan,Alemania,Puerto Rico,4,269.980011,269.980011,Second Class,Late delivery
Dijon,Caguas,Francia,Puerto Rico,2,359.980011,359.980011,Second Class,Shipping on time
Nice,Caguas,Francia,Puerto Rico,6,359.980011,359.980011,Second Class,Late delivery
Aberdeen,Caguas,Reino Unido,Puerto Rico,3,263.980011,263.980011,Second Class,Late delivery
Porto,Caguas,Portugal,Puerto Rico,2,351.980011,351.980011,Second Class,Shipping on time
Nice,Caguas,Francia,Puerto Rico,6,351.980011,351.980011,Second Class,Late delivery
Aberdeen,Caguas,Reino Unido,Puerto Rico,3,260.980011,260.980011,Second Class,Late delivery
Courbevoie,Yauco,Francia,Puerto Rico,2,260.980011,260.980011,Second Class,Shipping on time
Marseille,Caguas,Francia,Puerto Rico,3,347.980011,347.980011,Second Class,Late delivery
Swansea,Caguas,Reino Unido,Puerto Rico,2,339.980011,339.980011,Second Class,Shipping on time
Parma,Caguas,Italia,Puerto Rico,2,254.9799957,254.9799957,Second Class,Shipping on time
Castelldefels,Caguas,España,Puerto Rico,5,254.9799957,254.9799957,Second Class,Late delivery
Wolfsburg,Caguas,Alemania,Puerto Rico,5,254.9799957,254.9799957,Second Class,Late delivery
Copenhagen,Caguas,Dinamarca,Puerto Rico,2,251.9799957,251.9799957,Second Class,Shipping on time
Sunderland,Caguas,Reino Unido,Puerto Rico,5,335.980011,335.980011,Second Class,Late delivery
Rome,Caguas,Italia,Puerto Rico,3,251.9799957,251.9799957,Second Class,Late delivery
Lisbon,Caguas,Portugal,Puerto Rico,4,251.9799957,251.9799957,Second Class,Late delivery
Versailles,Caguas,Francia,Puerto Rico,3,335.980011,335.980011,Second Class,Late delivery
Amsterdam,Caguas,Países Bajos,Puerto Rico,4,335.980011,335.980011,Second Class,Late delivery
West Bromwich,Caguas,Reino Unido,Puerto Rico,6,331.980011,331.980011,Second Class,Late delivery
Duisburg,Caguas,Alemania,Puerto Rico,6,248.9799957,248.9799957,Second Class,Late delivery
Argenteuil,Caguas,Francia,Puerto Rico,4,248.9799957,248.9799957,Second Class,Late delivery
Birmingham,Caguas,Reino Unido,Puerto Rico,4,327.980011,327.980011,Second Class,Late delivery
Capannori,Caguas,Italia,Puerto Rico,6,327.980011,327.980011,Second Class,Late delivery
Emmen,Caguas,Países Bajos,Puerto Rico,3,245.9799957,245.9799957,Second Class,Late delivery
Viena,Caguas,Austria,Puerto Rico,5,327.980011,327.980011,Second Class,Late delivery
Herten,Caguas,Alemania,Puerto Rico,4,327.980011,327.980011,Second Class,Late delivery
Saint-Malo,Caguas,Francia,Puerto Rico,2,327.980011,327.980011,Second Class,Shipping on time
Blagoveshchensk,Caguas,Rusia,Puerto Rico,3,239.9799957,239.9799957,Second Class,Late delivery
Capannori,Caguas,Italia,Puerto Rico,6,319.980011,319.980011,Second Class,Late delivery
Pamiers,Caguas,Francia,Puerto Rico,2,319.980011,319.980011,Second Class,Shipping on time
Saint-Malo,Caguas,Francia,Puerto Rico,2,319.980011,319.980011,Second Class,Shipping on time
Blagoveshchensk,Caguas,Rusia,Puerto Rico,3,224.9900055,224.9900055,Second Class,Late delivery
Vitoria,Caguas,España,Puerto Rico,3,224.9900055,224.9900055,Second Class,Late delivery
Rome,Caguas,Italia,Puerto Rico,3,299.9899902,299.9899902,Second Class,Late delivery
Le Blanc-Mesnil,Caguas,Francia,Puerto Rico,6,299.9899902,299.9899902,Second Class,Late delivery
Muret,Caguas,Francia,Puerto Rico,4,299.9899902,299.9899902,Second Class,Late delivery
Toulon,Caguas,Francia,Puerto Rico,3,29.84000015,29.84000015,Second Class,Late delivery
Paris,Caguas,Francia,Puerto Rico,2,27.04000092,27.04000092,Second Class,Shipping on time
Bari,Caguas,Italia,Puerto Rico,3,26.42000008,26.42000008,Second Class,Late delivery
Essen,Caguas,Alemania,Puerto Rico,6,23.30999947,23.30999947,Second Class,Late delivery
Reims,Caguas,Francia,Puerto Rico,3,164.3800049,164.3800049,Second Class,Late delivery
Clichy-sous-Bois,Caguas,Francia,Puerto Rico,4,161.0899963,161.0899963,Second Class,Late delivery
Reims,Caguas,Francia,Puerto Rico,6,161.0899963,161.0899963,Second Class,Late delivery
Gennevilliers,Caguas,Francia,Puerto Rico,4,149.5899963,149.5899963,Second Class,Late delivery
Toulouse,Caguas,Francia,Puerto Rico,2,144.6499939,144.6499939,Second Class,Shipping on time
Exeter,Caguas,Reino Unido,Puerto Rico,6,9.600000381,9.600000381,Second Class,Late delivery
Karlstad,Caguas,Suecia,Puerto Rico,3,9.479999542,9.479999542,Second Class,Late delivery
Dublín,Caguas,Irlanda,Puerto Rico,6,138.0800018,138.0800018,Second Class,Late delivery
Florence,Caguas,Italia,Puerto Rico,4,245.2899933,245.2899933,Second Class,Late delivery
Viena,Caguas,Austria,Puerto Rico,6,1125.0,1125.0,Second Class,Late delivery
Maidstone,Caguas,Reino Unido,Puerto Rico,5,98.98999786,98.98999786,Second Class,Late delivery
Salzburgo,Caguas,Austria,Puerto Rico,4,86.98999786,86.98999786,Second Class,Late delivery
Reims,Caguas,Francia,Puerto Rico,6,59.99000168,59.99000168,Second Class,Late delivery
Herford,Caguas,Alemania,Puerto Rico,6,129.9900055,129.9900055,Second Class,Late delivery
Arnsberg,Caguas,Alemania,Puerto Rico,4,58.79000092,58.79000092,Second Class,Late delivery
Creil,Caguas,Francia,Puerto Rico,5,58.79000092,58.79000092,Second Class,Late delivery
Langenfeld,Caguas,Alemania,Puerto Rico,6,447.6400146,447.6400146,Second Class,Late delivery
Chaumont,Caguas,Francia,Puerto Rico,6,124.7900009,124.7900009,Second Class,Late delivery
Hamburgo,Caguas,Alemania,Puerto Rico,2,124.7900009,124.7900009,Second Class,Shipping on time
Erlangen,Caguas,Alemania,Puerto Rico,5,124.7900009,124.7900009,Second Class,Late delivery
Salzburgo,Caguas,Austria,Puerto Rico,4,123.4899979,123.4899979,Second Class,Late delivery
Berlín,Caguas,Alemania,Puerto Rico,5,123.4899979,123.4899979,Second Class,Late delivery
Saint-Germain-en-Laye,Caguas,Francia,Puerto Rico,4,120.8899994,120.8899994,Second Class,Late delivery
Rillieux-la-Pape,Caguas,Francia,Puerto Rico,5,116.9899979,116.9899979,Second Class,Late delivery
Rome,Caguas,Italia,Puerto Rico,3,114.3899994,114.3899994,Second Class,Late delivery
Rome,Caguas,Italia,Puerto Rico,3,113.0899963,113.0899963,Second Class,Late delivery
Mougins,Caguas,Francia,Puerto Rico,5,310.6799927,310.6799927,Second Class,Late delivery
Rambouillet,Caguas,Francia,Puerto Rico,2,110.4899979,110.4899979,Second Class,Shipping on time
Dresden,Caguas,Alemania,Puerto Rico,3,109.1900024,109.1900024,Second Class,Late delivery
Rambouillet,Caguas,Francia,Puerto Rico,2,109.1900024,109.1900024,Second Class,Shipping on time
Espoo,Caguas,Finlandia,Puerto Rico,6,106.5899963,106.5899963,Second Class,Late delivery
Elx,Caguas,España,Puerto Rico,2,37.79000092,37.79000092,Second Class,Shipping on time
Colchester,Caguas,Reino Unido,Puerto Rico,6,41.5,41.5,Second Class,Late delivery
Brindisi,Caguas,Italia,Puerto Rico,5,37.5,37.5,Second Class,Late delivery
Edinburgh,Caguas,Reino Unido,Puerto Rico,3,24.73999977,24.73999977,Second Class,Late delivery
Rome,Caguas,Italia,Puerto Rico,3,296.980011,296.980011,Second Class,Late delivery
Toulouse,Caguas,Francia,Puerto Rico,3,296.980011,296.980011,Second Class,Late delivery
Creil,Caguas,Francia,Puerto Rico,5,395.980011,395.980011,Second Class,Late delivery
Aubervilliers,Caguas,Francia,Puerto Rico,2,387.980011,387.980011,Second Class,Shipping on time
Colchester,Caguas,Reino Unido,Puerto Rico,6,379.980011,379.980011,Second Class,Late delivery
Hamburgo,Caguas,Alemania,Puerto Rico,2,379.980011,379.980011,Second Class,Shipping on time
Hamburgo,Caguas,Alemania,Puerto Rico,2,260.980011,260.980011,Second Class,Shipping on time
Reims,Caguas,Francia,Puerto Rico,6,254.9799957,254.9799957,Second Class,Late delivery
Rambouillet,Caguas,Francia,Puerto Rico,2,251.9799957,251.9799957,Second Class,Shipping on time
Espoo,Caguas,Finlandia,Puerto Rico,6,245.9799957,245.9799957,Second Class,Late delivery
Espoo,Caguas,Finlandia,Puerto Rico,6,327.980011,327.980011,Second Class,Late delivery
Chaumont,Caguas,Francia,Puerto Rico,6,327.980011,327.980011,Second Class,Late delivery
Carrefour,Caguas,Haití,Puerto Rico,3,96.98999786,96.98999786,Second Class,Late delivery
Chihuahua,Caguas,México,Puerto Rico,3,96.98999786,96.98999786,Second Class,Late delivery
Santo Domingo,Caguas,República Dominicana,Puerto Rico,6,95.98999786,95.98999786,Second Class,Late delivery
Santo Domingo,Caguas,República Dominicana,Puerto Rico,6,94.98999786,94.98999786,Second Class,Late delivery
Pirapora,Bayamon,Brasil,Puerto Rico,4,94.98999786,94.98999786,Second Class,Late delivery
Tartagal,Caguas,Argentina,Puerto Rico,2,90.98999786,90.98999786,Second Class,Shipping on time
Quetzaltenango,Caguas,Guatemala,Puerto Rico,3,89.98999786,89.98999786,Second Class,Late delivery
Panama City,Caguas,Panamá,Puerto Rico,3,81.98999786,81.98999786,Second Class,Late delivery
Santo Domingo,Caguas,República Dominicana,Puerto Rico,6,59.99000168,59.99000168,Second Class,Late delivery
Ilopango,Caguas,El Salvador,Puerto Rico,5,59.99000168,59.99000168,Second Class,Late delivery
La Seyne-sur-Mer,La Mirada,Francia,EE. UU.,4,191.9700012,191.9700012,Standard Class,Shipping on time
Bradford,Los Angeles,Reino Unido,EE. UU.,4,179.9700012,179.9700012,Standard Class,Shipping on time
Bolton,Greeley,Reino Unido,EE. UU.,6,179.9700012,179.9700012,Standard Class,Late delivery
Lowestoft,Dallas,Reino Unido,EE. UU.,2,179.9700012,179.9700012,Standard Class,Advance shipping
Grigny,Carlsbad,Francia,EE. UU.,5,200.0,200.0,Standard Class,Late delivery
Great Yarmouth,Brooklyn,Reino Unido,EE. UU.,5,198.0,198.0,Standard Class,Late delivery
Calais,New York,Francia,EE. UU.,6,198.0,198.0,Standard Class,Late delivery
Calais,New York,Francia,EE. UU.,6,196.0,196.0,Standard Class,Late delivery
Sheffield,Fort Lauderdale,Reino Unido,EE. UU.,4,194.0,194.0,Standard Class,Shipping on time
Aberdeen,Roseburg,Reino Unido,EE. UU.,2,192.0,192.0,Standard Class,Advance shipping
Magdeburg,Brooklyn,Alemania,EE. UU.,2,153.5599976,153.5599976,Standard Class,Advance shipping
Dijon,Saint Peters,Francia,EE. UU.,3,192.0,192.0,Standard Class,Advance shipping
Gallarate,Norfolk,Italia,EE. UU.,5,190.0,190.0,Standard Class,Late delivery
Chartres,Chicago,Francia,EE. UU.,5,190.0,190.0,Standard Class,Late delivery
Torremolinos,San Diego,España,EE. UU.,4,189.0,189.0,Standard Class,Shipping on time
Chemnitz,Chicago,Alemania,EE. UU.,3,151.1600037,151.1600037,Standard Class,Advance shipping
Frankfurt,Dallas,Alemania,EE. UU.,6,145.5599976,145.5599976,Standard Class,Late delivery
Bremen,Miami,Alemania,EE. UU.,3,182.0,182.0,Standard Class,Advance shipping
Zeist,New Bedford,Países Bajos,EE. UU.,4,182.0,182.0,Standard Class,Shipping on time
Savigny-le-Temple,San Diego,Francia,EE. UU.,4,143.9600067,143.9600067,Standard Class,Shipping on time
London,Augusta,Reino Unido,EE. UU.,3,176.0,176.0,Standard Class,Advance shipping
Essen,Bakersfield,Alemania,EE. UU.,3,174.0,174.0,Standard Class,Advance shipping
Friedrichshafen,San Antonio,Alemania,EE. UU.,2,174.0,174.0,Standard Class,Advance shipping
Berlín,Albuquerque,Alemania,EE. UU.,6,135.9700012,135.9700012,Standard Class,Late delivery
Mechelen,Waipahu,Bélgica,EE. UU.,4,170.0,170.0,Standard Class,Shipping on time
Wolverhampton,Philadelphia,Reino Unido,EE. UU.,4,168.0,168.0,Standard Class,Shipping on time
Bordeaux,Long Beach,Francia,EE. UU.,4,168.0,168.0,Standard Class,Shipping on time
Bochum,New York,Alemania,EE. UU.,5,168.0,168.0,Standard Class,Late delivery
Oslo,Ontario,Noruega,EE. UU.,2,131.1699982,131.1699982,Standard Class,Advance shipping
Halle,Chapel Hill,Alemania,EE. UU.,6,164.0,164.0,Standard Class,Late delivery
Piacenza,San Diego,Italia,EE. UU.,3,160.0,160.0,Standard Class,Advance shipping
Palma de Mallorca,Detroit,España,EE. UU.,2,160.0,160.0,Standard Class,Advance shipping
Bondy,San Jose,Francia,EE. UU.,4,127.9700012,127.9700012,Standard Class,Shipping on time
Le Havre,Ypsilanti,Francia,EE. UU.,6,127.9700012,127.9700012,Standard Class,Late delivery
Viena,Astoria,Austria,EE. UU.,5,127.9700012,127.9700012,Standard Class,Late delivery
Bielefeld,New Bedford,Alemania,EE. UU.,3,77.55999756,77.55999756,Standard Class,Advance shipping
Berlín,Rome,Alemania,EE. UU.,5,58.20000076,58.20000076,Standard Class,Late delivery
Birmingham,Phoenix,Reino Unido,EE. UU.,5,115.1600037,115.1600037,Standard Class,Late delivery
Marseille,San Diego,Francia,EE. UU.,4,56.27999878,56.27999878,Standard Class,Shipping on time
Bayonne,East Lansing,Francia,EE. UU.,4,180.9299927,180.9299927,Standard Class,Shipping on time
Sumy,Brooklyn,Ucrania,EE. UU.,4,163.1699982,163.1699982,Standard Class,Shipping on time
Berlín,Rome,Alemania,EE. UU.,5,84.97000122,84.97000122,Standard Class,Late delivery
Pescara,Endicott,Italia,EE. UU.,2,63.97000122,63.97000122,Standard Class,Advance shipping
Gothenburg,Stamford,Suecia,EE. UU.,2,319.9599915,319.9599915,Standard Class,Advance shipping
Menton,Hanover,Francia,EE. UU.,6,297.5599976,297.5599976,Standard Class,Late delivery
Brescia,Bronx,Italia,EE. UU.,2,327.9700012,327.9700012,Standard Class,Advance shipping
Bacau,Diamond Bar,Rumania,EE. UU.,3,79.97000122,79.97000122,Standard Class,Advance shipping
Pantin,Elyria,Francia,EE. UU.,3,391.9599915,391.9599915,Standard Class,Advance shipping
Bologna,Bronx,Italia,EE. UU.,6,387.9599915,387.9599915,Standard Class,Late delivery
Berlín,Houston,Alemania,EE. UU.,4,108.5999985,108.5999985,Standard Class,Shipping on time
Kotka,Los Angeles,Finlandia,EE. UU.,3,134.3600006,134.3600006,Standard Class,Advance shipping
Ulm,Hayward,Alemania,EE. UU.,3,383.9599915,383.9599915,Standard Class,Advance shipping
Opole,Milwaukee,Polonia,EE. UU.,5,114.0,114.0,Standard Class,Late delivery
Estocolmo,West Orange,Suecia,EE. UU.,3,379.9599915,379.9599915,Standard Class,Advance shipping
Sarcelles,Lawrenceville,Francia,EE. UU.,3,379.9599915,379.9599915,Standard Class,Advance shipping
Oosterhout,Manchester,Países Bajos,EE. UU.,3,371.9599915,371.9599915,Standard Class,Advance shipping
Bari,Brooklyn,Italia,EE. UU.,6,359.9599915,359.9599915,Standard Class,Late delivery
Berlín,La Puente,Alemania,EE. UU.,3,339.9700012,339.9700012,Standard Class,Advance shipping
Magdeburg,New Bedford,Alemania,EE. UU.,4,339.9700012,339.9700012,Standard Class,Shipping on time
Madrid,Los Angeles,España,EE. UU.,6,335.9700012,335.9700012,Standard Class,Late delivery
Heilbronn,Victorville,Alemania,EE. UU.,3,335.9700012,335.9700012,Standard Class,Advance shipping
Roissy-en-Brie,Richmond,Francia,EE. UU.,3,335.9700012,335.9700012,Standard Class,Advance shipping
Bari,Florissant,Italia,EE. UU.,4,327.9700012,327.9700012,Standard Class,Shipping on time
Berlín,Baltimore,Alemania,EE. UU.,6,303.9700012,303.9700012,Standard Class,Late delivery
Aulnay-sous-Bois,Jacksonville,Francia,EE. UU.,3,319.9700012,319.9700012,Standard Class,Advance shipping
Berlín,La Puente,Alemania,EE. UU.,3,111.9700012,111.9700012,Standard Class,Advance shipping
Stuttgart,Buffalo,Alemania,EE. UU.,5,239.9600067,239.9600067,Standard Class,Late delivery
Khmelnytskyi,Miami,Ucrania,EE. UU.,6,237.5599976,237.5599976,Standard Class,Late delivery
Vigneux-sur-Seine,Cupertino,Francia,EE. UU.,2,237.5599976,237.5599976,Standard Class,Advance shipping
Marbella,Littleton,España,EE. UU.,5,235.1600037,235.1600037,Standard Class,Late delivery
Viena,Eagle Pass,Austria,EE. UU.,5,232.7599945,232.7599945,Standard Class,Late delivery
Hamburgo,Carlsbad,Alemania,EE. UU.,5,230.3600006,230.3600006,Standard Class,Late delivery
Palermo,Riverside,Italia,EE. UU.,4,227.9600067,227.9600067,Standard Class,Shipping on time
Recklinghausen,Escondido,Alemania,EE. UU.,4,227.9600067,227.9600067,Standard Class,Shipping on time
Pantin,Elyria,Francia,EE. UU.,3,223.1600037,223.1600037,Standard Class,Advance shipping
Stockton-on-Tees,Lithonia,Reino Unido,EE. UU.,6,218.3600006,218.3600006,Standard Class,Late delivery
Cerignola,Fontana,Italia,EE. UU.,5,218.3600006,218.3600006,Standard Class,Late delivery
Clamart,Ballwin,Francia,EE. UU.,5,218.3600006,218.3600006,Standard Class,Late delivery
Veenendaal,Brooklyn,Países Bajos,EE. UU.,5,215.9600067,215.9600067,Standard Class,Late delivery
Gloucester,Carlisle,Reino Unido,EE. UU.,5,211.1600037,211.1600037,Standard Class,Late delivery
Carpi,New Braunfels,Italia,EE. UU.,6,211.1600037,211.1600037,Standard Class,Late delivery
Fontenay-aux-Roses,Saint Charles,Francia,EE. UU.,5,211.1600037,211.1600037,Standard Class,Late delivery
Carcassonne,Spring Valley,Francia,EE. UU.,2,211.1600037,211.1600037,Standard Class,Advance shipping
Frankfurt,Madison,Alemania,EE. UU.,6,211.1600037,211.1600037,Standard Class,Late delivery
Estocolmo,West Orange,Suecia,EE. UU.,3,208.7700043,208.7700043,Standard Class,Advance shipping
Dublín,Las Vegas,Irlanda,EE. UU.,4,208.7700043,208.7700043,Standard Class,Shipping on time
Miramas,Albuquerque,Francia,EE. UU.,6,208.7700043,208.7700043,Standard Class,Late delivery
Garbsen,Goose Creek,Alemania,EE. UU.,6,208.7700043,208.7700043,Standard Class,Late delivery
Barcelona,Carlsbad,España,EE. UU.,3,203.9700012,203.9700012,Standard Class,Advance shipping
Palermo,Tampa,Italia,EE. UU.,2,203.9700012,203.9700012,Standard Class,Advance shipping
Toulouse,Irvington,Francia,EE. UU.,6,203.9700012,203.9700012,Standard Class,Late delivery
Garbsen,Goose Creek,Alemania,EE. UU.,6,203.9700012,203.9700012,Standard Class,Late delivery
Argenteuil,Ontario,Francia,EE. UU.,3,201.5700073,201.5700073,Standard Class,Advance shipping
Dreux,Bronx,Francia,EE. UU.,3,201.5700073,201.5700073,Standard Class,Advance shipping
Berlín,Pharr,Alemania,EE. UU.,5,201.5700073,201.5700073,Standard Class,Late delivery
Mazyr,Yonkers,Bielorrusia,EE. UU.,5,199.1699982,199.1699982,Standard Class,Late delivery
Sandnes,El Monte,Noruega,EE. UU.,4,191.9700012,191.9700012,Standard Class,Shipping on time
Castrop-Rauxel,Honolulu,Alemania,EE. UU.,5,191.9700012,191.9700012,Standard Class,Late delivery
Rijeka,Pharr,Croacia,EE. UU.,5,179.9700012,179.9700012,Standard Class,Late delivery
London,Winnetka,Reino Unido,EE. UU.,6,200.0,200.0,Standard Class,Late delivery
Catania,Pompano Beach,Italia,EE. UU.,3,159.9600067,159.9600067,Standard Class,Advance shipping
Barcelona,Reynoldsburg,España,EE. UU.,6,159.9600067,159.9600067,Standard Class,Late delivery
Celle,Hamtramck,Alemania,EE. UU.,5,200.0,200.0,Standard Class,Late delivery
Florence,Bolingbrook,Italia,EE. UU.,3,158.3600006,158.3600006,Standard Class,Advance shipping
La Teste-de-Buch,Lancaster,Francia,EE. UU.,4,198.0,198.0,Standard Class,Shipping on time
Hanover,Union City,Alemania,EE. UU.,6,156.7599945,156.7599945,Standard Class,Late delivery
Cologne,Medina,Alemania,EE. UU.,5,196.0,196.0,Standard Class,Late delivery
Tarbes,Fort Lauderdale,Francia,EE. UU.,4,155.1600037,155.1600037,Standard Class,Shipping on time
Pessac,Highland,Francia,EE. UU.,6,194.0,194.0,Standard Class,Late delivery
Bayeux,Los Angeles,Francia,EE. UU.,6,194.0,194.0,Standard Class,Late delivery
Roissy-en-Brie,Richmond,Francia,EE. UU.,3,194.0,194.0,Standard Class,Advance shipping
Bochum,Roseville,Alemania,EE. UU.,5,192.0,192.0,Standard Class,Late delivery
Ronchin,Jonesboro,Francia,EE. UU.,6,190.0,190.0,Standard Class,Late delivery
Carlisle,Elk Grove,Reino Unido,EE. UU.,2,189.0,189.0,Standard Class,Advance shipping
Toulouse,Tallahassee,Francia,EE. UU.,6,189.0,189.0,Standard Class,Late delivery
Kaunas,Oceanside,Lituania,EE. UU.,6,145.5599976,145.5599976,Standard Class,Late delivery
Birmingham,North Las Vegas,Reino Unido,EE. UU.,2,145.5599976,145.5599976,Standard Class,Advance shipping
Rugby,Bridgeton,Reino Unido,EE. UU.,5,182.0,182.0,Standard Class,Late delivery
Vínnytsia,Fullerton,Ucrania,EE. UU.,6,180.0,180.0,Standard Class,Late delivery
Kashira,Bronx,Rusia,EE. UU.,2,180.0,180.0,Standard Class,Advance shipping
Derby,New Bedford,Reino Unido,EE. UU.,5,180.0,180.0,Standard Class,Late delivery
Mulhouse,Encinitas,Francia,EE. UU.,3,180.0,180.0,Standard Class,Advance shipping
Crewe,Carlsbad,Reino Unido,EE. UU.,5,176.0,176.0,Standard Class,Late delivery
Dormagen,Montebello,Alemania,EE. UU.,2,140.7599945,140.7599945,Standard Class,Advance shipping
Castrop-Rauxel,Honolulu,Alemania,EE. UU.,5,176.0,176.0,Standard Class,Late delivery
Opole,Milwaukee,Polonia,EE. UU.,5,174.0,174.0,Standard Class,Late delivery
Veenendaal,Brooklyn,Países Bajos,EE. UU.,5,135.9700012,135.9700012,Standard Class,Late delivery
Zeist,San Francisco,Países Bajos,EE. UU.,3,170.0,170.0,Standard Class,Advance shipping
Ginebra,Augusta,Suiza,EE. UU.,5,170.0,170.0,Standard Class,Late delivery
Rambouillet,Glenview,Francia,EE. UU.,4,170.0,170.0,Standard Class,Shipping on time
Mulhouse,Chicago,Francia,EE. UU.,2,134.3699951,134.3699951,Standard Class,Advance shipping
Gera,Tempe,Alemania,EE. UU.,5,168.0,168.0,Standard Class,Late delivery
Mantes-la-Ville,Freeport,Francia,EE. UU.,3,168.0,168.0,Standard Class,Advance shipping
Glasgow,San Jose,Reino Unido,EE. UU.,2,166.0,166.0,Standard Class,Advance shipping
Burgos,Rock Hill,España,EE. UU.,2,166.0,166.0,Standard Class,Advance shipping
Bebington,Rome,Reino Unido,EE. UU.,3,164.0,164.0,Standard Class,Advance shipping
Palermo,Tampa,Italia,EE. UU.,2,164.0,164.0,Standard Class,Advance shipping
Novara,Chicago,Italia,EE. UU.,6,164.0,164.0,Standard Class,Late delivery
Munich,Los Angeles,Alemania,EE. UU.,3,131.1699982,131.1699982,Standard Class,Advance shipping
Angarsk,New Bedford,Rusia,EE. UU.,6,160.0,160.0,Standard Class,Late delivery
Ploiesti,Tucson,Rumania,EE. UU.,5,150.0,150.0,Standard Class,Late delivery
London,Austin,Reino Unido,EE. UU.,5,150.0,150.0,Standard Class,Late delivery
Loughborough,Scottsdale,Reino Unido,EE. UU.,3,97.95999908,97.95999908,Standard Class,Advance shipping
London,Riverside,Reino Unido,EE. UU.,6,199.6399994,199.6399994,Standard Class,Late delivery
Sandnes,El Monte,Noruega,EE. UU.,4,65.5699997,65.5699997,Standard Class,Shipping on time
Halle,Santa Cruz,Alemania,EE. UU.,6,107.4800034,107.4800034,Standard Class,Shipping canceled
Deuil-la-Barre,Oregon City,Francia,EE. UU.,4,379.9599915,379.9599915,Standard Class,Shipping canceled
Leeds,Dallas,Reino Unido,EE. UU.,2,335.9700012,335.9700012,Standard Class,Shipping canceled
Hamburgo,Escondido,Alemania,EE. UU.,5,331.9700012,331.9700012,Standard Class,Shipping canceled
Bordeaux,Tonawanda,Francia,EE. UU.,2,232.7599945,232.7599945,Standard Class,Shipping canceled
Járkov,Annandale,Ucrania,EE. UU.,2,223.1600037,223.1600037,Standard Class,Shipping canceled
Tarragona,Memphis,España,EE. UU.,5,223.1600037,223.1600037,Standard Class,Shipping canceled
Pontivy,Wheaton,Francia,EE. UU.,6,211.1600037,211.1600037,Standard Class,Shipping canceled
Hartlepool,Plano,Reino Unido,EE. UU.,3,208.7700043,208.7700043,Standard Class,Shipping canceled
Brindisi,Piscataway,Italia,EE. UU.,2,201.5700073,201.5700073,Standard Class,Shipping canceled
Rome,Miami,Italia,EE. UU.,6,179.9700012,179.9700012,Standard Class,Shipping canceled
Cheltenham,Bismarck,Reino Unido,EE. UU.,3,200.0,200.0,Standard Class,Shipping canceled
Viena,Chesapeake,Austria,EE. UU.,2,198.0,198.0,Standard Class,Shipping canceled
Brindisi,Piscataway,Italia,EE. UU.,2,151.9600067,151.9600067,Standard Class,Shipping canceled
Zamora,Toms River,España,EE. UU.,2,190.0,190.0,Standard Class,Shipping canceled
Járkov,Annandale,Ucrania,EE. UU.,2,176.0,176.0,Standard Class,Shipping canceled
Villenave-d'Ornon,Los Angeles,Francia,EE. UU.,2,140.7599945,140.7599945,Standard Class,Shipping canceled
Le Plessis-Robinson,Vista,Francia,EE. UU.,2,140.7599945,140.7599945,Standard Class,Shipping canceled
Leeds,Dallas,Reino Unido,EE. UU.,2,170.0,170.0,Standard Class,Shipping canceled
Roanne,Algonquin,Francia,EE. UU.,4,132.7700043,132.7700043,Standard Class,Shipping canceled
Fontenay-aux-Roses,Aurora,Francia,EE. UU.,3,150.0,150.0,Standard Class,Shipping canceled
Barcelona,Philadelphia,España,EE. UU.,5,201.7200012,201.7200012,Standard Class,Shipping canceled
Brindisi,Piscataway,Italia,EE. UU.,2,95.97000122,95.97000122,Standard Class,Shipping canceled
San Miguelito,Escondido,Panamá,EE. UU.,3,208.7700043,208.7700043,Standard Class,Shipping canceled
Tepic,Chicago,México,EE. UU.,2,395.9599915,395.9599915,Standard Class,Shipping canceled
Posadas,Detroit,Argentina,EE. UU.,4,335.9700012,335.9700012,Standard Class,Shipping canceled
Culiacán,San Jose,México,EE. UU.,6,319.9700012,319.9700012,Standard Class,Shipping canceled
Panama City,Marietta,Panamá,EE. UU.,2,218.3600006,218.3600006,Standard Class,Shipping canceled
Tepic,Chicago,México,EE. UU.,2,203.9700012,203.9700012,Standard Class,Shipping canceled
Santana de Parnaíba,Pekin,Brasil,EE. UU.,4,203.9700012,203.9700012,Standard Class,Shipping canceled
Bogotá,Santa Ana,Colombia,EE. UU.,2,201.5700073,201.5700073,Standard Class,Shipping canceled
Santana de Parnaíba,Pekin,Brasil,EE. UU.,4,201.5700073,201.5700073,Standard Class,Shipping canceled
Cienfuegos,Dallas,Cuba,EE. UU.,5,199.1699982,199.1699982,Standard Class,Shipping canceled
São Bernardo do Campo,Canyon Country,Brasil,EE. UU.,4,199.1699982,199.1699982,Standard Class,Shipping canceled
Birigui,Indianapolis,Brasil,EE. UU.,2,199.1699982,199.1699982,Standard Class,Shipping canceled
Posadas,Detroit,Argentina,EE. UU.,4,199.1699982,199.1699982,Standard Class,Shipping canceled
Surabaya,Caguas,Indonesia,Puerto Rico,2,181.9499969,181.9499969,Standard Class,Advance shipping
Mersin,Caguas,Turquía,Puerto Rico,3,225.0,225.0,Standard Class,Advance shipping
Kathmandu,Caguas,Nepal,Puerto Rico,4,220.0,220.0,Standard Class,Shipping on time
Denizli,Caguas,Turquía,Puerto Rico,5,297.5,297.5,Standard Class,Late delivery
Newcastle,Caguas,Australia,Puerto Rico,5,165.9600067,165.9600067,Standard Class,Late delivery
Masterton,Caguas,Nueva Zelanda,Puerto Rico,3,187.5,187.5,Standard Class,Advance shipping
Melbourne,Caguas,Australia,Puerto Rico,2,187.5,187.5,Standard Class,Advance shipping
Bagdad,Caguas,Irak,Puerto Rico,2,109.9499969,109.9499969,Standard Class,Advance shipping
Guwahati,Caguas,India,Puerto Rico,2,97.94999695,97.94999695,Standard Class,Advance shipping
Asahikawa,Caguas,Japón,Puerto Rico,4,65.55999756,65.55999756,Standard Class,Shipping on time
Jinan,Caguas,China,Puerto Rico,5,489.9500122,489.9500122,Standard Class,Late delivery
Auckland,Caguas,Nueva Zelanda,Puerto Rico,4,472.4500122,472.4500122,Standard Class,Shipping on time
Corum,Caguas,Turquía,Puerto Rico,2,472.4500122,472.4500122,Standard Class,Advance shipping
Perth,Caguas,Australia,Puerto Rico,5,449.9599915,449.9599915,Standard Class,Late delivery
Rawalpindi,Caguas,Pakistán,Puerto Rico,2,449.9599915,449.9599915,Standard Class,Advance shipping
Huainan,Caguas,China,Puerto Rico,2,439.9599915,439.9599915,Standard Class,Advance shipping
Newcastle,Caguas,Australia,Puerto Rico,3,439.9599915,439.9599915,Standard Class,Advance shipping
Gujranwala,Caguas,Pakistán,Puerto Rico,6,439.9599915,439.9599915,Standard Class,Late delivery
Luoyang,Caguas,China,Puerto Rico,5,121.7600021,121.7600021,Standard Class,Late delivery
Surabaya,Caguas,Indonesia,Puerto Rico,4,424.9599915,424.9599915,Standard Class,Shipping on time
Bangkok,Caguas,Tailandia,Puerto Rico,5,374.9599915,374.9599915,Standard Class,Late delivery
Hangzhou,Caguas,China,Puerto Rico,2,296.9500122,296.9500122,Standard Class,Advance shipping
Raipur,Caguas,India,Puerto Rico,2,293.9500122,293.9500122,Standard Class,Advance shipping
Adelaide,Caguas,Australia,Puerto Rico,3,287.9500122,287.9500122,Standard Class,Advance shipping
Luoyang,Caguas,China,Puerto Rico,5,284.9500122,284.9500122,Standard Class,Late delivery
Jeddah,Caguas,Arabia Saudí,Puerto Rico,5,284.9500122,284.9500122,Standard Class,Late delivery
Huaiyin,Caguas,China,Puerto Rico,2,278.9500122,278.9500122,Standard Class,Advance shipping
Newcastle,Caguas,Australia,Puerto Rico,3,272.9500122,272.9500122,Standard Class,Advance shipping
Guangshui,Caguas,China,Puerto Rico,5,260.9599915,260.9599915,Standard Class,Late delivery
Baguio City,Caguas,Filipinas,Puerto Rico,2,254.9600067,254.9600067,Standard Class,Advance shipping
Estambul,Caguas,Turquía,Puerto Rico,5,254.9600067,254.9600067,Standard Class,Late delivery
Vientiane,Caguas,Laos,Puerto Rico,6,251.9600067,251.9600067,Standard Class,Late delivery
Riyadh,Caguas,Arabia Saudí,Puerto Rico,4,251.9600067,251.9600067,Standard Class,Shipping on time
Gwalior,Caguas,India,Puerto Rico,3,248.9600067,248.9600067,Standard Class,Advance shipping
Hanoi,Caguas,Vietnam,Puerto Rico,3,248.9600067,248.9600067,Standard Class,Advance shipping
Raipur,Caguas,India,Puerto Rico,4,150.0,150.0,Standard Class,Shipping on time
Mumbai,Caguas,India,Puerto Rico,2,199.9499969,199.9499969,Standard Class,Advance shipping
Nakhon Ratchasima,Caguas,Tailandia,Puerto Rico,2,199.9499969,199.9499969,Standard Class,Advance shipping
Yingcheng,Caguas,China,Puerto Rico,4,247.5,247.5,Standard Class,Shipping on time
Qarshi,Caguas,Uzbekistán,Puerto Rico,6,245.0,245.0,Standard Class,Late delivery
Yingcheng,Caguas,China,Puerto Rico,4,245.0,245.0,Standard Class,Shipping on time
Wollongong,Caguas,Australia,Puerto Rico,6,242.5,242.5,Standard Class,Late delivery
Zahedan,Caguas,Irán,Puerto Rico,4,242.5,242.5,Standard Class,Shipping on time
Adelaide,Caguas,Australia,Puerto Rico,2,240.0,240.0,Standard Class,Advance shipping
Izmir,Caguas,Turquía,Puerto Rico,5,240.0,240.0,Standard Class,Late delivery
Rawalpindi,Caguas,Pakistán,Puerto Rico,2,236.25,236.25,Standard Class,Advance shipping
Anjo,Caguas,Japón,Puerto Rico,6,232.5,232.5,Standard Class,Late delivery
Rawalpindi,Caguas,Pakistán,Puerto Rico,5,232.5,232.5,Standard Class,Late delivery
Manukau City,Caguas,Nueva Zelanda,Puerto Rico,4,225.0,225.0,Standard Class,Shipping on time
Brisbane,Caguas,Australia,Puerto Rico,5,225.0,225.0,Standard Class,Late delivery
Abadan,Caguas,Irán,Puerto Rico,5,220.0,220.0,Standard Class,Late delivery
Canberra,Caguas,Australia,Puerto Rico,3,169.9600067,169.9600067,Standard Class,Advance shipping
Hangzhou,Caguas,China,Puerto Rico,2,210.0,210.0,Standard Class,Advance shipping
Kendari,Caguas,Indonesia,Puerto Rico,3,205.0,205.0,Standard Class,Advance shipping
Anshan,Caguas,China,Puerto Rico,5,159.9600067,159.9600067,Standard Class,Late delivery
Kuala Terengganu,Caguas,Malasia,Puerto Rico,3,159.9600067,159.9600067,Standard Class,Advance shipping
Jeddah,Caguas,Arabia Saudí,Puerto Rico,5,187.5,187.5,Standard Class,Late delivery
Canberra,Caguas,Australia,Puerto Rico,2,155.1499939,155.1499939,Standard Class,Advance shipping
Nom Pen,Caguas,Camboya,Puerto Rico,3,96.94999695,96.94999695,Standard Class,Advance shipping
Corum,Caguas,Turquía,Puerto Rico,2,106.6500015,106.6500015,Standard Class,Advance shipping
Caloundra,Caguas,Australia,Puerto Rico,3,76.75,76.75,Standard Class,Advance shipping
Visakhapatnam,Caguas,India,Puerto Rico,6,67.95999908,67.95999908,Standard Class,Late delivery
Shanwei,Caguas,China,Puerto Rico,3,75.55999756,75.55999756,Standard Class,Advance shipping
Caloocan,Caguas,Filipinas,Puerto Rico,6,102.4599991,102.4599991,Standard Class,Late delivery
Kollam,San Juan,India,Puerto Rico,3,63.95999908,63.95999908,Standard Class,Advance shipping
Al Muharraq,Caguas,Baréin,Puerto Rico,3,87.95999908,87.95999908,Standard Class,Advance shipping
Zaozhuang,Caguas,China,Puerto Rico,6,119.9599991,119.9599991,Standard Class,Late delivery
Xichang,Caguas,China,Puerto Rico,2,179.9600067,179.9600067,Standard Class,Advance shipping
Christchurch,Caguas,Nueva Zelanda,Puerto Rico,5,137.1499939,137.1499939,Standard Class,Shipping canceled
Dubbo,Caguas,Australia,Puerto Rico,3,484.9500122,484.9500122,Standard Class,Shipping canceled
Nellore,Caguas,India,Puerto Rico,6,278.9500122,278.9500122,Standard Class,Shipping canceled
Nellore,Caguas,India,Puerto Rico,6,272.9500122,272.9500122,Standard Class,Shipping canceled
Nellore,Caguas,India,Puerto Rico,6,269.9599915,269.9599915,Standard Class,Shipping canceled
Manukau City,Caguas,Nueva Zelanda,Puerto Rico,4,197.9499969,197.9499969,Standard Class,Shipping canceled
Semarang,Caguas,Indonesia,Puerto Rico,3,240.0,240.0,Standard Class,Shipping canceled
Albany,Caguas,Australia,Puerto Rico,3,236.25,236.25,Standard Class,Shipping canceled
Mount Isa,Caguas,Australia,Puerto Rico,4,173.9600067,173.9600067,Standard Class,Shipping canceled
Tulsa,Caguas,Estados Unidos,Puerto Rico,4,409.9599915,409.9599915,Standard Class,Shipping canceled
Clinton,Caguas,Estados Unidos,Puerto Rico,3,399.9599915,399.9599915,Standard Class,Shipping canceled
San Francisco,Caguas,Estados Unidos,Puerto Rico,4,290.9500122,290.9500122,Standard Class,Shipping canceled
Oswego,Caguas,Estados Unidos,Puerto Rico,2,272.9500122,272.9500122,Standard Class,Shipping canceled
Saint Charles,Caguas,Estados Unidos,Puerto Rico,3,272.9500122,272.9500122,Standard Class,Shipping canceled
Columbus,Caguas,Estados Unidos,Puerto Rico,5,199.9499969,199.9499969,Standard Class,Shipping canceled
Decatur,Caguas,Estados Unidos,Puerto Rico,3,240.0,240.0,Standard Class,Shipping canceled
Costa Mesa,Caguas,Estados Unidos,Puerto Rico,3,217.5,217.5,Standard Class,Shipping canceled
Asheville,Caguas,Estados Unidos,Puerto Rico,2,210.0,210.0,Standard Class,Shipping canceled
Costa Mesa,Caguas,Estados Unidos,Puerto Rico,3,134.3600006,134.3600006,Standard Class,Shipping canceled
Florence,Caguas,Estados Unidos,Puerto Rico,2,220.4499969,220.4499969,Standard Class,Advance shipping
Lowell,Caguas,Estados Unidos,Puerto Rico,6,454.9500122,454.9500122,Standard Class,Late delivery
New York City,Caguas,Estados Unidos,Puerto Rico,5,424.9599915,424.9599915,Standard Class,Late delivery
Seattle,Caguas,Estados Unidos,Puerto Rico,2,419.9599915,419.9599915,Standard Class,Advance shipping
Akron,Caguas,Estados Unidos,Puerto Rico,5,184.4600067,184.4600067,Standard Class,Late delivery
San Francisco,Caguas,Estados Unidos,Puerto Rico,3,296.9500122,296.9500122,Standard Class,Advance shipping
London,Caguas,Canada,Puerto Rico,2,290.9500122,290.9500122,Standard Class,Advance shipping
London,Caguas,Canada,Puerto Rico,2,287.9500122,287.9500122,Standard Class,Advance shipping
Springfield,Caguas,Estados Unidos,Puerto Rico,5,283.4500122,283.4500122,Standard Class,Late delivery
Henderson,Caguas,Estados Unidos,Puerto Rico,2,272.9500122,272.9500122,Standard Class,Advance shipping
North York,Caguas,Canada,Puerto Rico,3,260.9599915,260.9599915,Standard Class,Advance shipping
Los Angeles,Caguas,Estados Unidos,Puerto Rico,5,251.9600067,251.9600067,Standard Class,Late delivery
New York City,Caguas,Estados Unidos,Puerto Rico,3,247.5,247.5,Standard Class,Advance shipping
Grand Rapids,Caguas,Estados Unidos,Puerto Rico,2,240.0,240.0,Standard Class,Advance shipping
Mississauga,Caguas,Canada,Puerto Rico,3,237.5,237.5,Standard Class,Advance shipping
New York City,Caguas,Estados Unidos,Puerto Rico,2,185.9499969,185.9499969,Standard Class,Advance shipping
Round Rock,Caguas,Estados Unidos,Puerto Rico,6,225.0,225.0,Standard Class,Late delivery
Arlington,Caguas,Estados Unidos,Puerto Rico,6,217.5,217.5,Standard Class,Late delivery
San Francisco,Caguas,Estados Unidos,Puerto Rico,3,212.5,212.5,Standard Class,Advance shipping
San Diego,Caguas,Estados Unidos,Puerto Rico,4,210.0,210.0,Standard Class,Shipping on time
New York City,Caguas,Estados Unidos,Puerto Rico,2,205.0,205.0,Standard Class,Advance shipping
Tucson,Caguas,Estados Unidos,Puerto Rico,6,200.0,200.0,Standard Class,Late delivery
Los Angeles,Caguas,Estados Unidos,Puerto Rico,3,113.6999969,113.6999969,Standard Class,Advance shipping
Mississauga,Caguas,Canada,Puerto Rico,3,215.9600067,215.9600067,Standard Class,Advance shipping
Detroit,Caguas,Estados Unidos,Puerto Rico,4,166.1999969,166.1999969,Standard Class,Shipping on time
Minneapolis,Caguas,Estados Unidos,Puerto Rico,4,116.1999969,116.1999969,Standard Class,Shipping on time
Charlotte,Caguas,Estados Unidos,Puerto Rico,2,139.1600037,139.1600037,Standard Class,Advance shipping
Houston,Vega Baja,Estados Unidos,Puerto Rico,2,434.9599915,434.9599915,Standard Class,Advance shipping
Windsor,Caguas,Canada,Puerto Rico,3,424.9599915,424.9599915,Standard Class,Advance shipping
Newport News,Caguas,Estados Unidos,Puerto Rico,4,419.9599915,419.9599915,Standard Class,Shipping on time
San Francisco,Caguas,Estados Unidos,Puerto Rico,5,419.9599915,419.9599915,Standard Class,Late delivery
Minneapolis,Caguas,Estados Unidos,Puerto Rico,4,299.9500122,299.9500122,Standard Class,Shipping on time
San Francisco,Caguas,Estados Unidos,Puerto Rico,5,287.9500122,287.9500122,Standard Class,Late delivery
Oceanside,Caguas,Estados Unidos,Puerto Rico,2,283.4500122,283.4500122,Standard Class,Advance shipping
Surrey,San Juan,Canada,Puerto Rico,2,263.9599915,263.9599915,Standard Class,Advance shipping
San Antonio,San Juan,Estados Unidos,Puerto Rico,2,254.9600067,254.9600067,Standard Class,Advance shipping
Omaha,Caguas,Estados Unidos,Puerto Rico,5,254.9600067,254.9600067,Standard Class,Late delivery
North York,Caguas,Canada,Puerto Rico,2,245.9600067,245.9600067,Standard Class,Advance shipping
North York,Caguas,Canada,Puerto Rico,5,197.9499969,197.9499969,Standard Class,Late delivery
Baltimore,Caguas,Estados Unidos,Puerto Rico,5,197.9499969,197.9499969,Standard Class,Late delivery
Dallas,Caguas,Estados Unidos,Puerto Rico,2,197.9499969,197.9499969,Standard Class,Advance shipping
Calgary,Caguas,Canada,Puerto Rico,3,245.0,245.0,Standard Class,Advance shipping
New York City,Caguas,Estados Unidos,Puerto Rico,3,191.9499969,191.9499969,Standard Class,Advance shipping
Surrey,San Juan,Canada,Puerto Rico,2,227.5,227.5,Standard Class,Advance shipping
Oceanside,Caguas,Estados Unidos,Puerto Rico,2,181.9499969,181.9499969,Standard Class,Advance shipping
New York City,Caguas,Estados Unidos,Puerto Rico,4,227.5,227.5,Standard Class,Shipping on time
San Francisco,Caguas,Estados Unidos,Puerto Rico,3,181.9499969,181.9499969,Standard Class,Advance shipping
Seattle,Caguas,Estados Unidos,Puerto Rico,3,227.5,227.5,Standard Class,Advance shipping
Jackson,Caguas,Estados Unidos,Puerto Rico,3,200.0,200.0,Standard Class,Advance shipping
Columbus,Caguas,Estados Unidos,Puerto Rico,6,149.9600067,149.9600067,Standard Class,Late delivery
Arlington,Caguas,Estados Unidos,Puerto Rico,3,85.44999695,85.44999695,Standard Class,Advance shipping
Chicago,Caguas,Estados Unidos,Puerto Rico,3,145.5500031,145.5500031,Standard Class,Advance shipping
Waterbury,Caguas,Estados Unidos,Puerto Rico,6,67.95999908,67.95999908,Standard Class,Late delivery
Seattle,Caguas,Estados Unidos,Puerto Rico,2,93.70999908,93.70999908,Standard Class,Advance shipping
Houston,Caguas,Estados Unidos,Puerto Rico,2,116.1999969,116.1999969,Standard Class,Shipping canceled
New York City,Caguas,Estados Unidos,Puerto Rico,2,472.4500122,472.4500122,Standard Class,Shipping canceled
Los Angeles,Caguas,Estados Unidos,Puerto Rico,4,424.9599915,424.9599915,Standard Class,Shipping canceled
San Francisco,Caguas,Estados Unidos,Puerto Rico,2,374.9599915,374.9599915,Standard Class,Shipping canceled
Philadelphia,Caguas,Estados Unidos,Puerto Rico,4,290.9500122,290.9500122,Standard Class,Shipping canceled
Henderson,Caguas,Estados Unidos,Puerto Rico,5,245.9600067,245.9600067,Standard Class,Shipping canceled
Parker,Caguas,Estados Unidos,Puerto Rico,3,245.9600067,245.9600067,Standard Class,Shipping canceled
Parker,Caguas,Estados Unidos,Puerto Rico,3,239.9600067,239.9600067,Standard Class,Shipping canceled
Fairfield,Caguas,Estados Unidos,Puerto Rico,5,227.5,227.5,Standard Class,Shipping canceled
Seattle,Caguas,Estados Unidos,Puerto Rico,4,217.5,217.5,Standard Class,Shipping canceled
San Diego,Caguas,Estados Unidos,Puerto Rico,4,207.5,207.5,Standard Class,Shipping canceled
Los Angeles,Caguas,Estados Unidos,Puerto Rico,5,134.3600006,134.3600006,Standard Class,Shipping canceled
Houston,Caguas,Estados Unidos,Puerto Rico,2,191.9600067,191.9600067,Standard Class,Shipping canceled
Cape Town,Caguas,SudAfrica,Puerto Rico,2,124.7900009,124.7900009,First Class,Late delivery
Fayún,Caguas,Egipto,Puerto Rico,2,122.8399963,122.8399963,First Class,Late delivery
Bournemouth,Caguas,Reino Unido,Puerto Rico,2,384.230011,384.230011,First Class,Late delivery
Dnipropetrovsk,Caguas,Ucrania,Puerto Rico,2,83.98999786,83.98999786,First Class,Late delivery
Turin,Caguas,Italia,Puerto Rico,2,129.9900055,129.9900055,First Class,Late delivery
Turin,Caguas,Italia,Puerto Rico,2,128.6900024,128.6900024,First Class,Late delivery
Courbevoie,Caguas,Francia,Puerto Rico,2,124.7900009,124.7900009,First Class,Late delivery
Argentan,Caguas,Francia,Puerto Rico,2,124.7900009,124.7900009,First Class,Late delivery
Cognac,Caguas,Francia,Puerto Rico,2,123.4899979,123.4899979,First Class,Late delivery
Turin,Caguas,Italia,Puerto Rico,2,122.8399963,122.8399963,First Class,Late delivery
Stuttgart,Caguas,Alemania,Puerto Rico,2,122.8399963,122.8399963,First Class,Late delivery
La Baule-Escoublac,Caguas,Francia,Puerto Rico,2,419.9500122,419.9500122,First Class,Late delivery
Saint-Michel-sur-Orge,Caguas,Francia,Puerto Rico,2,118.2900009,118.2900009,First Class,Late delivery
Saint-Malo,Caguas,Francia,Puerto Rico,2,116.9899979,116.9899979,First Class,Late delivery
Ghent,Caguas,Bélgica,Puerto Rico,2,114.3899994,114.3899994,First Class,Late delivery
Ghent,Caguas,Bélgica,Puerto Rico,2,113.0899963,113.0899963,First Class,Late delivery
Rome,Caguas,Italia,Puerto Rico,2,110.4899979,110.4899979,First Class,Late delivery
Ghent,Caguas,Bélgica,Puerto Rico,2,110.4899979,110.4899979,First Class,Late delivery
Montpellier,Caguas,Francia,Puerto Rico,2,50.38999939,50.38999939,First Class,Late delivery
Maisons-Alfort,Caguas,Francia,Puerto Rico,2,109.1900024,109.1900024,First Class,Late delivery
Stuttgart,Caguas,Alemania,Puerto Rico,2,49.79000092,49.79000092,First Class,Late delivery
Hamburgo,Caguas,Alemania,Puerto Rico,2,107.8899994,107.8899994,First Class,Late delivery
Cholet,Caguas,Francia,Puerto Rico,2,285.6799927,285.6799927,First Class,Late delivery
Estocolmo,Caguas,Suecia,Puerto Rico,2,44.99000168,44.99000168,First Class,Late delivery
Trier,Caguas,Alemania,Puerto Rico,2,44.99000168,44.99000168,First Class,Late delivery
Trier,Caguas,Alemania,Puerto Rico,2,44.0,44.0,First Class,Late delivery
Rome,Caguas,Italia,Puerto Rico,2,41.5,41.5,First Class,Late delivery
Mulhouse,Bronx,Francia,EE. UU.,2,248.9600067,248.9600067,Standard Class,Advance shipping
Amsterdam,Plymouth,Países Bajos,EE. UU.,6,245.9600067,245.9600067,Standard Class,Late delivery
Vannes,Detroit,Francia,EE. UU.,5,245.9600067,245.9600067,Standard Class,Late delivery
Bochum,Princeton,Alemania,EE. UU.,3,245.9600067,245.9600067,Standard Class,Advance shipping
Solihull,Chandler,Reino Unido,EE. UU.,3,239.9600067,239.9600067,Standard Class,Advance shipping
Palermo,Los Angeles,Italia,EE. UU.,3,239.9600067,239.9600067,Standard Class,Advance shipping
Perpignan,El Cajon,Francia,EE. UU.,6,239.9600067,239.9600067,Standard Class,Late delivery
Trier,Saint Paul,Alemania,EE. UU.,5,239.9600067,239.9600067,Standard Class,Late delivery
Amsterdam,Hilliard,Países Bajos,EE. UU.,2,239.9600067,239.9600067,Standard Class,Advance shipping
Ufa,Orange Park,Rusia,EE. UU.,4,224.9600067,224.9600067,Standard Class,Shipping on time
Milan,New York,Italia,EE. UU.,3,224.9600067,224.9600067,Standard Class,Advance shipping
Madrid,Dallas,España,EE. UU.,2,224.9600067,224.9600067,Standard Class,Advance shipping
Mougins,Hyattsville,Francia,EE. UU.,6,224.9600067,224.9600067,Standard Class,Late delivery
Lowestoft,Tustin,Reino Unido,EE. UU.,5,250.0,250.0,Standard Class,Late delivery
Kumanovo,Chicago,Macedonia,EE. UU.,3,250.0,250.0,Standard Class,Advance shipping
Nantes,Tonawanda,Francia,EE. UU.,4,199.9499969,199.9499969,Standard Class,Shipping on time
Athis-Mons,Amarillo,Francia,EE. UU.,3,199.9499969,199.9499969,Standard Class,Advance shipping
Almelo,Bismarck,Países Bajos,EE. UU.,4,250.0,250.0,Standard Class,Shipping on time
Odense,Decatur,Dinamarca,EE. UU.,6,247.5,247.5,Standard Class,Late delivery
Kumanovo,Chicago,Macedonia,EE. UU.,3,247.5,247.5,Standard Class,Advance shipping
Hasselt,San Pablo,Bélgica,EE. UU.,3,197.9499969,197.9499969,Standard Class,Advance shipping
Clamart,Hialeah,Francia,EE. UU.,4,197.9499969,197.9499969,Standard Class,Shipping on time
Frankfurt,Anaheim,Alemania,EE. UU.,4,247.5,247.5,Standard Class,Shipping on time
Bergheim,Orlando,Alemania,EE. UU.,2,247.5,247.5,Standard Class,Advance shipping
Astracán,Brooklyn,Rusia,EE. UU.,2,195.9499969,195.9499969,Standard Class,Advance shipping
Lublin,San Antonio,Polonia,EE. UU.,4,245.0,245.0,Standard Class,Shipping on time
Redditch,Philadelphia,Reino Unido,EE. UU.,4,245.0,245.0,Standard Class,Shipping on time
Barcelona,Long Beach,España,EE. UU.,3,245.0,245.0,Standard Class,Advance shipping
Rotterdam,Sacramento,Países Bajos,EE. UU.,3,195.9499969,195.9499969,Standard Class,Advance shipping
Herford,Simi Valley,Alemania,EE. UU.,4,245.0,245.0,Standard Class,Shipping on time
Kaliningrado,Douglasville,Rusia,EE. UU.,6,242.5,242.5,Standard Class,Late delivery
Tamworth,Catonsville,Reino Unido,EE. UU.,3,193.9499969,193.9499969,Standard Class,Advance shipping
Mulhouse,Oak Lawn,Francia,EE. UU.,6,242.5,242.5,Standard Class,Late delivery
Augsburg,Henderson,Alemania,EE. UU.,3,242.5,242.5,Standard Class,Advance shipping
Copenhagen,Lompoc,Dinamarca,EE. UU.,2,240.0,240.0,Standard Class,Advance shipping
Bergamo,North Las Vegas,Italia,EE. UU.,3,191.9499969,191.9499969,Standard Class,Advance shipping
Foggia,Cumberland,Italia,EE. UU.,3,240.0,240.0,Standard Class,Advance shipping
Heilbronn,Jonesboro,Alemania,EE. UU.,6,191.9499969,191.9499969,Standard Class,Late delivery
Mainz,Chandler,Alemania,EE. UU.,3,240.0,240.0,Standard Class,Advance shipping
Halle,Lakewood,Alemania,EE. UU.,4,240.0,240.0,Standard Class,Shipping on time
Kryvyy Rih,Opa Locka,Ucrania,EE. UU.,5,237.5,237.5,Standard Class,Late delivery
London,Tallahassee,Reino Unido,EE. UU.,6,189.9499969,189.9499969,Standard Class,Late delivery
Kilwinning,Elgin,Reino Unido,EE. UU.,2,237.5,237.5,Standard Class,Advance shipping
Vila Nova de Gaia,College Station,Portugal,EE. UU.,5,237.5,237.5,Standard Class,Late delivery
Vannes,Alhambra,Francia,EE. UU.,3,189.9499969,189.9499969,Standard Class,Advance shipping
Amsterdam,Hamtramck,Países Bajos,EE. UU.,6,237.5,237.5,Standard Class,Late delivery
Mulhouse,Troy,Francia,EE. UU.,4,237.5,237.5,Standard Class,Shipping on time
Reims,Round Rock,Francia,EE. UU.,5,237.5,237.5,Standard Class,Late delivery
Cheliábinsk,Mesquite,Rusia,EE. UU.,6,188.9499969,188.9499969,Standard Class,Late delivery
London,Cleveland,Reino Unido,EE. UU.,6,236.25,236.25,Standard Class,Late delivery
Stockton-on-Tees,Broken Arrow,Reino Unido,EE. UU.,3,236.25,236.25,Standard Class,Advance shipping
Elx,Milpitas,España,EE. UU.,4,188.9499969,188.9499969,Standard Class,Shipping on time
Las Rozas de Madrid,Memphis,España,EE. UU.,5,188.9499969,188.9499969,Standard Class,Late delivery
Herford,Simi Valley,Alemania,EE. UU.,4,188.9499969,188.9499969,Standard Class,Shipping on time
Fontaine,Lombard,Francia,EE. UU.,2,236.25,236.25,Standard Class,Advance shipping
Hamburgo,Brooklyn,Alemania,EE. UU.,3,236.25,236.25,Standard Class,Advance shipping
Hanover,Webster,Alemania,EE. UU.,4,236.25,236.25,Standard Class,Shipping on time
Viena,Hanover,Austria,EE. UU.,5,236.25,236.25,Standard Class,Late delivery
Reims,Round Rock,Francia,EE. UU.,5,236.25,236.25,Standard Class,Late delivery
Estocolmo,Pawtucket,Suecia,EE. UU.,5,185.9499969,185.9499969,Standard Class,Late delivery
Messina,Memphis,Italia,EE. UU.,4,232.5,232.5,Standard Class,Shipping on time
Issy-les-Moulineaux,Redmond,Francia,EE. UU.,5,185.9499969,185.9499969,Standard Class,Late delivery
Apeldoorn,Cypress,Países Bajos,EE. UU.,4,232.5,232.5,Standard Class,Shipping on time
Six-Fours-les-Plages,New York,Francia,EE. UU.,3,232.5,232.5,Standard Class,Advance shipping
Hanover,Webster,Alemania,EE. UU.,4,232.5,232.5,Standard Class,Shipping on time
Le Chesnay,Findlay,Francia,EE. UU.,6,232.5,232.5,Standard Class,Late delivery
Vínnytsia,Los Angeles,Ucrania,EE. UU.,3,227.5,227.5,Standard Class,Advance shipping
Cheliábinsk,Brooklyn,Rusia,EE. UU.,4,227.5,227.5,Standard Class,Shipping on time
Estocolmo,Pawtucket,Suecia,EE. UU.,5,181.9499969,181.9499969,Standard Class,Late delivery
Slupsk,Bend,Polonia,EE. UU.,3,225.0,225.0,Standard Class,Advance shipping
Dublín,La Habra,Irlanda,EE. UU.,2,179.9600067,179.9600067,Standard Class,Advance shipping
Frederiksberg,Albany,Dinamarca,EE. UU.,2,179.9600067,179.9600067,Standard Class,Advance shipping
Zagreb,San Diego,Croacia,EE. UU.,6,225.0,225.0,Standard Class,Late delivery
Trier,West Covina,Alemania,EE. UU.,5,225.0,225.0,Standard Class,Late delivery
Le Creusot,Jersey City,Francia,EE. UU.,6,225.0,225.0,Standard Class,Late delivery
Frederiksberg,Laguna Hills,Dinamarca,EE. UU.,5,175.9600067,175.9600067,Standard Class,Late delivery
Tamworth,Catonsville,Reino Unido,EE. UU.,3,220.0,220.0,Standard Class,Advance shipping
Huddersfield,Buffalo,Reino Unido,EE. UU.,3,220.0,220.0,Standard Class,Advance shipping
Zagreb,San Diego,Croacia,EE. UU.,6,220.0,220.0,Standard Class,Late delivery
Hamm,Los Angeles,Alemania,EE. UU.,3,175.9600067,175.9600067,Standard Class,Advance shipping
Marly-le-Roi,Portland,Francia,EE. UU.,3,175.9600067,175.9600067,Standard Class,Advance shipping
Drancy,Philadelphia,Francia,EE. UU.,2,175.9600067,175.9600067,Standard Class,Advance shipping
Leeuwarden,Panorama City,Países Bajos,EE. UU.,5,220.0,220.0,Standard Class,Late delivery
Dortmund,Hanover,Alemania,EE. UU.,4,220.0,220.0,Standard Class,Shipping on time
Budënnovsk,La Puente,Rusia,EE. UU.,4,217.5,217.5,Standard Class,Shipping on time
Zagreb,San Diego,Croacia,EE. UU.,6,217.5,217.5,Standard Class,Late delivery
Rome,Baltimore,Italia,EE. UU.,6,217.5,217.5,Standard Class,Late delivery
Mougins,Hyattsville,Francia,EE. UU.,6,173.9600067,173.9600067,Standard Class,Late delivery
Vannes,Alhambra,Francia,EE. UU.,3,217.5,217.5,Standard Class,Advance shipping
Nice,Roseburg,Francia,EE. UU.,3,217.5,217.5,Standard Class,Advance shipping
Dundee,Union City,Reino Unido,EE. UU.,6,212.5,212.5,Standard Class,Late delivery
Celle,Baltimore,Alemania,EE. UU.,2,169.9600067,169.9600067,Standard Class,Advance shipping
Berlín,New Bedford,Alemania,EE. UU.,3,212.5,212.5,Standard Class,Advance shipping
Rome,Loveland,Italia,EE. UU.,3,167.9600067,167.9600067,Standard Class,Advance shipping
Bari,Detroit,Italia,EE. UU.,2,210.0,210.0,Standard Class,Advance shipping
Berlín,Encinitas,Alemania,EE. UU.,5,294.0,294.0,Standard Class,Late delivery
Pontault-Combault,New York,Francia,EE. UU.,5,167.9600067,167.9600067,Standard Class,Late delivery
Bezons,Mesa,Francia,EE. UU.,5,210.0,210.0,Standard Class,Late delivery
Essen,Oceanside,Alemania,EE. UU.,2,210.0,210.0,Standard Class,Advance shipping
Douarnenez,Asheboro,Francia,EE. UU.,6,210.0,210.0,Standard Class,Late delivery
Constanza,Rancho Cordova,Rumania,EE. UU.,6,207.5,207.5,Standard Class,Late delivery
London,El Paso,Reino Unido,EE. UU.,5,165.9600067,165.9600067,Standard Class,Late delivery
Barcelona,San Diego,España,EE. UU.,4,165.9600067,165.9600067,Standard Class,Shipping on time
Guidonia Montecelio,Pompano Beach,Italia,EE. UU.,5,207.5,207.5,Standard Class,Late delivery
Toulouse,Riverside,Francia,EE. UU.,5,165.9600067,165.9600067,Standard Class,Late delivery
Mulhouse,Columbus,Francia,EE. UU.,4,165.9600067,165.9600067,Standard Class,Shipping on time
Viroflay,Oceanside,Francia,EE. UU.,4,207.5,207.5,Standard Class,Shipping on time
Freiburg,Chicago,Alemania,EE. UU.,4,207.5,207.5,Standard Class,Shipping on time
The Hague,Brooklyn,Países Bajos,EE. UU.,4,207.5,207.5,Standard Class,Shipping on time
Espoo,Chapel Hill,Finlandia,EE. UU.,2,163.9600067,163.9600067,Standard Class,Advance shipping
Portsmouth,San Bernardino,Reino Unido,EE. UU.,5,205.0,205.0,Standard Class,Late delivery
Hamar,Apex,Noruega,EE. UU.,6,205.0,205.0,Standard Class,Late delivery
Verona,San Francisco,Italia,EE. UU.,3,163.9600067,163.9600067,Standard Class,Advance shipping
Lyon,Virginia Beach,Francia,EE. UU.,5,287.0,287.0,Standard Class,Late delivery
Gera,Bakersfield,Alemania,EE. UU.,6,163.9600067,163.9600067,Standard Class,Late delivery
Berlín,Highland,Alemania,EE. UU.,4,163.9600067,163.9600067,Standard Class,Shipping on time
Toulouse,South El Monte,Francia,EE. UU.,4,205.0,205.0,Standard Class,Shipping on time
Paris,Winnetka,Francia,EE. UU.,5,205.0,205.0,Standard Class,Late delivery
Verdun,Denver,Francia,EE. UU.,2,205.0,205.0,Standard Class,Advance shipping
Saint-Quentin,Asheboro,Francia,EE. UU.,3,205.0,205.0,Standard Class,Advance shipping
Hamburgo,Staten Island,Alemania,EE. UU.,2,205.0,205.0,Standard Class,Advance shipping
Ufa,Las Vegas,Rusia,EE. UU.,5,200.0,200.0,Standard Class,Late delivery
Portsmouth,San Bernardino,Reino Unido,EE. UU.,5,200.0,200.0,Standard Class,Late delivery
Hamar,Apex,Noruega,EE. UU.,6,200.0,200.0,Standard Class,Late delivery
Brescia,Amarillo,Italia,EE. UU.,2,159.9600067,159.9600067,Standard Class,Advance shipping
Mulhouse,Oak Lawn,Francia,EE. UU.,6,159.9600067,159.9600067,Standard Class,Late delivery
Bagneux,Irving,Francia,EE. UU.,4,159.9600067,159.9600067,Standard Class,Shipping on time
San Galo,Phoenix,Suiza,EE. UU.,2,200.0,200.0,Standard Class,Advance shipping
Vanves,Los Angeles,Francia,EE. UU.,5,200.0,200.0,Standard Class,Late delivery
Rillieux-la-Pape,Brooklyn,Francia,EE. UU.,2,200.0,200.0,Standard Class,Advance shipping
Bayreuth,Brooklyn,Alemania,EE. UU.,6,200.0,200.0,Standard Class,Late delivery
Lviv,Tonawanda,Ucrania,EE. UU.,5,149.9600067,149.9600067,Standard Class,Late delivery
Sofia,Tonawanda,Bulgaria,EE. UU.,5,187.5,187.5,Standard Class,Late delivery
Varna,Blacksburg,Bulgaria,EE. UU.,3,187.5,187.5,Standard Class,Advance shipping
Peterborough,Santa Ana,Reino Unido,EE. UU.,6,187.5,187.5,Standard Class,Late delivery
Messina,Dorchester Center,Italia,EE. UU.,5,187.5,187.5,Standard Class,Late delivery
Hamburgo,Orange Park,Alemania,EE. UU.,2,149.9600067,149.9600067,Standard Class,Advance shipping
Villenave-d'Ornon,Bronx,Francia,EE. UU.,2,187.5,187.5,Standard Class,Advance shipping
Rillieux-la-Pape,Brooklyn,Francia,EE. UU.,2,187.5,187.5,Standard Class,Advance shipping
Soissons,York,Francia,EE. UU.,3,187.5,187.5,Standard Class,Advance shipping
Nice,Roseburg,Francia,EE. UU.,3,254.75,254.75,Standard Class,Advance shipping
London,Corona,Reino Unido,EE. UU.,3,121.1999969,121.1999969,Standard Class,Advance shipping
Viena,Woonsocket,Austria,EE. UU.,3,121.1999969,121.1999969,Standard Class,Advance shipping
Ostrava,Aurora,República Checa,EE. UU.,5,118.6999969,118.6999969,Standard Class,Late delivery
Milan,Fontana,Italia,EE. UU.,4,94.94999695,94.94999695,Standard Class,Shipping on time
Lille,Brighton,Francia,EE. UU.,6,75.55000305,75.55000305,Standard Class,Late delivery
Liberec,Saint Paul,República Checa,EE. UU.,6,145.5500031,145.5500031,Standard Class,Late delivery
Marseille,Jersey City,Francia,EE. UU.,3,113.6999969,113.6999969,Standard Class,Advance shipping
Zurich,San Antonio,Suiza,EE. UU.,5,90.94999695,90.94999695,Standard Class,Late delivery
Hanover,Webster,Alemania,EE. UU.,4,112.4599991,112.4599991,Standard Class,Shipping on time
Argenteuil,Potomac,Francia,EE. UU.,2,89.95999908,89.95999908,Standard Class,Advance shipping
Pau,Richmond,Francia,EE. UU.,2,69.55999756,69.55999756,Standard Class,Advance shipping
Capua,Riverside,Italia,EE. UU.,6,93.70999908,93.70999908,Standard Class,Late delivery
Capua,Riverside,Italia,EE. UU.,6,119.9599991,119.9599991,Standard Class,Late delivery
Ivanovo,Sugar Land,Rusia,EE. UU.,4,131.9600067,131.9600067,Standard Class,Shipping on time
Wetzlar,Salt Lake City,Alemania,EE. UU.,3,430.6499939,430.6499939,Standard Class,Advance shipping
Melilla,Littleton,España,EE. UU.,5,127.4599991,127.4599991,Standard Class,Late delivery
Hamburgo,Fremont,Alemania,EE. UU.,3,124.4599991,124.4599991,Standard Class,Advance shipping
Kaluga,Greenville,Rusia,EE. UU.,4,222.6999969,222.6999969,Standard Class,Shipping on time
Neuilly-sur-Seine,Los Angeles,Francia,EE. UU.,2,489.9500122,489.9500122,Standard Class,Advance shipping
Plymouth,Fort Lauderdale,Reino Unido,EE. UU.,3,479.9500122,479.9500122,Standard Class,Advance shipping
Frankfurt,Simi Valley,Alemania,EE. UU.,3,472.4500122,472.4500122,Standard Class,Advance shipping
Le Mans,Hayward,Francia,EE. UU.,4,464.9500122,464.9500122,Standard Class,Shipping on time
Getafe,Mission Viejo,España,EE. UU.,3,454.9500122,454.9500122,Standard Class,Advance shipping
Munster,Carmichael,Alemania,EE. UU.,4,449.9599915,449.9599915,Standard Class,Shipping on time
Derby,Victorville,Reino Unido,EE. UU.,5,419.9599915,419.9599915,Standard Class,Late delivery
Arles,Freeport,Francia,EE. UU.,2,419.9599915,419.9599915,Standard Class,Advance shipping
Brindisi,Baltimore,Italia,EE. UU.,3,414.9599915,414.9599915,Standard Class,Advance shipping
Poltava,Winter Park,Ucrania,EE. UU.,3,139.9600067,139.9600067,Standard Class,Advance shipping
Viena,Chicago,Austria,EE. UU.,6,293.9500122,293.9500122,Standard Class,Late delivery
Basildon,Stone Mountain,Reino Unido,EE. UU.,2,287.9500122,287.9500122,Standard Class,Advance shipping
London,Laguna Hills,Reino Unido,EE. UU.,3,284.9500122,284.9500122,Standard Class,Advance shipping
Upsala,Goleta,Suecia,EE. UU.,5,284.9500122,284.9500122,Standard Class,Late delivery
Munster,Carmichael,Alemania,EE. UU.,4,278.9500122,278.9500122,Standard Class,Shipping on time
Ploiesti,Bronx,Rumania,EE. UU.,5,263.9599915,263.9599915,Standard Class,Late delivery
Poltava,Winter Park,Ucrania,EE. UU.,3,260.9599915,260.9599915,Standard Class,Advance shipping
Munich,Hagerstown,Alemania,EE. UU.,2,260.9599915,260.9599915,Standard Class,Advance shipping
Budapest,Martinsburg,Hungría,EE. UU.,5,254.9600067,254.9600067,Standard Class,Late delivery
Dublín,Alameda,Irlanda,EE. UU.,6,251.9600067,251.9600067,Standard Class,Late delivery
Winterthur,South El Monte,Suiza,EE. UU.,4,248.9600067,248.9600067,Standard Class,Shipping on time
Grosseto,Fontana,Italia,EE. UU.,2,239.9600067,239.9600067,Standard Class,Advance shipping
Aligudarz,Strongsville,Irán,EE. UU.,3,110.4899979,110.4899979,Standard Class,Advance shipping
Surakarta,Miami,Indonesia,EE. UU.,3,50.99000168,50.99000168,Standard Class,Advance shipping
Singapur,Milpitas,Singapur,EE. UU.,3,110.4899979,110.4899979,Standard Class,Advance shipping
Taiping,Aurora,Malasia,EE. UU.,2,110.4899979,110.4899979,Standard Class,Advance shipping
Surabaya,Morristown,Indonesia,EE. UU.,5,183.4499969,183.4499969,Standard Class,Late delivery
Estambul,Columbus,Turquía,EE. UU.,4,110.4899979,110.4899979,Standard Class,Shipping on time
Medina,Rock Hill,Arabia Saudí,EE. UU.,5,110.4899979,110.4899979,Standard Class,Late delivery
Daegu,Los Angeles,Corea del Sur,EE. UU.,4,109.1900024,109.1900024,Standard Class,Shipping on time
Sydney,Santa Ana,Australia,EE. UU.,2,109.1900024,109.1900024,Standard Class,Advance shipping
Darwin,Pompano Beach,Australia,EE. UU.,6,109.1900024,109.1900024,Standard Class,Late delivery
Chennai,Saint Louis,India,EE. UU.,5,50.38999939,50.38999939,Standard Class,Late delivery
Mumbai,San Antonio,India,EE. UU.,3,177.1100006,177.1100006,Standard Class,Advance shipping
Kerman,Honolulu,Irán,EE. UU.,6,109.1900024,109.1900024,Standard Class,Late delivery
Manila,Los Angeles,Filipinas,EE. UU.,3,299.9599915,299.9599915,Standard Class,Advance shipping
Kendari,Memphis,Indonesia,EE. UU.,5,299.9599915,299.9599915,Standard Class,Late delivery
Kuala Lumpur,Pico Rivera,Malasia,EE. UU.,2,50.38999939,50.38999939,Standard Class,Advance shipping
Ho Chi Minh City,Chula Vista,Vietnam,EE. UU.,3,109.1900024,109.1900024,Standard Class,Advance shipping
Semarang,Corona,Indonesia,EE. UU.,6,109.1900024,109.1900024,Standard Class,Late delivery
Yakarta,Longmont,Indonesia,EE. UU.,3,109.1900024,109.1900024,Standard Class,Advance shipping
Bangkok,Saint Louis,Tailandia,EE. UU.,4,109.1900024,109.1900024,Standard Class,Shipping on time
Ad Diwaniyah,Chicago,Irak,EE. UU.,2,109.1900024,109.1900024,Standard Class,Advance shipping
Kita-ku,Quincy,Japón,EE. UU.,5,49.79000092,49.79000092,Standard Class,Late delivery
Himeji,Los Angeles,Japón,EE. UU.,5,107.8899994,107.8899994,Standard Class,Late delivery
Gold Coast,San Diego,Australia,EE. UU.,4,383.0299988,383.0299988,Standard Class,Shipping on time
Sydney,Martinez,Australia,EE. UU.,6,107.8899994,107.8899994,Standard Class,Late delivery
Geelong,Houston,Australia,EE. UU.,6,107.8899994,107.8899994,Standard Class,Late delivery
Wagga Wagga,Jackson,Australia,EE. UU.,2,179.1300049,179.1300049,Standard Class,Advance shipping
Bahawalpur,San Jose,Pakistán,EE. UU.,6,383.0299988,383.0299988,Standard Class,Late delivery
Abadan,El Paso,Irán,EE. UU.,6,107.8899994,107.8899994,Standard Class,Late delivery
Rangún,San Jose,Myanmar (Birmania),EE. UU.,5,296.3900146,296.3900146,Standard Class,Late delivery
Manila,Fullerton,Filipinas,EE. UU.,4,107.8899994,107.8899994,Standard Class,Shipping on time
Yakarta,Roseville,Indonesia,EE. UU.,3,107.8899994,107.8899994,Standard Class,Advance shipping
Bangkok,Saint Louis,Tailandia,EE. UU.,4,107.8899994,107.8899994,Standard Class,Shipping on time
Taiping,Columbus,Malasia,EE. UU.,2,107.8899994,107.8899994,Standard Class,Advance shipping
Arbil,Baltimore,Irak,EE. UU.,3,49.79000092,49.79000092,Standard Class,Advance shipping
Corum,El Cajon,Turquía,EE. UU.,3,107.8899994,107.8899994,Standard Class,Advance shipping
Xi'an,Phoenix,China,EE. UU.,4,106.5899963,106.5899963,Standard Class,Shipping on time
Chengdu,Augusta,China,EE. UU.,2,106.5899963,106.5899963,Standard Class,Advance shipping
Nishinomiya,Canton,Japón,EE. UU.,4,106.5899963,106.5899963,Standard Class,Shipping on time
Bendigo,Detroit,Australia,EE. UU.,4,49.18999863,49.18999863,Standard Class,Shipping on time
Wollongong,Arlington,Australia,EE. UU.,5,378.4100037,378.4100037,Standard Class,Late delivery
Perth,Encinitas,Australia,EE. UU.,4,172.8999939,172.8999939,Standard Class,Shipping on time
Mildura,Lawrenceville,Australia,EE. UU.,5,106.5899963,106.5899963,Standard Class,Late delivery
Mackay,Lancaster,Australia,EE. UU.,3,106.5899963,106.5899963,Standard Class,Advance shipping
Hobart,Fort Worth,Australia,EE. UU.,4,106.5899963,106.5899963,Standard Class,Shipping on time
Delhi,Portland,India,EE. UU.,5,49.18999863,49.18999863,Standard Class,Late delivery
Qom,Salt Lake City,Irán,EE. UU.,4,49.18999863,49.18999863,Standard Class,Shipping on time
Shiraz,Hollister,Irán,EE. UU.,5,106.5899963,106.5899963,Standard Class,Late delivery
Bokaro,Hialeah,India,EE. UU.,4,106.5899963,106.5899963,Standard Class,Shipping on time
Yakarta,Van Nuys,Indonesia,EE. UU.,4,106.5899963,106.5899963,Standard Class,Shipping on time
Bangkok,Edison,Tailandia,EE. UU.,4,106.5899963,106.5899963,Standard Class,Shipping on time
Tel Aviv,Beloit,Israel,EE. UU.,2,49.18999863,49.18999863,Standard Class,Advance shipping
Zhuhai,Tempe,China,EE. UU.,2,103.9899979,103.9899979,Standard Class,Advance shipping
Auckland,North Hollywood,Nueva Zelanda,EE. UU.,2,103.9899979,103.9899979,Standard Class,Advance shipping
Wellington,Rowland Heights,Nueva Zelanda,EE. UU.,2,103.9899979,103.9899979,Standard Class,Advance shipping
Wagga Wagga,Santa Cruz,Australia,EE. UU.,5,172.6600037,172.6600037,Standard Class,Late delivery
Melbourne,Saint Paul,Australia,EE. UU.,2,172.6600037,172.6600037,Standard Class,Advance shipping
Daca,Austin,Bangladés,EE. UU.,2,369.1799927,369.1799927,Standard Class,Advance shipping
Malegaon,Salinas,India,EE. UU.,6,103.9899979,103.9899979,Standard Class,Late delivery
Nom Pen,Lenoir,Camboya,EE. UU.,5,47.99000168,47.99000168,Standard Class,Late delivery
Yakarta,Los Angeles,Indonesia,EE. UU.,5,103.9899979,103.9899979,Standard Class,Late delivery
Balikpapan,San Francisco,Indonesia,EE. UU.,5,172.6600037,172.6600037,Standard Class,Late delivery
Riyadh,Chicago,Arabia Saudí,EE. UU.,6,103.9899979,103.9899979,Standard Class,Late delivery
Estambul,Burnsville,Turquía,EE. UU.,3,103.9899979,103.9899979,Standard Class,Advance shipping
Liaocheng,Allentown,China,EE. UU.,5,44.31000137,44.31000137,Standard Class,Late delivery
Shanghái,Philadelphia,China,EE. UU.,3,44.99000168,44.99000168,Standard Class,Advance shipping
Zhuhai,Tempe,China,EE. UU.,2,97.48999786,97.48999786,Standard Class,Advance shipping
Zhengzhou,Hyattsville,China,EE. UU.,3,97.48999786,97.48999786,Standard Class,Advance shipping
Taizhou,Brooklyn,China,EE. UU.,2,161.8699951,161.8699951,Standard Class,Advance shipping
Christchurch,Jackson,Nueva Zelanda,EE. UU.,6,44.99000168,44.99000168,Standard Class,Late delivery
Wollongong,Quincy,Australia,EE. UU.,6,97.48999786,97.48999786,Standard Class,Late delivery
Hobart,Detroit,Australia,EE. UU.,3,97.48999786,97.48999786,Standard Class,Advance shipping
Nelson,Bronx,Nueva Zelanda,EE. UU.,5,97.48999786,97.48999786,Standard Class,Late delivery
Canberra,Bronx,Australia,EE. UU.,4,97.48999786,97.48999786,Standard Class,Shipping on time
Melbourne,York,Australia,EE. UU.,6,161.8699951,161.8699951,Standard Class,Late delivery
Chittagong,New Brunswick,Bangladés,EE. UU.,3,97.48999786,97.48999786,Standard Class,Advance shipping
Ahvaz,Beaverton,Irán,EE. UU.,3,97.48999786,97.48999786,Standard Class,Advance shipping
Yakarta,Columbia,Indonesia,EE. UU.,5,44.99000168,44.99000168,Standard Class,Late delivery
Manila,Denver,Filipinas,EE. UU.,5,346.1099854,346.1099854,Standard Class,Late delivery
Hanoi,Washington,Vietnam,EE. UU.,2,97.48999786,97.48999786,Standard Class,Advance shipping
Yakarta,Chicago Heights,Indonesia,EE. UU.,6,97.48999786,97.48999786,Standard Class,Late delivery
Bagdad,Bakersfield,Irak,EE. UU.,2,44.99000168,44.99000168,Standard Class,Advance shipping
Bagdad,Ontario,Irak,EE. UU.,4,97.48999786,97.48999786,Standard Class,Shipping on time
Estambul,Oceanside,Turquía,EE. UU.,3,97.48999786,97.48999786,Standard Class,Advance shipping
Tel Aviv,Beloit,Israel,EE. UU.,2,97.48999786,97.48999786,Standard Class,Advance shipping
Shenyang,Stockton,China,EE. UU.,2,39.99000168,39.99000168,Standard Class,Advance shipping
Qingdao,Hyattsville,China,EE. UU.,4,50.0,50.0,Standard Class,Shipping on time
Visakhapatnam,Corona,India,EE. UU.,2,50.0,50.0,Standard Class,Advance shipping
Thiruvananthapuram,Panorama City,India,EE. UU.,6,50.0,50.0,Standard Class,Late delivery
Yakarta,Long Beach,Indonesia,EE. UU.,6,39.99000168,39.99000168,Standard Class,Late delivery
Adana,Colorado Springs,Turquía,EE. UU.,4,50.0,50.0,Standard Class,Shipping on time
Ahvaz,North Tonawanda,Irán,EE. UU.,3,39.59000015,39.59000015,Standard Class,Advance shipping
Manila,Hesperia,Filipinas,EE. UU.,3,49.5,49.5,Standard Class,Advance shipping
Riyadh,Riverside,Arabia Saudí,EE. UU.,5,39.59000015,39.59000015,Standard Class,Late delivery
Atsugacho,Arlington,Japón,EE. UU.,3,49.0,49.0,Standard Class,Advance shipping
Wollongong,Hyattsville,Australia,EE. UU.,4,49.0,49.0,Standard Class,Shipping on time
Caloundra,Philadelphia,Australia,EE. UU.,6,49.0,49.0,Standard Class,Late delivery
Aligudarz,Strongsville,Irán,EE. UU.,3,39.18999863,39.18999863,Standard Class,Advance shipping
Qingdao,Hyattsville,China,EE. UU.,4,38.79000092,38.79000092,Standard Class,Shipping on time
Zhanjiang,Fond Du Lac,China,EE. UU.,4,38.79000092,38.79000092,Standard Class,Shipping on time
Melbourne,North Las Vegas,Australia,EE. UU.,2,48.5,48.5,Standard Class,Advance shipping
Caloundra,Philadelphia,Australia,EE. UU.,6,48.5,48.5,Standard Class,Late delivery
Yakarta,Opelousas,Indonesia,EE. UU.,4,48.5,48.5,Standard Class,Shipping on time
Mersin,Cary,Turquía,EE. UU.,4,48.5,48.5,Standard Class,Shipping on time
Jalalabad,Virginia Beach,Afganistán,EE. UU.,5,38.38999939,38.38999939,Standard Class,Late delivery
Soma,Mesquite,Turquía,EE. UU.,3,48.0,48.0,Standard Class,Advance shipping
Perth,Simi Valley,Australia,EE. UU.,4,37.99000168,37.99000168,Standard Class,Shipping on time
Rotorua,Cleveland,Nueva Zelanda,EE. UU.,3,47.5,47.5,Standard Class,Advance shipping
Agra,Raleigh,India,EE. UU.,6,37.79000092,37.79000092,Standard Class,Late delivery
Qom,Salt Lake City,Irán,EE. UU.,4,47.25,47.25,Standard Class,Shipping on time
Chennai,Saint Louis,India,EE. UU.,5,46.5,46.5,Standard Class,Late delivery
Kuantan,Sanford,Malasia,EE. UU.,4,46.5,46.5,Standard Class,Shipping on time
Bagdad,Cicero,Irak,EE. UU.,4,46.5,46.5,Standard Class,Shipping on time
Yangjiang,Lockport,China,EE. UU.,6,45.5,45.5,Standard Class,Late delivery
Wollongong,New York,Australia,EE. UU.,5,36.38999939,36.38999939,Standard Class,Late delivery
Christchurch,Laredo,Nueva Zelanda,EE. UU.,4,45.5,45.5,Standard Class,Shipping on time
Hobart,Fort Worth,Australia,EE. UU.,4,45.5,45.5,Standard Class,Shipping on time
Tiflis,Westland,Georgia,EE. UU.,5,36.38999939,36.38999939,Standard Class,Late delivery
Mosul,Bronx,Irak,EE. UU.,2,45.5,45.5,Standard Class,Advance shipping
Xiaogan,Chula Vista,China,EE. UU.,6,35.99000168,35.99000168,Standard Class,Late delivery
Bangkok,Saint Louis,Tailandia,EE. UU.,4,44.0,44.0,Standard Class,Shipping on time
Tokio,Stockbridge,Japón,EE. UU.,5,43.5,43.5,Standard Class,Late delivery
Darwin,Pompano Beach,Australia,EE. UU.,6,43.5,43.5,Standard Class,Late delivery
Darwin,Brooklyn,Australia,EE. UU.,6,43.5,43.5,Standard Class,Late delivery
Zanyán,Escondido,Irán,EE. UU.,2,42.0,42.0,Standard Class,Advance shipping
Tokio,Garden Grove,Japón,EE. UU.,2,33.18999863,33.18999863,Standard Class,Advance shipping
Jincheng,Carol Stream,China,EE. UU.,2,33.18999863,33.18999863,Standard Class,Advance shipping
Tianjin,Brooklyn,China,EE. UU.,5,33.18999863,33.18999863,Standard Class,Late delivery
Shenyang,Stockton,China,EE. UU.,2,41.5,41.5,Standard Class,Advance shipping
Waitakere,Salina,Nueva Zelanda,EE. UU.,4,33.18999863,33.18999863,Standard Class,Shipping on time
Hanoi,Washington,Vietnam,EE. UU.,2,41.5,41.5,Standard Class,Advance shipping
Newcastle,Oxnard,Australia,EE. UU.,3,32.79000092,32.79000092,Standard Class,Advance shipping
Sydney,Bronx,Australia,EE. UU.,5,41.0,41.0,Standard Class,Late delivery
Depok,Paramount,Indonesia,EE. UU.,2,41.0,41.0,Standard Class,Advance shipping
Arbil,Baltimore,Irak,EE. UU.,3,41.0,41.0,Standard Class,Advance shipping
Shanghái,Germantown,China,EE. UU.,4,40.0,40.0,Standard Class,Shipping on time
Chittagong,Hialeah,Bangladés,EE. UU.,5,40.0,40.0,Standard Class,Late delivery
Mamak,Detroit,Turquía,EE. UU.,3,31.98999977,31.98999977,Standard Class,Advance shipping
Thiruvananthapuram,Panorama City,India,EE. UU.,6,37.5,37.5,Standard Class,Late delivery
Nanchang,Chicago,China,EE. UU.,2,21.98999977,21.98999977,Standard Class,Advance shipping
Gold Coast,Spring Valley,Australia,EE. UU.,2,532.5800171,532.5800171,Standard Class,Advance shipping
Mildura,Lawrenceville,Australia,EE. UU.,5,47.50999832,47.50999832,Standard Class,Late delivery
Mianyang,San Jose,China,EE. UU.,6,24.48999977,24.48999977,Standard Class,Late delivery
Bucheon,Wichita,Corea del Sur,EE. UU.,5,521.9299927,521.9299927,Standard Class,Late delivery
Kabul,Los Angeles,Afganistán,EE. UU.,2,24.48999977,24.48999977,Standard Class,Advance shipping
Manila,Hacienda Heights,Filipinas,EE. UU.,3,516.5999756,516.5999756,Standard Class,Advance shipping
Rangún,Antioch,Myanmar (Birmania),EE. UU.,2,516.5999756,516.5999756,Standard Class,Advance shipping
Xinzhou,Las Vegas,China,EE. UU.,3,505.9500122,505.9500122,Standard Class,Advance shipping
Xianyang,Columbus,China,EE. UU.,6,505.9500122,505.9500122,Standard Class,Late delivery
Luoyang,Woodbridge,China,EE. UU.,4,505.9500122,505.9500122,Standard Class,Shipping on time
Kanpur,Los Angeles,India,EE. UU.,4,505.9500122,505.9500122,Standard Class,Shipping on time
Chongqing,North Tonawanda,China,EE. UU.,2,503.2900085,503.2900085,Standard Class,Advance shipping
Caloundra,Philadelphia,Australia,EE. UU.,6,23.62000084,23.62000084,Standard Class,Late delivery
Nowra,Los Angeles,Australia,EE. UU.,5,503.2900085,503.2900085,Standard Class,Late delivery
Denpasar,Freeport,Indonesia,EE. UU.,2,503.2900085,503.2900085,Standard Class,Advance shipping
Nanyang,Jackson,China,EE. UU.,5,44.63000107,44.63000107,Standard Class,Late delivery
Bagdad,Ontario,Irak,EE. UU.,4,23.23999977,23.23999977,Standard Class,Shipping on time
Gold Coast,Olathe,Australia,EE. UU.,3,484.6499939,484.6499939,Standard Class,Advance shipping
Daejeon,Dallas,Corea del Sur,EE. UU.,6,479.3200073,479.3200073,Standard Class,Late delivery
Daejeon,Flushing,Corea del Sur,EE. UU.,5,468.6700134,468.6700134,Standard Class,Late delivery
Changzhou,New Braunfels,China,EE. UU.,5,468.6700134,468.6700134,Standard Class,Late delivery
Melbourne,Staten Island,Australia,EE. UU.,3,28.14999962,28.14999962,Standard Class,Advance shipping
Hobart,Sunnyvale,Australia,EE. UU.,3,468.6700134,468.6700134,Standard Class,Advance shipping
Bagdad,Cicero,Irak,EE. UU.,4,14.0699997,14.0699997,Standard Class,Shipping on time
Perth,Eugene,Australia,EE. UU.,5,21.73999977,21.73999977,Standard Class,Late delivery
Mersin,Cary,Turquía,EE. UU.,4,44.18999863,44.18999863,Standard Class,Shipping on time
Seúl,Compton,Corea del Sur,EE. UU.,3,447.3699951,447.3699951,Standard Class,Advance shipping
Sydney,Saint Paul,Australia,EE. UU.,2,447.3699951,447.3699951,Standard Class,Advance shipping
Kanpur,Valrico,India,EE. UU.,3,13.43000031,13.43000031,Standard Class,Advance shipping
Basra,Lynwood,Irak,EE. UU.,3,40.31000137,40.31000137,Standard Class,Advance shipping
Seúl,Kent,Corea del Sur,EE. UU.,2,442.0400085,442.0400085,Standard Class,Advance shipping
Gisborne,Laguna Hills,Nueva Zelanda,EE. UU.,3,20.73999977,20.73999977,Standard Class,Advance shipping
Bangkok,Tempe,Tailandia,EE. UU.,2,442.0400085,442.0400085,Standard Class,Advance shipping
Bagdad,Detroit,Irak,EE. UU.,3,16.59000015,16.59000015,Standard Class,Advance shipping
Colombo,Los Angeles,Sri Lanka,EE. UU.,5,436.7200012,436.7200012,Standard Class,Late delivery
Takatsuki,Buffalo,Japón,EE. UU.,4,19.98999977,19.98999977,Standard Class,Shipping on time
Devonport,Lompoc,Australia,EE. UU.,3,15.98999977,15.98999977,Standard Class,Advance shipping
Canberra,Norfolk,Australia,EE. UU.,3,12.78999996,12.78999996,Standard Class,Advance shipping
Xinyi,Anaheim,China,EE. UU.,6,399.980011,399.980011,Standard Class,Late delivery
Newcastle,Revere,Australia,EE. UU.,6,399.980011,399.980011,Standard Class,Late delivery
Manila,Ontario,Filipinas,EE. UU.,5,299.980011,299.980011,Standard Class,Late delivery
Manila,San Bernardino,Filipinas,EE. UU.,2,399.980011,399.980011,Standard Class,Advance shipping
Bangkok,Chicago,Tailandia,EE. UU.,3,399.980011,399.980011,Standard Class,Advance shipping
Estambul,West Covina,Turquía,EE. UU.,6,299.980011,299.980011,Standard Class,Late delivery
Jaipur,Augusta,India,EE. UU.,4,83.0,83.0,Standard Class,Shipping on time
Bendigo,Westerville,Australia,EE. UU.,2,63.97999954,63.97999954,Standard Class,Advance shipping
Adelaide,Cordova,Australia,EE. UU.,5,37.97999954,37.97999954,Standard Class,Late delivery
Makati,Cleveland,Filipinas,EE. UU.,5,47.47999954,47.47999954,Standard Class,Late delivery
Bhavnagar,North Las Vegas,India,EE. UU.,4,94.62000275,94.62000275,Standard Class,Shipping on time
Surabaya,Newburgh,Indonesia,EE. UU.,6,35.97999954,35.97999954,Standard Class,Late delivery
Rach Gia,Chicago,Vietnam,EE. UU.,2,37.38000107,37.38000107,Standard Class,Advance shipping
Estambul,Riverside,Turquía,EE. UU.,5,36.93999863,36.93999863,Standard Class,Late delivery
Lismore,Englewood,Australia,EE. UU.,4,39.97999954,39.97999954,Standard Class,Shipping on time
Melbourne,Honolulu,Australia,EE. UU.,4,25.57999992,25.57999992,Standard Class,Shipping on time
Bandar Abbas,Aurora,Irán,EE. UU.,2,57.59999847,57.59999847,Standard Class,Shipping canceled
Geelong,New Brunswick,Australia,EE. UU.,5,175.9799957,175.9799957,Standard Class,Shipping canceled
Liaocheng,Columbus,China,EE. UU.,6,100.7799988,100.7799988,Standard Class,Shipping canceled
Surakarta,Taylor,Indonesia,EE. UU.,5,95.0,95.0,Standard Class,Shipping canceled
Bekasi,Cincinnati,Indonesia,EE. UU.,4,67.98000336,67.98000336,Standard Class,Shipping canceled
Hangzhou,Bakersfield,China,EE. UU.,4,40.97999954,40.97999954,Standard Class,Shipping canceled
Columbus,San Diego,Estados Unidos,EE. UU.,3,109.1800003,109.1800003,Standard Class,Shipping canceled
Houston,Los Angeles,Estados Unidos,EE. UU.,4,99.58000183,99.58000183,Standard Class,Shipping canceled
Alexandria,Hanford,Estados Unidos,EE. UU.,3,77.58000183,77.58000183,Standard Class,Shipping canceled
Huntsville,Clementon,Estados Unidos,EE. UU.,6,85.0,85.0,Standard Class,Shipping canceled
Huntsville,Clementon,Estados Unidos,EE. UU.,6,84.0,84.0,Standard Class,Shipping canceled
Newark,Ontario,Estados Unidos,EE. UU.,3,199.9799957,199.9799957,Standard Class,Advance shipping
Los Angeles,Huntington Station,Estados Unidos,EE. UU.,2,197.9799957,197.9799957,Standard Class,Advance shipping
Los Angeles,North Hills,Estados Unidos,EE. UU.,2,195.9799957,195.9799957,Standard Class,Advance shipping
San Francisco,Brooklyn,Estados Unidos,EE. UU.,2,195.9799957,195.9799957,Standard Class,Advance shipping
Memphis,Orlando,Estados Unidos,EE. UU.,2,104.4400024,104.4400024,Standard Class,Advance shipping
Fayetteville,Winnetka,Estados Unidos,EE. UU.,5,189.9799957,189.9799957,Standard Class,Late delivery
Richmond,Philadelphia,Estados Unidos,EE. UU.,4,175.9799957,175.9799957,Standard Class,Shipping on time
Ottawa,Brooklyn,Canada,EE. UU.,2,173.9799957,173.9799957,Standard Class,Advance shipping
Memphis,Orlando,Estados Unidos,EE. UU.,2,118.7799988,118.7799988,Standard Class,Advance shipping
New York City,Panorama City,Estados Unidos,EE. UU.,2,117.5800018,117.5800018,Standard Class,Advance shipping
Chicago,Martinez,Estados Unidos,EE. UU.,5,117.5800018,117.5800018,Standard Class,Late delivery
Seattle,Greenville,Estados Unidos,EE. UU.,3,117.5800018,117.5800018,Standard Class,Advance shipping
Houston,Troy,Estados Unidos,EE. UU.,6,113.9800034,113.9800034,Standard Class,Late delivery
Los Angeles,Rialto,Estados Unidos,EE. UU.,3,113.9800034,113.9800034,Standard Class,Advance shipping
Richmond,Saint Peters,Estados Unidos,EE. UU.,6,105.5800018,105.5800018,Standard Class,Late delivery
Richmond,Saint Peters,Estados Unidos,EE. UU.,6,104.3799973,104.3799973,Standard Class,Late delivery
Springfield,Apex,Estados Unidos,EE. UU.,2,104.3799973,104.3799973,Standard Class,Advance shipping
Los Angeles,Huntington Station,Estados Unidos,EE. UU.,2,98.37999725,98.37999725,Standard Class,Advance shipping
Lakeland,Houston,Estados Unidos,EE. UU.,5,89.98999786,89.98999786,Standard Class,Late delivery
Auburn,Mchenry,Estados Unidos,EE. UU.,3,98.0,98.0,Standard Class,Advance shipping
Springfield,Fontana,Estados Unidos,EE. UU.,3,97.0,97.0,Standard Class,Advance shipping
Philadelphia,Columbus,Estados Unidos,EE. UU.,3,97.0,97.0,Standard Class,Advance shipping
Pharr,Mission,Estados Unidos,EE. UU.,2,48.0,48.0,Standard Class,Advance shipping
Los Angeles,Detroit,Estados Unidos,EE. UU.,5,96.0,96.0,Standard Class,Late delivery
Hempstead,Detroit,Estados Unidos,EE. UU.,3,93.0,93.0,Standard Class,Advance shipping
Los Angeles,Tustin,Estados Unidos,EE. UU.,6,55.79999924,55.79999924,Standard Class,Late delivery
Columbus,Philadelphia,Estados Unidos,EE. UU.,5,90.0,90.0,Standard Class,Late delivery
Louisville,Brooklyn,Estados Unidos,EE. UU.,2,88.0,88.0,Standard Class,Advance shipping
Wichita,Los Angeles,Estados Unidos,EE. UU.,4,88.0,88.0,Standard Class,Shipping on time
Baltimore,Santa Ana,Estados Unidos,EE. UU.,5,67.98000336,67.98000336,Standard Class,Late delivery
Fort Worth,Virginia Beach,Estados Unidos,EE. UU.,5,85.0,85.0,Standard Class,Late delivery
Calgary,Azusa,Canada,EE. UU.,4,82.0,82.0,Standard Class,Shipping on time
Columbia,Philadelphia,Estados Unidos,EE. UU.,5,65.58000183,65.58000183,Standard Class,Late delivery
Atlanta,Morristown,Estados Unidos,EE. UU.,4,59.99000168,59.99000168,Standard Class,Shipping on time
Odessa,Harvey,Estados Unidos,EE. UU.,6,92.13999939,92.13999939,Standard Class,Late delivery
Newark,Cleveland,Estados Unidos,EE. UU.,6,91.18000031,91.18000031,Standard Class,Late delivery
Chicago,Jackson,Estados Unidos,EE. UU.,5,47.22999954,47.22999954,Standard Class,Late delivery
New York City,Salem,Estados Unidos,EE. UU.,2,85.48000336,85.48000336,Standard Class,Advance shipping
Philadelphia,Bloomfield,Estados Unidos,EE. UU.,5,55.79999924,55.79999924,Standard Class,Late delivery
Los Angeles,Murfreesboro,Estados Unidos,EE. UU.,2,185.9799957,185.9799957,Standard Class,Advance shipping
Asheville,York,Estados Unidos,EE. UU.,3,62.97999954,62.97999954,Standard Class,Advance shipping
New York City,Duluth,Estados Unidos,EE. UU.,6,169.9799957,169.9799957,Standard Class,Late delivery
Dallas,Carlisle,Estados Unidos,EE. UU.,3,54.38000107,54.38000107,Standard Class,Advance shipping
Jacksonville,Elgin,Estados Unidos,EE. UU.,4,149.9900055,149.9900055,Standard Class,Shipping on time
Philadelphia,Winnetka,Estados Unidos,EE. UU.,3,109.1800003,109.1800003,Standard Class,Advance shipping
New York City,Riverside,Estados Unidos,EE. UU.,6,109.1800003,109.1800003,Standard Class,Late delivery
Costa Mesa,Philadelphia,Estados Unidos,EE. UU.,5,107.9800034,107.9800034,Standard Class,Late delivery
Saanich,Austin,Canada,EE. UU.,3,105.5800018,105.5800018,Standard Class,Advance shipping
San Francisco,New Brunswick,Estados Unidos,EE. UU.,2,101.9800034,101.9800034,Standard Class,Advance shipping
Los Angeles,Norfolk,Estados Unidos,EE. UU.,3,99.58000183,99.58000183,Standard Class,Advance shipping
Las Vegas,Danbury,Estados Unidos,EE. UU.,2,98.37999725,98.37999725,Standard Class,Advance shipping
Morgan Hill,Newark,Estados Unidos,EE. UU.,2,98.37999725,98.37999725,Standard Class,Advance shipping
New York City,Bronx,Estados Unidos,EE. UU.,4,99.0,99.0,Standard Class,Shipping on time
Portland,Marietta,Estados Unidos,EE. UU.,6,76.77999878,76.77999878,Standard Class,Late delivery
New York City,New Orleans,Estados Unidos,EE. UU.,3,75.98000336,75.98000336,Standard Class,Advance shipping
Buffalo,Bridgeton,Estados Unidos,EE. UU.,5,75.98000336,75.98000336,Standard Class,Late delivery
Amarillo,North Tonawanda,Estados Unidos,EE. UU.,4,93.0,93.0,Standard Class,Shipping on time
Tampa,Plymouth,Estados Unidos,EE. UU.,2,127.4000015,127.4000015,Standard Class,Advance shipping
Frisco,Mililani,Estados Unidos,EE. UU.,5,91.0,91.0,Standard Class,Late delivery
Henderson,Davis,Estados Unidos,EE. UU.,5,88.0,88.0,Standard Class,Late delivery
New York City,Tucson,Estados Unidos,EE. UU.,5,85.0,85.0,Standard Class,Late delivery
Jacksonville,Lancaster,Estados Unidos,EE. UU.,2,67.98000336,67.98000336,Standard Class,Advance shipping
New York City,Stone Mountain,Estados Unidos,EE. UU.,2,83.0,83.0,Standard Class,Advance shipping
Tallahassee,North Las Vegas,Estados Unidos,EE. UU.,6,83.0,83.0,Standard Class,Late delivery
Lewiston,San Bernardino,Estados Unidos,EE. UU.,5,82.0,82.0,Standard Class,Late delivery
Port Saint Lucie,Frankfort,Estados Unidos,EE. UU.,2,82.0,82.0,Standard Class,Advance shipping
Saint Louis,Upland,Estados Unidos,EE. UU.,3,48.97999954,48.97999954,Standard Class,Advance shipping
Houston,Rosemead,Estados Unidos,EE. UU.,5,119.9800034,119.9800034,Standard Class,Shipping canceled
Lawrence,Los Angeles,Estados Unidos,EE. UU.,3,117.5800018,117.5800018,Standard Class,Shipping canceled
Saskatoon,North Richland Hills,Canada,EE. UU.,6,100.7799988,100.7799988,Standard Class,Shipping canceled
Redmond,Methuen,Estados Unidos,EE. UU.,2,89.98999786,89.98999786,Standard Class,Shipping canceled
Philadelphia,Escondido,Estados Unidos,EE. UU.,3,78.37999725,78.37999725,Standard Class,Shipping canceled
Fayetteville,Mount Pleasant,Estados Unidos,EE. UU.,5,72.77999878,72.77999878,Standard Class,Shipping canceled
Philadelphia,Escondido,Estados Unidos,EE. UU.,3,90.0,90.0,Standard Class,Shipping canceled
Los Angeles,Buffalo,Estados Unidos,EE. UU.,6,49.47999954,49.47999954,Standard Class,Shipping canceled
Rome,Ewa Beach,Estados Unidos,EE. UU.,4,30.21999931,30.21999931,Standard Class,Shipping canceled
Philadelphia,Escondido,Estados Unidos,EE. UU.,3,37.18000031,37.18000031,Standard Class,Shipping canceled
Edea,Dallas,Camerún,EE. UU.,4,179.9700012,179.9700012,Standard Class,Shipping canceled
Mogadishu,Salem,Somalia,EE. UU.,3,163.7700043,163.7700043,Standard Class,Shipping canceled
Mogadishu,Salem,Somalia,EE. UU.,3,161.9700012,161.9700012,Standard Class,Shipping canceled
Minna,South El Monte,Nigeria,EE. UU.,4,139.5,139.5,Standard Class,Shipping canceled
Pretoria,San Diego,SudAfrica,EE. UU.,5,251.9700012,251.9700012,Standard Class,Late delivery
Cairo,Sugar Land,Egipto,EE. UU.,2,248.9799957,248.9799957,Standard Class,Advance shipping
Chitungwiza,Roswell,Zimbabue,EE. UU.,6,179.9700012,179.9700012,Standard Class,Late delivery
Lagos,Harvey,Nigeria,EE. UU.,6,179.9700012,179.9700012,Standard Class,Late delivery
Harare,Lockport,Zimbabue,EE. UU.,4,156.5700073,156.5700073,Standard Class,Shipping on time
Khouribga,Provo,Marruecos,EE. UU.,3,72.75,72.75,Standard Class,Advance shipping
Kinshasa,Bay Shore,República Democrática del Congo,EE. UU.,2,141.75,141.75,Standard Class,Advance shipping
Lubumbashi,Philadelphia,República Democrática del Congo,EE. UU.,4,127.5,127.5,Standard Class,Shipping on time
Pretoria,San Diego,SudAfrica,EE. UU.,5,99.58000183,99.58000183,Standard Class,Late delivery
Annaba,Marrero,Argelia,EE. UU.,4,260.9700012,260.9700012,Standard Class,Shipping on time
Djougou,Philadelphia,Benín,EE. UU.,5,245.9799957,245.9799957,Standard Class,Late delivery
Pretoria,West Covina,SudAfrica,EE. UU.,3,158.3699951,158.3699951,Standard Class,Advance shipping
Keren,Oceanside,Eritrea,EE. UU.,6,156.5700073,156.5700073,Standard Class,Late delivery
Kinshasa,Lake Forest,República Democrática del Congo,EE. UU.,6,152.9700012,152.9700012,Standard Class,Late delivery
Kinshasa,Aurora,República Democrática del Congo,EE. UU.,6,152.9700012,152.9700012,Standard Class,Late delivery
Kinshasa,Aurora,República Democrática del Congo,EE. UU.,6,151.1699982,151.1699982,Standard Class,Late delivery
Kinshasa,New York,República Democrática del Congo,EE. UU.,2,147.5800018,147.5800018,Standard Class,Advance shipping
Wad Madani,West Chester,Sudán,EE. UU.,4,144.0,144.0,Standard Class,Shipping on time
Marrakech,Los Angeles,Marruecos,EE. UU.,4,113.3700027,113.3700027,Standard Class,Shipping on time
Ouagadougou,Bronx,Burkina Faso,EE. UU.,3,139.5,139.5,Standard Class,Advance shipping
Harare,New York,Zimbabue,EE. UU.,4,126.0,126.0,Standard Class,Shipping on time
Bandundu,Highland,República Democrática del Congo,EE. UU.,6,99.58000183,99.58000183,Standard Class,Late delivery
Casablanca,Brooklyn,Marruecos,EE. UU.,2,124.5,124.5,Standard Class,Advance shipping
Kinshasa,Lake Forest,República Democrática del Congo,EE. UU.,6,61.34999847,61.34999847,Standard Class,Late delivery
Casablanca,Indianapolis,Marruecos,EE. UU.,4,254.9700012,254.9700012,Standard Class,Shipping canceled
Dakar,Lindenhurst,Senegal,EE. UU.,4,172.7700043,172.7700043,Standard Class,Shipping canceled
Alexandria,Los Angeles,Egipto,EE. UU.,5,170.9700012,170.9700012,Standard Class,Shipping canceled
Ennigerloh,Stamford,Alemania,EE. UU.,2,278.9700012,278.9700012,Standard Class,Shipping canceled
Lyon,San Bernardino,Francia,EE. UU.,3,172.7700043,172.7700043,Standard Class,Shipping canceled
Solingen,Aurora,Alemania,EE. UU.,5,161.9700012,161.9700012,Standard Class,Shipping canceled
London,Greenville,Reino Unido,EE. UU.,2,86.40000153,86.40000153,Standard Class,Shipping canceled
London,Greenville,Reino Unido,EE. UU.,2,136.5,136.5,Standard Class,Shipping canceled
Naples,New York,Italia,EE. UU.,3,136.5,136.5,Standard Class,Shipping canceled
Varna,El Paso,Bulgaria,EE. UU.,6,124.5,124.5,Standard Class,Shipping canceled
Berlín,West Chester,Alemania,EE. UU.,2,299.9700012,299.9700012,Standard Class,Advance shipping
Mainz,Winter Park,Alemania,EE. UU.,2,293.9700012,293.9700012,Standard Class,Advance shipping
Le Plessis-Robinson,New Orleans,Francia,EE. UU.,4,101.8199997,101.8199997,Standard Class,Shipping on time
Issy-les-Moulineaux,Woodside,Francia,EE. UU.,3,283.4700012,283.4700012,Standard Class,Advance shipping
Langen,Santa Clara,Alemania,EE. UU.,4,97.62000275,97.62000275,Standard Class,Shipping on time
Barcelona,Fremont,España,EE. UU.,5,263.9700012,263.9700012,Standard Class,Late delivery
Mulhouse,Elyria,Francia,EE. UU.,3,263.9700012,263.9700012,Standard Class,Advance shipping
Rome,Norcross,Italia,EE. UU.,3,176.3699951,176.3699951,Standard Class,Advance shipping
Hamburgo,Milpitas,Alemania,EE. UU.,3,176.3699951,176.3699951,Standard Class,Advance shipping
Frankfurt,Round Rock,Alemania,EE. UU.,5,174.5700073,174.5700073,Standard Class,Late delivery
Viena,Bakersfield,Austria,EE. UU.,3,170.9700012,170.9700012,Standard Class,Advance shipping
Ramnicu Valcea,San Jose,Rumania,EE. UU.,4,167.3699951,167.3699951,Standard Class,Shipping on time
Mansfield,Fresno,Reino Unido,EE. UU.,6,167.3699951,167.3699951,Standard Class,Late delivery
Almelo,North Bergen,Países Bajos,EE. UU.,6,167.3699951,167.3699951,Standard Class,Late delivery
Caen,Roseburg,Francia,EE. UU.,3,167.3699951,167.3699951,Standard Class,Advance shipping
Montmorency,York,Francia,EE. UU.,4,167.3699951,167.3699951,Standard Class,Shipping on time
Gelsenkirchen,Mechanicsburg,Alemania,EE. UU.,6,167.3699951,167.3699951,Standard Class,Late delivery
Rome,Zanesville,Italia,EE. UU.,2,163.7700043,163.7700043,Standard Class,Advance shipping
Odense,Aurora,Dinamarca,EE. UU.,5,161.9700012,161.9700012,Standard Class,Late delivery
Mulhouse,Elyria,Francia,EE. UU.,3,161.9700012,161.9700012,Standard Class,Advance shipping
Stuttgart,Oceanside,Alemania,EE. UU.,3,158.3699951,158.3699951,Standard Class,Advance shipping
Oldenburg,Brooklyn,Alemania,EE. UU.,2,156.5700073,156.5700073,Standard Class,Advance shipping
Ivry-sur-Seine,Albuquerque,Francia,EE. UU.,6,152.9700012,152.9700012,Standard Class,Late delivery
Vitoria,San Diego,España,EE. UU.,4,151.1699982,151.1699982,Standard Class,Shipping on time
Cologne,Scottsdale,Alemania,EE. UU.,4,151.1699982,151.1699982,Standard Class,Shipping on time
Sevran,Middletown,Francia,EE. UU.,2,143.9799957,143.9799957,Standard Class,Advance shipping
Argenteuil,Greensboro,Francia,EE. UU.,2,134.9799957,134.9799957,Standard Class,Advance shipping
Viena,East Lansing,Austria,EE. UU.,2,119.9700012,119.9700012,Standard Class,Advance shipping
Saint-Denis,Simi Valley,Francia,EE. UU.,2,148.5,148.5,Standard Class,Advance shipping
Milan,Houston,Italia,EE. UU.,6,147.0,147.0,Standard Class,Late delivery
Berlín,West Chester,Alemania,EE. UU.,2,117.5699997,117.5699997,Standard Class,Advance shipping
Poole,Los Angeles,Reino Unido,EE. UU.,3,144.0,144.0,Standard Class,Advance shipping
Brindisi,Martinez,Italia,EE. UU.,5,115.1699982,115.1699982,Standard Class,Late delivery
Moncalieri,Diamond Bar,Italia,EE. UU.,3,115.1699982,115.1699982,Standard Class,Advance shipping
Avignon,Greeley,Francia,EE. UU.,5,113.3700027,113.3700027,Standard Class,Late delivery
Boulogne-sur-Mer,San Francisco,Francia,EE. UU.,2,141.75,141.75,Standard Class,Advance shipping
Moncalieri,Diamond Bar,Italia,EE. UU.,3,132.0,132.0,Standard Class,Advance shipping
Champigny-sur-Marne,Quincy,Francia,EE. UU.,4,105.5699997,105.5699997,Standard Class,Shipping on time
Bremen,Indianapolis,Alemania,EE. UU.,3,132.0,132.0,Standard Class,Advance shipping
Brest,Canton,Bielorrusia,EE. UU.,5,130.5,130.5,Standard Class,Late delivery
Viena,San Bernardino,Austria,EE. UU.,5,130.5,130.5,Standard Class,Late delivery
Hamm,Costa Mesa,Alemania,EE. UU.,2,101.9700012,101.9700012,Standard Class,Advance shipping
Sevran,Middletown,Francia,EE. UU.,2,126.0,126.0,Standard Class,Advance shipping
Járkov,Painesville,Ucrania,EE. UU.,2,124.5,124.5,Standard Class,Advance shipping
Newcastle,Spring Valley,Australia,EE. UU.,2,245.8099976,245.8099976,Standard Class,Advance shipping
Manila,Fresno,Filipinas,EE. UU.,6,327.75,327.75,Standard Class,Late delivery
Manila,Caguas,Filipinas,Puerto Rico,5,324.4700012,324.4700012,Standard Class,Late delivery
Suihua,Phoenix,China,EE. UU.,4,321.2000122,321.2000122,Standard Class,Shipping on time
Tamworth,Caguas,Australia,Puerto Rico,3,317.9200134,317.9200134,Standard Class,Advance shipping
Manila,Atlanta,Filipinas,EE. UU.,2,314.6400146,314.6400146,Standard Class,Advance shipping
Perth,Caguas,Australia,Puerto Rico,6,311.3599854,311.3599854,Second Class,Late delivery
Perth,Strongsville,Australia,EE. UU.,5,309.7200012,309.7200012,Second Class,Late delivery
Pekín,Brooklyn,China,EE. UU.,4,304.8099976,304.8099976,Second Class,Late delivery
Pekín,Caguas,China,Puerto Rico,3,298.25,298.25,Second Class,Shipping canceled
Pekín,Portland,China,EE. UU.,2,294.980011,294.980011,Standard Class,Advance shipping
Rawalpindi,Catonsville,Pakistán,EE. UU.,6,288.4200134,288.4200134,Standard Class,Late delivery
Wollongong,Caguas,Australia,Puerto Rico,5,285.1400146,285.1400146,Standard Class,Late delivery
Wollongong,Eugene,Australia,EE. UU.,4,278.5899963,278.5899963,Standard Class,Shipping on time
Wollongong,Hayward,Australia,EE. UU.,3,275.3099976,275.3099976,Second Class,Late delivery
Wuchuan,Los Angeles,China,EE. UU.,2,272.0299988,272.0299988,First Class,Late delivery
Rohtak,Caguas,India,Puerto Rico,2,268.7600098,268.7600098,First Class,Late delivery
San Jose del Monte,Lynnwood,Filipinas,EE. UU.,2,262.2000122,262.2000122,First Class,Late delivery
San Jose del Monte,Dallas,Filipinas,EE. UU.,4,245.8099976,245.8099976,Second Class,Late delivery
Mumbai,Caguas,India,Puerto Rico,3,327.75,327.75,Second Class,Late delivery
Santa Rosa,Caguas,Brasil,Puerto Rico,6,43.56000137,43.56000137,Standard Class,Late delivery
Mejicanos,Bellflower,El Salvador,EE. UU.,2,83.59999847,83.59999847,First Class,Late delivery
Tegucigalpa,Indianapolis,Honduras,EE. UU.,0,21.12000084,21.12000084,Same Day,Shipping on time
San Miguelito,Caguas,Panamá,Puerto Rico,1,61.38000107,61.38000107,Same Day,Late delivery
Buenos Aires,Amarillo,Argentina,EE. UU.,5,43.11999893,43.11999893,Second Class,Late delivery
Santo Domingo,Massillon,República Dominicana,EE. UU.,5,110.0,110.0,Standard Class,Late delivery
Masaya,Caguas,Nicaragua,Puerto Rico,2,20.89999962,20.89999962,First Class,Late delivery
Tlalpan,Caguas,México,Puerto Rico,2,20.79000092,20.79000092,Standard Class,Advance shipping
Managua,Caguas,Nicaragua,Puerto Rico,3,60.06000137,60.06000137,Standard Class,Advance shipping
Soyapango,Caguas,El Salvador,Puerto Rico,5,108.9000015,108.9000015,Standard Class,Late delivery
Santiago de Cuba,Hollywood,Cuba,EE. UU.,6,59.40000153,59.40000153,Standard Class,Shipping canceled
Medellín,Longmont,Colombia,EE. UU.,4,58.08000183,58.08000183,Standard Class,Shipping on time
Nicoya,Caguas,Costa Rica,Puerto Rico,2,107.8000031,107.8000031,First Class,Late delivery
Managua,Caguas,Nicaragua,Puerto Rico,3,57.41999817,57.41999817,Standard Class,Advance shipping
Santo Domingo,Caguas,República Dominicana,Puerto Rico,6,106.6999969,106.6999969,Standard Class,Late delivery
Lima,Caguas,Perú,Puerto Rico,2,56.09999847,56.09999847,Standard Class,Advance shipping
Mejicanos,Union City,El Salvador,EE. UU.,2,42.68000031,42.68000031,Standard Class,Advance shipping
Buenos Aires,Caguas,Argentina,Puerto Rico,4,42.24000168,42.24000168,Second Class,Late delivery
Tegucigalpa,Moreno Valley,Honduras,EE. UU.,6,20.45999908,20.45999908,Standard Class,Shipping canceled
Ribeirão Preto,Caguas,Brasil,Puerto Rico,2,41.79999924,41.79999924,First Class,Late delivery
Estelí,Alhambra,Nicaragua,EE. UU.,2,41.58000183,41.58000183,First Class,Late delivery
Itapevi,Brooklyn,Brasil,EE. UU.,2,55.43999863,55.43999863,Standard Class,Advance shipping
Oruro,Caguas,Bolivia,Puerto Rico,5,20.02000046,20.02000046,Standard Class,Late delivery
Progreso,Detroit,México,EE. UU.,2,40.91999817,40.91999817,First Class,Late delivery
Managua,Caguas,Nicaragua,Puerto Rico,4,105.5999985,105.5999985,Standard Class,Shipping on time
Curitiba,Caguas,Brasil,Puerto Rico,3,83.16000366,83.16000366,Second Class,Late delivery
Toluca,Caguas,México,Puerto Rico,6,40.04000092,40.04000092,Standard Class,Late delivery
Fortaleza,Caguas,Brasil,Puerto Rico,2,104.5,104.5,First Class,Late delivery
Avellaneda,Chicago,Argentina,EE. UU.,6,103.9499969,103.9499969,Standard Class,Late delivery
Villa Nueva,Brooklyn,Guatemala,EE. UU.,4,19.79999924,19.79999924,Standard Class,Shipping on time
Azcapotzalco,Caguas,México,Puerto Rico,5,54.77999878,54.77999878,Second Class,Shipping canceled
Abidjan,Union City,Costa de Marfil,EE. UU.,6,81.83999634,81.83999634,Standard Class,Late delivery
Mamak,Caguas,Turquía,Puerto Rico,3,19.36000061,19.36000061,Standard Class,Advance shipping
Lome,Chicago,Togo,EE. UU.,4,19.13999939,19.13999939,Second Class,Late delivery
Porto-Novo,Crystal Lake,Benín,EE. UU.,3,102.3000031,102.3000031,Standard Class,Advance shipping
Nigde,Glendale,Turquía,EE. UU.,2,54.11999893,54.11999893,Standard Class,Shipping canceled
Bagdad,Houston,Irak,EE. UU.,2,39.59999847,39.59999847,First Class,Late delivery
Ardahan,Caguas,Turquía,Puerto Rico,2,38.72000122,38.72000122,Standard Class,Advance shipping
Ad Diwaniyah,Fullerton,Irak,EE. UU.,0,80.08000183,80.08000183,Same Day,Shipping on time
Ugep,Fort Lauderdale,Nigeria,EE. UU.,2,79.19999695,79.19999695,First Class,Late delivery
Cairo,Rego Park,Egipto,EE. UU.,3,100.0999985,100.0999985,Standard Class,Advance shipping
Maltepe,Caguas,Turquía,Puerto Rico,6,99.0,99.0,Standard Class,Late delivery
Estambul,Carlisle,Turquía,EE. UU.,2,38.27999878,38.27999878,Standard Class,Advance shipping
Luanda,Albuquerque,Angola,EE. UU.,4,37.40000153,37.40000153,Second Class,Late delivery
Kampala,Philadelphia,Uganda,EE. UU.,5,77.44000244,77.44000244,Standard Class,Late delivery
Magnitogorsk,San Benito,Rusia,EE. UU.,2,18.70000076,18.70000076,Standard Class,Advance shipping
Basra,Laredo,Irak,EE. UU.,4,36.95999908,36.95999908,Standard Class,Shipping on time
Corum,Saint Paul,Turquía,EE. UU.,2,18.47999954,18.47999954,Standard Class,Advance shipping
Dar es Salaam,Columbus,Tanzania,EE. UU.,5,96.80000305,96.80000305,Second Class,Late delivery
Kinshasa,Memphis,República Democrática del Congo,EE. UU.,3,52.79999924,52.79999924,Standard Class,Advance shipping
Kinshasa,Provo,República Democrática del Congo,EE. UU.,6,95.69999695,95.69999695,Standard Class,Late delivery
Kananga,Caguas,República Democrática del Congo,Puerto Rico,5,18.26000023,18.26000023,Standard Class,Late delivery
Poznan,Mililani,Polonia,EE. UU.,4,93.5,93.5,Second Class,Late delivery
Mbandaka,Lombard,República Democrática del Congo,EE. UU.,3,76.55999756,76.55999756,Second Class,Late delivery
Lugansk,Caguas,Ucrania,Puerto Rico,4,36.52000046,36.52000046,Standard Class,Shipping on time
Lagos,Chicago,Nigeria,EE. UU.,4,49.5,49.5,Standard Class,Shipping on time
Akhisar,Waipahu,Turquía,EE. UU.,2,18.04000092,18.04000092,Standard Class,Advance shipping
Kashira,Brooklyn,Rusia,EE. UU.,6,92.40000153,92.40000153,Standard Class,Late delivery
Tamale,Oxnard,Ghana,EE. UU.,3,17.60000038,17.60000038,Standard Class,Advance shipping
Sanliurfa,Garden Grove,Turquía,EE. UU.,6,16.5,16.5,Second Class,Late delivery
Kahramanmara?,San Diego,Turquía,EE. UU.,6,22.0,22.0,Standard Class,Late delivery
Kaluga,Caguas,Rusia,Puerto Rico,4,74.80000305,74.80000305,Standard Class,Shipping on time
Ankara,College Station,Turquía,EE. UU.,6,36.08000183,36.08000183,Second Class,Late delivery
Haifa,Ann Arbor,Israel,EE. UU.,3,35.20000076,35.20000076,Second Class,Late delivery
Abidjan,San Jose,Costa de Marfil,EE. UU.,5,33.0,33.0,Standard Class,Late delivery
Rijeka,Caguas,Croacia,Puerto Rico,2,21.78000069,21.78000069,First Class,Late delivery
Toronto,Caguas,Canada,Puerto Rico,2,44.0,44.0,First Class,Late delivery
Rabat,Caguas,Marruecos,Puerto Rico,3,43.56000137,43.56000137,Standard Class,Advance shipping
Dakar,Bronx,Senegal,EE. UU.,5,66.0,66.0,Standard Class,Late delivery
Gdynia,Caguas,Polonia,Puerto Rico,0,65.33999634,65.33999634,Same Day,Shipping on time
Kryvyy Rih,Longmont,Ucrania,EE. UU.,6,21.55999947,21.55999947,Second Class,Late delivery
Kaduna,Santa Ana,Nigeria,EE. UU.,5,73.91999817,73.91999817,Standard Class,Late delivery
Uskudar,Smyrna,Turquía,EE. UU.,5,91.30000305,91.30000305,Standard Class,Shipping canceled
Shiraz,San Jose,Irán,EE. UU.,6,64.68000031,64.68000031,Second Class,Late delivery
Blagoveshchensk,Caguas,Rusia,Puerto Rico,6,73.04000092,73.04000092,Standard Class,Late delivery
Bagdad,Portland,Irak,EE. UU.,2,21.34000015,21.34000015,First Class,Late delivery
Kinshasa,Caguas,República Democrática del Congo,Puerto Rico,3,64.01999664,64.01999664,Standard Class,Advance shipping
Thies Nones,Chicago,Senegal,EE. UU.,6,43.11999893,43.11999893,Standard Class,Late delivery
Orán,Cleveland,Argelia,EE. UU.,0,42.68000031,42.68000031,Same Day,Shipping on time
Bagdad,Fresno,Irak,EE. UU.,2,63.36000061,63.36000061,Standard Class,Advance shipping
Kenitra,Caguas,Marruecos,Puerto Rico,5,72.16000366,72.16000366,Second Class,Late delivery
San Francisco,Woodbridge,Estados Unidos,EE. UU.,2,21.12000084,21.12000084,Standard Class,Advance shipping
San Jose,Princeton,Estados Unidos,EE. UU.,5,42.24000168,42.24000168,Standard Class,Late delivery
Chicago,Caguas,Estados Unidos,Puerto Rico,5,20.89999962,20.89999962,Standard Class,Late delivery
Chicago,Caguas,Estados Unidos,Puerto Rico,4,20.79000092,20.79000092,Standard Class,Shipping on time
Sacramento,Caguas,Estados Unidos,Puerto Rico,4,62.70000076,62.70000076,Standard Class,Shipping on time
Philadelphia,New York,Estados Unidos,EE. UU.,6,62.36999893,62.36999893,Standard Class,Late delivery
Grand Rapids,Caguas,Estados Unidos,Puerto Rico,2,70.40000153,70.40000153,Standard Class,Advance shipping
Clarksville,Indianapolis,Estados Unidos,EE. UU.,3,20.45999908,20.45999908,Standard Class,Advance shipping
Noblesville,Caguas,Estados Unidos,Puerto Rico,2,66.0,66.0,First Class,Late delivery
Lakewood,Riverside,Estados Unidos,EE. UU.,1,61.38000107,61.38000107,Same Day,Late delivery
Houston,Salinas,Estados Unidos,EE. UU.,2,60.06000137,60.06000137,Standard Class,Advance shipping
New York City,Caguas,Estados Unidos,Puerto Rico,2,41.79999924,41.79999924,First Class,Late delivery
San Francisco,Wyoming,Estados Unidos,EE. UU.,6,59.40000153,59.40000153,Second Class,Shipping canceled
Seattle,Caguas,Estados Unidos,Puerto Rico,2,58.08000183,58.08000183,First Class,Late delivery
Wheeling,Denver,Estados Unidos,EE. UU.,2,90.19999695,90.19999695,Standard Class,Advance shipping
Philadelphia,Caguas,Estados Unidos,Puerto Rico,0,20.02000046,20.02000046,Same Day,Shipping canceled
Henderson,Caguas,Estados Unidos,Puerto Rico,2,41.58000183,41.58000183,Standard Class,Advance shipping
San Francisco,Rowland Heights,Estados Unidos,EE. UU.,2,88.0,88.0,Second Class,Shipping on time
Chester,La Mesa,Estados Unidos,EE. UU.,4,19.79999924,19.79999924,Standard Class,Shipping on time
Chicago,Vista,Estados Unidos,EE. UU.,4,19.36000061,19.36000061,Standard Class,Shipping on time
San Francisco,Caguas,Estados Unidos,Puerto Rico,2,40.91999817,40.91999817,Standard Class,Advance shipping
Seattle,Caguas,Estados Unidos,Puerto Rico,4,40.04000092,40.04000092,Standard Class,Shipping on time
Spokane,Caguas,Estados Unidos,Puerto Rico,2,19.13999939,19.13999939,First Class,Late delivery
Cambridge,Portland,Estados Unidos,EE. UU.,6,57.41999817,57.41999817,Standard Class,Late delivery
Baltimore,Carrollton,Estados Unidos,EE. UU.,2,18.70000076,18.70000076,Standard Class,Advance shipping
Little Rock,Dallas,Estados Unidos,EE. UU.,5,82.5,82.5,Standard Class,Late delivery
Jackson,Edinburg,Estados Unidos,EE. UU.,4,110.0,110.0,Standard Class,Shipping on time
Medina,Caguas,Estados Unidos,Puerto Rico,6,108.9000015,108.9000015,Second Class,Late delivery
Philadelphia,Caguas,Estados Unidos,Puerto Rico,3,18.47999954,18.47999954,Standard Class,Advance shipping
Memphis,Aurora,Estados Unidos,EE. UU.,5,88.0,88.0,Second Class,Late delivery
Wilmington,Memphis,Estados Unidos,EE. UU.,4,107.8000031,107.8000031,Second Class,Late delivery
Los Angeles,Caguas,Estados Unidos,Puerto Rico,2,87.12000275,87.12000275,Standard Class,Advance shipping
Los Angeles,Howell,Estados Unidos,EE. UU.,1,86.23999786,86.23999786,Same Day,Shipping canceled
Detroit,Caguas,Estados Unidos,Puerto Rico,2,85.36000061,85.36000061,Standard Class,Advance shipping
Broken Arrow,Caguas,Estados Unidos,Puerto Rico,6,106.6999969,106.6999969,Standard Class,Late delivery
Chicago,Buffalo,Estados Unidos,EE. UU.,2,56.09999847,56.09999847,First Class,Late delivery
San Antonio,Caguas,Estados Unidos,Puerto Rico,4,84.48000336,84.48000336,Standard Class,Shipping on time
San Francisco,Dallas,Estados Unidos,EE. UU.,2,105.5999985,105.5999985,Second Class,Shipping on time
Chesapeake,Caguas,Estados Unidos,Puerto Rico,3,39.59999847,39.59999847,Standard Class,Advance shipping
Englewood,San Diego,Estados Unidos,EE. UU.,5,38.72000122,38.72000122,Second Class,Late delivery
New York City,Corona,Estados Unidos,EE. UU.,5,104.5,104.5,Standard Class,Late delivery
Phoenix,Zanesville,Estados Unidos,EE. UU.,2,38.27999878,38.27999878,First Class,Late delivery
Chicago,Michigan City,Estados Unidos,EE. UU.,2,18.26000023,18.26000023,Standard Class,Advance shipping
Southaven,Caguas,Estados Unidos,Puerto Rico,6,55.43999863,55.43999863,Standard Class,Late delivery
Redlands,Caguas,Estados Unidos,Puerto Rico,2,83.59999847,83.59999847,Standard Class,Advance shipping
Quincy,Encinitas,Estados Unidos,EE. UU.,4,37.40000153,37.40000153,Standard Class,Shipping on time
Saint Paul,Caguas,Estados Unidos,Puerto Rico,6,36.95999908,36.95999908,Standard Class,Late delivery
Minneapolis,Long Beach,Estados Unidos,EE. UU.,3,18.04000092,18.04000092,Standard Class,Advance shipping
Harrisonburg,Sheboygan,Estados Unidos,EE. UU.,2,36.52000046,36.52000046,First Class,Late delivery
Jackson,Moline,Estados Unidos,EE. UU.,3,83.16000366,83.16000366,Standard Class,Advance shipping
Seattle,Elgin,Estados Unidos,EE. UU.,6,36.08000183,36.08000183,Standard Class,Late delivery
New Albany,Caguas,Estados Unidos,Puerto Rico,2,17.60000038,17.60000038,Standard Class,Advance shipping
Manukau City,Lancaster,Nueva Zelanda,EE. UU.,2,16.5,16.5,Second Class,Shipping canceled
Auckland,Virginia Beach,Nueva Zelanda,EE. UU.,6,35.20000076,35.20000076,Standard Class,Late delivery
Caloundra,Caguas,Australia,Puerto Rico,6,33.0,33.0,Standard Class,Late delivery
Nelson,Tempe,Nueva Zelanda,EE. UU.,3,103.9499969,103.9499969,Standard Class,Advance shipping
Griffith,Caguas,Australia,Puerto Rico,5,54.77999878,54.77999878,Standard Class,Late delivery
Qingdao,Antioch,China,EE. UU.,2,22.0,22.0,First Class,Late delivery
Ho Chi Minh City,Houston,Vietnam,EE. UU.,2,21.78000069,21.78000069,First Class,Late delivery
Shanghái,Caguas,China,Puerto Rico,4,44.0,44.0,Standard Class,Shipping on time
Perth,Chicago,Australia,EE. UU.,4,21.55999947,21.55999947,Standard Class,Shipping on time
Manila,Norcross,Filipinas,EE. UU.,2,43.56000137,43.56000137,First Class,Late delivery
Wollongong,Caguas,Australia,Puerto Rico,2,43.11999893,43.11999893,Standard Class,Advance shipping
Bangkok,Atlanta,Tailandia,EE. UU.,4,42.68000031,42.68000031,Standard Class,Shipping on time
Fushun,Murfreesboro,China,EE. UU.,2,54.11999893,54.11999893,Standard Class,Advance shipping
Caloundra,Mchenry,Australia,EE. UU.,5,42.24000168,42.24000168,Standard Class,Late delivery
Geelong,Detroit,Australia,EE. UU.,3,81.83999634,81.83999634,Standard Class,Advance shipping
Gorakhpur,Caguas,India,Puerto Rico,2,52.79999924,52.79999924,First Class,Late delivery
Rangún,Caguas,Myanmar (Birmania),Puerto Rico,3,21.34000015,21.34000015,Second Class,Late delivery
Bangkok,Chicago,Tailandia,EE. UU.,5,102.3000031,102.3000031,Second Class,Late delivery
Perth,Las Vegas,Australia,EE. UU.,4,21.12000084,21.12000084,Standard Class,Shipping on time
Sydney,Elmhurst,Australia,EE. UU.,6,41.79999924,41.79999924,Second Class,Late delivery
Yakarta,Caguas,Indonesia,Puerto Rico,6,41.58000183,41.58000183,Standard Class,Late delivery
Durgapur,Chicago,India,EE. UU.,5,49.5,49.5,Second Class,Late delivery
Cirebon,Brooklyn,Indonesia,EE. UU.,1,40.91999817,40.91999817,Same Day,Late delivery
Delhi,Bolingbrook,India,EE. UU.,5,100.0999985,100.0999985,Second Class,Late delivery
Moradabad,Brooklyn,India,EE. UU.,6,80.08000183,80.08000183,Second Class,Late delivery
Singapur,Eagle Pass,Singapur,EE. UU.,5,79.19999695,79.19999695,Standard Class,Late delivery
Hobart,Caguas,Australia,Puerto Rico,3,66.0,66.0,Standard Class,Advance shipping
Nagpur,Panorama City,India,EE. UU.,2,40.04000092,40.04000092,First Class,Late delivery
Perth,Los Angeles,Australia,EE. UU.,5,77.44000244,77.44000244,Standard Class,Late delivery
Dubbo,Bronx,Australia,EE. UU.,2,99.0,99.0,Standard Class,Advance shipping
Nagercoil,Caguas,India,Puerto Rico,6,96.80000305,96.80000305,Standard Class,Late delivery
Melbourne,Brooklyn,Australia,EE. UU.,6,20.89999962,20.89999962,Second Class,Late delivery
Singapur,Caguas,Singapur,Puerto Rico,0,65.33999634,65.33999634,Same Day,Shipping on time
Kuantan,Caguas,Malasia,Puerto Rico,4,20.79000092,20.79000092,Second Class,Late delivery
Darwin,Chicago,Australia,EE. UU.,4,20.45999908,20.45999908,Second Class,Late delivery
Sydney,Caguas,Australia,Puerto Rico,5,76.55999756,76.55999756,Standard Class,Late delivery
Hangzhou,San Diego,China,EE. UU.,3,39.59999847,39.59999847,Standard Class,Advance shipping
Depok,Yuma,Indonesia,EE. UU.,2,38.72000122,38.72000122,First Class,Late delivery
Solapur,Roswell,India,EE. UU.,0,64.68000031,64.68000031,Same Day,Shipping on time
Nakhon Ratchasima,Caguas,Tailandia,Puerto Rico,2,38.27999878,38.27999878,First Class,Late delivery
Tianjin,Caguas,China,Puerto Rico,2,95.69999695,95.69999695,First Class,Late delivery
Caloocan,Caguas,Filipinas,Puerto Rico,5,37.40000153,37.40000153,Standard Class,Late delivery
Bangalore,Lutz,India,EE. UU.,5,93.5,93.5,Standard Class,Late delivery
Bhavnagar,North Las Vegas,India,EE. UU.,4,92.40000153,92.40000153,Standard Class,Shipping on time
Manila,New Orleans,Filipinas,EE. UU.,2,74.80000305,74.80000305,Second Class,Shipping on time
Chengdu,Hagerstown,China,EE. UU.,4,91.30000305,91.30000305,Standard Class,Shipping on time
Perth,Caguas,Australia,Puerto Rico,2,90.19999695,90.19999695,Standard Class,Advance shipping
Yakarta,New York,Indonesia,EE. UU.,5,64.01999664,64.01999664,Standard Class,Late delivery
Lahore,Caguas,Pakistán,Puerto Rico,5,88.0,88.0,Standard Class,Late delivery
Chongqing,Caguas,China,Puerto Rico,0,63.36000061,63.36000061,Same Day,Shipping on time
Yunyang,Los Angeles,China,EE. UU.,2,73.91999817,73.91999817,First Class,Late delivery
Depok,Detroit,Indonesia,EE. UU.,6,36.95999908,36.95999908,Standard Class,Late delivery
Manila,Eugene,Filipinas,EE. UU.,6,20.02000046,20.02000046,Standard Class,Late delivery
Manila,Las Vegas,Filipinas,EE. UU.,3,62.70000076,62.70000076,Second Class,Late delivery
Ho Chi Minh City,El Paso,Vietnam,EE. UU.,5,62.36999893,62.36999893,Standard Class,Late delivery
Kulti,Dallas,India,EE. UU.,2,73.04000092,73.04000092,First Class,Late delivery
Wollongong,Caguas,Australia,Puerto Rico,4,72.16000366,72.16000366,Standard Class,Shipping on time
Imphal,Caguas,India,Puerto Rico,2,61.38000107,61.38000107,Standard Class,Advance shipping
Brisbane,Fremont,Australia,EE. UU.,5,19.79999924,19.79999924,Standard Class,Late delivery
Viena,Plano,Austria,EE. UU.,2,70.40000153,70.40000153,First Class,Late delivery
Rouen,Caguas,Francia,Puerto Rico,2,82.5,82.5,Standard Class,Advance shipping
Pisa,Caguas,Italia,Puerto Rico,5,60.06000137,60.06000137,Standard Class,Late delivery
Viena,Caguas,Austria,Puerto Rico,3,36.52000046,36.52000046,Standard Class,Advance shipping
Seville,New York,España,EE. UU.,5,19.36000061,19.36000061,Standard Class,Late delivery
Hamm,Los Angeles,Alemania,EE. UU.,2,110.0,110.0,Standard Class,Advance shipping
Amadora,Stockton,Portugal,EE. UU.,6,36.08000183,36.08000183,Standard Class,Late delivery
Gateshead,Los Angeles,Reino Unido,EE. UU.,6,66.0,66.0,Second Class,Late delivery
Tilburg,Cleveland,Países Bajos,EE. UU.,2,35.20000076,35.20000076,Standard Class,Advance shipping
Creil,Campbell,Francia,EE. UU.,2,33.0,33.0,Standard Class,Advance shipping
La Rochelle,Caguas,Francia,Puerto Rico,5,19.13999939,19.13999939,Standard Class,Late delivery
London,Caguas,Reino Unido,Puerto Rico,6,18.70000076,18.70000076,Standard Class,Late delivery
Valencia,Toms River,España,EE. UU.,6,59.40000153,59.40000153,Standard Class,Late delivery
Neuilly-sur-Seine,Richmond,Francia,EE. UU.,4,58.08000183,58.08000183,Standard Class,Shipping on time
Naumburg,Caguas,Alemania,Puerto Rico,5,18.47999954,18.47999954,Standard Class,Late delivery
Barcelona,Saint Louis,España,EE. UU.,4,57.41999817,57.41999817,Standard Class,Shipping on time
Valdemoro,Caguas,España,Puerto Rico,2,44.0,44.0,Standard Class,Advance shipping
Lincoln,San Antonio,Reino Unido,EE. UU.,4,108.9000015,108.9000015,Standard Class,Shipping on time
Olivet,Woodbridge,Francia,EE. UU.,2,107.8000031,107.8000031,Standard Class,Advance shipping
Viena,Caguas,Austria,Puerto Rico,3,106.6999969,106.6999969,Standard Class,Advance shipping
Berlín,Caguas,Alemania,Puerto Rico,3,88.0,88.0,Standard Class,Advance shipping
Villeneuve-le-Roi,Philadelphia,Francia,EE. UU.,3,105.5999985,105.5999985,Standard Class,Advance shipping
Cologne,Caguas,Alemania,Puerto Rico,3,56.09999847,56.09999847,Standard Class,Shipping canceled
Grosseto,Caguas,Italia,Puerto Rico,4,55.43999863,55.43999863,Standard Class,Shipping on time
Toulouse,Fort Washington,Francia,EE. UU.,2,87.12000275,87.12000275,Second Class,Shipping on time
Epinal,Honolulu,Francia,EE. UU.,3,18.26000023,18.26000023,Standard Class,Advance shipping
Avellino,Philadelphia,Italia,EE. UU.,3,86.23999786,86.23999786,Standard Class,Advance shipping
Hamburgo,Las Vegas,Alemania,EE. UU.,3,85.36000061,85.36000061,Standard Class,Advance shipping
Viena,Caguas,Austria,Puerto Rico,2,18.04000092,18.04000092,Standard Class,Advance shipping
Turin,Caguas,Italia,Puerto Rico,3,54.77999878,54.77999878,Standard Class,Advance shipping
Duisburg,Caguas,Alemania,Puerto Rico,5,104.5,104.5,Second Class,Late delivery
Clamart,Canovanas,Francia,Puerto Rico,2,17.60000038,17.60000038,First Class,Late delivery
Hamburgo,Caguas,Alemania,Puerto Rico,3,103.9499969,103.9499969,Second Class,Late delivery
Leeds,Mount Prospect,Reino Unido,EE. UU.,6,54.11999893,54.11999893,Standard Class,Late delivery
Schiedam,Scottsdale,Países Bajos,EE. UU.,3,102.3000031,102.3000031,Standard Class,Advance shipping
Birmingham,Findlay,Reino Unido,EE. UU.,2,16.5,16.5,Standard Class,Advance shipping
Birmingham,Findlay,Reino Unido,EE. UU.,2,43.56000137,43.56000137,Standard Class,Advance shipping
Issy-les-Moulineaux,Charlotte,Francia,EE. UU.,2,52.79999924,52.79999924,First Class,Late delivery
Ravenna,Oakland,Italia,EE. UU.,3,22.0,22.0,Standard Class,Advance shipping
Madrid,Brooklyn,España,EE. UU.,3,49.5,49.5,Standard Class,Advance shipping
Stuttgart,Caguas,Alemania,Puerto Rico,2,100.0999985,100.0999985,First Class,Late delivery
Cologne,Caguas,Alemania,Puerto Rico,2,21.78000069,21.78000069,Standard Class,Advance shipping
Marseille,Caguas,Francia,Puerto Rico,2,43.11999893,43.11999893,First Class,Late delivery
Swansea,Jersey City,Reino Unido,EE. UU.,2,66.0,66.0,First Class,Late delivery
Palaiseau,Caguas,Francia,Puerto Rico,4,65.33999634,65.33999634,Second Class,Late delivery
Madrid,Elk Grove,España,EE. UU.,4,84.48000336,84.48000336,Standard Class,Shipping on time
Flers,Zanesville,Francia,EE. UU.,3,42.68000031,42.68000031,Standard Class,Advance shipping
Siegen,Roseburg,Alemania,EE. UU.,1,64.68000031,64.68000031,Same Day,Late delivery
Ginebra,Irving,Suiza,EE. UU.,6,42.24000168,42.24000168,Standard Class,Late delivery
Emden,Norcross,Alemania,EE. UU.,5,83.59999847,83.59999847,Second Class,Late delivery
Lyon,Richmond,Francia,EE. UU.,5,64.01999664,64.01999664,Second Class,Late delivery
Bordeaux,Far Rockaway,Francia,EE. UU.,3,41.79999924,41.79999924,Standard Class,Advance shipping
Milan,San Marcos,Italia,EE. UU.,2,21.55999947,21.55999947,Standard Class,Advance shipping
Edinburgh,Caguas,Reino Unido,Puerto Rico,4,99.0,99.0,Second Class,Late delivery
Rimini,Walnut,Italia,EE. UU.,5,83.16000366,83.16000366,Standard Class,Late delivery
The Hague,Caguas,Países Bajos,Puerto Rico,4,63.36000061,63.36000061,Standard Class,Shipping on time
Surubim,Caguas,Brasil,Puerto Rico,0,41.58000183,41.58000183,Same Day,Shipping on time
Pontes e Lacerda,Caguas,Brasil,Puerto Rico,2,40.91999817,40.91999817,First Class,Late delivery
Tlalpan,Yonkers,México,EE. UU.,4,40.04000092,40.04000092,Second Class,Late delivery
Coyoacán,New York,México,EE. UU.,2,21.34000015,21.34000015,Standard Class,Advance shipping
Arauca,Newark,Colombia,EE. UU.,2,81.83999634,81.83999634,Standard Class,Advance shipping
Choloma,Caguas,Honduras,Puerto Rico,3,96.80000305,96.80000305,Standard Class,Advance shipping
Serra,Caguas,Brasil,Puerto Rico,6,39.59999847,39.59999847,Standard Class,Late delivery
Soledad Díez Gutiérrez,Caguas,México,Puerto Rico,6,21.12000084,21.12000084,Standard Class,Late delivery
San Rafael,Philadelphia,Argentina,EE. UU.,4,62.70000076,62.70000076,Second Class,Late delivery
Juárez,Salt Lake City,México,EE. UU.,4,20.89999962,20.89999962,Standard Class,Shipping on time
Milpa Alta,New Bedford,México,EE. UU.,4,38.72000122,38.72000122,Standard Class,Shipping on time
Feira de Santana,Caguas,Brasil,Puerto Rico,0,38.27999878,38.27999878,Same Day,Shipping on time
Francisco Beltrão,Caguas,Brasil,Puerto Rico,2,95.69999695,95.69999695,Standard Class,Advance shipping
Carrefour,Albuquerque,Haití,EE. UU.,4,80.08000183,80.08000183,Standard Class,Shipping on time
Panama City,Caguas,Panamá,Puerto Rico,4,79.19999695,79.19999695,Second Class,Late delivery
Araguaína,Chicago,Brasil,EE. UU.,2,20.79000092,20.79000092,First Class,Late delivery
Brasília,Flushing,Brasil,EE. UU.,6,37.40000153,37.40000153,Standard Class,Late delivery
San José de las Lajas,Harlingen,Cuba,EE. UU.,3,20.45999908,20.45999908,Standard Class,Advance shipping
San Pablo de las Salinas,Caguas,México,Puerto Rico,3,62.36999893,62.36999893,Standard Class,Advance shipping
Progreso,Caguas,México,Puerto Rico,2,36.95999908,36.95999908,First Class,Late delivery
Villahermosa,Saint Paul,México,EE. UU.,4,61.38000107,61.38000107,Standard Class,Shipping on time
Juárez,Caguas,México,Puerto Rico,3,93.5,93.5,Standard Class,Advance shipping
San Salvador,Aurora,El Salvador,EE. UU.,5,77.44000244,77.44000244,Second Class,Shipping canceled
Santo Domingo,Rio Rancho,República Dominicana,EE. UU.,3,60.06000137,60.06000137,Standard Class,Advance shipping
Portmore,Nashville,Jamaica,EE. UU.,2,92.40000153,92.40000153,Second Class,Shipping on time
Puebla,Caguas,México,Puerto Rico,0,20.02000046,20.02000046,Same Day,Shipping on time
Managua,Saint Louis,Nicaragua,EE. UU.,5,19.79999924,19.79999924,Standard Class,Late delivery
Gómez Palacio,Buffalo,México,EE. UU.,6,36.52000046,36.52000046,Standard Class,Late delivery
Eunápolis,Garden Grove,Brasil,EE. UU.,5,76.55999756,76.55999756,Standard Class,Late delivery
Mejicanos,Pompano Beach,El Salvador,EE. UU.,5,74.80000305,74.80000305,Standard Class,Late delivery
Santiago de los Caballeros,Annapolis,República Dominicana,EE. UU.,5,36.08000183,36.08000183,Standard Class,Late delivery
Palma Soriano,Virginia Beach,Cuba,EE. UU.,4,59.40000153,59.40000153,Standard Class,Shipping on time
Neiva,Caguas,Colombia,Puerto Rico,3,91.30000305,91.30000305,Standard Class,Advance shipping
Matanzas,Chicago,Cuba,EE. UU.,3,35.20000076,35.20000076,Standard Class,Advance shipping
Santiago de Chile,Newburgh,Chile,EE. UU.,2,90.19999695,90.19999695,Standard Class,Advance shipping
Bello,Caguas,Colombia,Puerto Rico,2,58.08000183,58.08000183,First Class,Late delivery
Santo Domingo,Woodbridge,República Dominicana,EE. UU.,0,33.0,33.0,Same Day,Shipping on time
Tegucigalpa,Caguas,Honduras,Puerto Rico,2,73.91999817,73.91999817,First Class,Late delivery
Guadalajara,Miami,México,EE. UU.,2,73.04000092,73.04000092,First Class,Late delivery
Santiago de Cuba,Laguna Niguel,Cuba,EE. UU.,6,44.0,44.0,Standard Class,Late delivery
León,Carlisle,Nicaragua,EE. UU.,2,88.0,88.0,Standard Class,Advance shipping
Santa Clara,Garland,Cuba,EE. UU.,4,72.16000366,72.16000366,Standard Class,Shipping on time
Betim,Garden Grove,Brasil,EE. UU.,4,70.40000153,70.40000153,Standard Class,Shipping on time
Puerto Montt,Atlanta,Chile,EE. UU.,2,19.36000061,19.36000061,First Class,Late delivery
Anápolis,Caguas,Brasil,Puerto Rico,2,19.13999939,19.13999939,First Class,Late delivery
San Pablo de las Salinas,Caguas,México,Puerto Rico,6,57.41999817,57.41999817,Standard Class,Late delivery
Córdoba,Caguas,México,Puerto Rico,2,66.0,66.0,Standard Class,Advance shipping
Santa Ana,Caguas,El Salvador,Puerto Rico,2,56.09999847,56.09999847,First Class,Late delivery
Estelí,Philadelphia,Nicaragua,EE. UU.,2,55.43999863,55.43999863,First Class,Late delivery
Cienfuegos,Stockton,Cuba,EE. UU.,3,18.70000076,18.70000076,Standard Class,Advance shipping
Morelia,Long Beach,México,EE. UU.,0,54.77999878,54.77999878,Same Day,Shipping on time
Santo Domingo,Caguas,República Dominicana,Puerto Rico,5,82.5,82.5,Standard Class,Late delivery
Zapopan,Caguas,México,Puerto Rico,5,54.11999893,54.11999893,Second Class,Late delivery
São Bernardo do Campo,Canyon Country,Brasil,EE. UU.,4,18.47999954,18.47999954,Standard Class,Shipping canceled
Managua,Strongsville,Nicaragua,EE. UU.,4,110.0,110.0,Standard Class,Shipping on time
Santo Domingo,Glen Burnie,República Dominicana,EE. UU.,2,88.0,88.0,Standard Class,Advance shipping
Puerto La Cruz,Dorchester Center,Venezuela,EE. UU.,3,43.56000137,43.56000137,Standard Class,Advance shipping
La Romana,Caguas,República Dominicana,Puerto Rico,3,52.79999924,52.79999924,Standard Class,Advance shipping
Curitiba,Caguas,Brasil,Puerto Rico,3,49.5,49.5,Standard Class,Shipping canceled
Santa Cruz de Barahona,Santee,República Dominicana,EE. UU.,2,66.0,66.0,Standard Class,Advance shipping
Barra Mansa,Dallas,Brasil,EE. UU.,2,50.0,50.0,Second Class,Shipping on time
Salvador,Marietta,Brasil,EE. UU.,4,98.0,98.0,Standard Class,Shipping on time
San Miguelito,New Bedford,Panamá,EE. UU.,1,93.0,93.0,Same Day,Late delivery
Pinar del Río,Caguas,Cuba,Puerto Rico,2,22.5,22.5,First Class,Late delivery
João Pessoa,Arecibo,Brasil,Puerto Rico,1,21.75,21.75,Same Day,Late delivery
Tlaquepaque,Marietta,México,EE. UU.,2,47.5,47.5,Standard Class,Advance shipping
Santo Domingo,Columbus,República Dominicana,EE. UU.,2,21.25,21.25,Standard Class,Advance shipping
Mexico City,Caguas,México,Puerto Rico,2,37.5,37.5,Second Class,Shipping on time
Mixco,West Jordan,Guatemala,EE. UU.,2,85.0,85.0,First Class,Late delivery
Guadalajara,New York,México,EE. UU.,0,18.75,18.75,Same Day,Shipping on time
Nuevo Laredo,Caguas,México,Puerto Rico,2,46.5,46.5,First Class,Late delivery
Juárez,Irvington,México,EE. UU.,3,84.0,84.0,Second Class,Late delivery
San Salvador,Philadelphia,El Salvador,EE. UU.,4,105.0,105.0,Standard Class,Shipping on time
San Miguelito,Caguas,Panamá,Puerto Rico,2,103.75,103.75,Standard Class,Advance shipping
Soyapango,South San Francisco,El Salvador,EE. UU.,2,25.0,25.0,First Class,Late delivery
Tijuana,Caguas,México,Puerto Rico,2,102.5,102.5,First Class,Late delivery
Juárez,Caguas,México,Puerto Rico,5,24.75,24.75,Second Class,Late delivery
Santo Domingo de los Colorados,Lancaster,Ecuador,EE. UU.,1,90.0,90.0,Same Day,Late delivery
Curitiba,Caguas,Brasil,Puerto Rico,4,80.0,80.0,Standard Class,Shipping on time
Sorocaba,Taylor,Brasil,EE. UU.,5,24.5,24.5,Standard Class,Late delivery
La Vega,Brooklyn,República Dominicana,EE. UU.,5,47.25,47.25,Standard Class,Late delivery
Santa Marta,New Haven,Colombia,EE. UU.,1,73.5,73.5,Same Day,Late delivery
Villa Canales,Caguas,Guatemala,Puerto Rico,6,123.75,123.75,Standard Class,Late delivery
Mendoza,Freeport,Argentina,EE. UU.,3,75.0,75.0,Standard Class,Advance shipping
Kuito,Portland,Angola,EE. UU.,4,24.25,24.25,Standard Class,Shipping on time
Kaunas,Oceanside,Lituania,EE. UU.,6,50.0,50.0,Standard Class,Late delivery
Riyadh,Riverside,Arabia Saudí,EE. UU.,2,49.0,49.0,First Class,Late delivery
Bagcilar,Pico Rivera,Turquía,EE. UU.,5,47.25,47.25,Standard Class,Late delivery
Port Elizabeth,Astoria,SudAfrica,EE. UU.,3,118.75,118.75,Standard Class,Advance shipping
Kaduna,Brooklyn,Nigeria,EE. UU.,2,24.0,24.0,Standard Class,Advance shipping
Kenitra,Freeport,Marruecos,EE. UU.,2,95.0,95.0,First Class,Late delivery
Ivano-Frankivs'k,Philadelphia,Ucrania,EE. UU.,0,118.1299973,118.1299973,Same Day,Shipping on time
Pretoria,Caguas,SudAfrica,Puerto Rico,4,23.25,23.25,Standard Class,Shipping on time
Vínnytsia,Chicago,Ucrania,EE. UU.,4,37.5,37.5,Standard Class,Shipping on time
Alexandria,Milpitas,Egipto,EE. UU.,3,70.87999725,70.87999725,Second Class,Late delivery
Derbent,Ann Arbor,Rusia,EE. UU.,2,22.5,22.5,First Class,Late delivery
Hargeysa,Lenoir,Somalia,EE. UU.,1,50.0,50.0,Same Day,Late delivery
Mwanza,Philadelphia,Tanzania,EE. UU.,5,48.0,48.0,Standard Class,Late delivery
Mamak,Miami,Turquía,EE. UU.,1,113.75,113.75,Same Day,Late delivery
Benghazi,Brooklyn,Libia,EE. UU.,2,97.0,97.0,First Class,Late delivery
Luanda,Hialeah,Angola,EE. UU.,2,87.0,87.0,Standard Class,Advance shipping
Sincan,Houston,Turquía,EE. UU.,6,69.75,69.75,Standard Class,Late delivery
Riyadh,Caguas,Arabia Saudí,Puerto Rico,2,110.0,110.0,Standard Class,Advance shipping
Bandundu,Caguas,República Democrática del Congo,Puerto Rico,3,68.25,68.25,Standard Class,Advance shipping
Arkhangelsk,Chicago,Rusia,EE. UU.,2,67.5,67.5,Standard Class,Advance shipping
Cairo,Hickory,Egipto,EE. UU.,2,21.25,21.25,Second Class,Shipping on time
Jizán,Salt Lake City,Arabia Saudí,EE. UU.,2,66.0,66.0,Standard Class,Advance shipping
Dnipropetrovsk,Caguas,Ucrania,Puerto Rico,4,107.8899994,107.8899994,Standard Class,Shipping on time
Tivoli,Caguas,Italia,Puerto Rico,4,107.8899994,107.8899994,Standard Class,Shipping on time
Kiel,Caguas,Alemania,Puerto Rico,5,49.79000092,49.79000092,Standard Class,Late delivery
Rennes,Caguas,Francia,Puerto Rico,2,107.8899994,107.8899994,Standard Class,Advance shipping
Letchworth,Caguas,Reino Unido,Puerto Rico,5,106.5899963,106.5899963,Standard Class,Late delivery
Valencia,San Sebastian,España,Puerto Rico,4,49.18999863,49.18999863,Standard Class,Shipping on time
Tivoli,Caguas,Italia,Puerto Rico,4,106.5899963,106.5899963,Standard Class,Shipping on time
Toulon,Caguas,Francia,Puerto Rico,2,49.18999863,49.18999863,Standard Class,Advance shipping
Rennes,Caguas,Francia,Puerto Rico,2,106.5899963,106.5899963,Standard Class,Advance shipping
Meyzieu,Caguas,Francia,Puerto Rico,6,106.5899963,106.5899963,Standard Class,Late delivery
Schiedam,Caguas,Países Bajos,Puerto Rico,4,103.9899979,103.9899979,Standard Class,Shipping on time
Stoke-on-Trent,Caguas,Reino Unido,Puerto Rico,6,97.48999786,97.48999786,Standard Class,Late delivery
Miramas,Caguas,Francia,Puerto Rico,5,267.8299866,267.8299866,Standard Class,Late delivery
Timisoara,Caguas,Rumania,Puerto Rico,5,50.0,50.0,Standard Class,Late delivery
Birmingham,Caguas,Reino Unido,Puerto Rico,6,50.0,50.0,Standard Class,Late delivery
Aulnay-sous-Bois,Caguas,Francia,Puerto Rico,3,39.99000168,39.99000168,Standard Class,Advance shipping
Cachan,Caguas,Francia,Puerto Rico,3,50.0,50.0,Standard Class,Advance shipping
Aulnay-sous-Bois,Caguas,Francia,Puerto Rico,3,39.59000015,39.59000015,Standard Class,Advance shipping
Velbert,Caguas,Alemania,Puerto Rico,6,49.5,49.5,Standard Class,Late delivery
Zwickau,Caguas,Alemania,Puerto Rico,4,49.0,49.0,Standard Class,Shipping on time
Ingolstadt,Caguas,Alemania,Puerto Rico,5,48.5,48.5,Standard Class,Late delivery
Las Rozas de Madrid,Caguas,España,Puerto Rico,4,48.0,48.0,Standard Class,Shipping on time
Zurich,Caguas,Suiza,Puerto Rico,6,47.5,47.5,Standard Class,Late delivery
Brive-la-Gaillarde,Caguas,Francia,Puerto Rico,2,47.5,47.5,Standard Class,Advance shipping
Les Pavillons-sous-Bois,Caguas,Francia,Puerto Rico,6,37.79000092,37.79000092,Standard Class,Late delivery
Zurich,Caguas,Suiza,Puerto Rico,6,47.25,47.25,Standard Class,Late delivery
London,Caguas,Reino Unido,Puerto Rico,6,36.38999939,36.38999939,Standard Class,Late delivery
Heidelberg,Caguas,Alemania,Puerto Rico,2,35.99000168,35.99000168,Standard Class,Advance shipping
Duisburg,Caguas,Alemania,Puerto Rico,5,45.0,45.0,Standard Class,Late delivery
Tours,Caguas,Francia,Puerto Rico,2,45.0,45.0,Standard Class,Advance shipping
Stuttgart,Caguas,Alemania,Puerto Rico,2,35.18999863,35.18999863,Standard Class,Advance shipping
Dordrecht,Caguas,Países Bajos,Puerto Rico,4,44.0,44.0,Standard Class,Shipping on time
Antony,Caguas,Francia,Puerto Rico,3,43.5,43.5,Standard Class,Advance shipping
Lodz,Caguas,Polonia,Puerto Rico,3,42.5,42.5,Standard Class,Advance shipping
Glasgow,Caguas,Reino Unido,Puerto Rico,5,33.99000168,33.99000168,Standard Class,Late delivery
Kremenchuk,Caguas,Ucrania,Puerto Rico,2,41.0,41.0,Standard Class,Advance shipping
Berne,Caguas,Suiza,Puerto Rico,6,57.40000153,57.40000153,Standard Class,Late delivery
Warsaw,Caguas,Polonia,Puerto Rico,6,40.0,40.0,Standard Class,Late delivery
Villeneuve-d'Ascq,Caguas,Francia,Puerto Rico,2,40.0,40.0,Standard Class,Advance shipping
La Seyne-sur-Mer,Caguas,Francia,Puerto Rico,5,40.0,40.0,Standard Class,Late delivery
Radom,Caguas,Polonia,Puerto Rico,5,24.98999977,24.98999977,Standard Class,Late delivery
Darton,Caguas,Reino Unido,Puerto Rico,4,284.9899902,284.9899902,Standard Class,Shipping on time
Bourgoin-Jallieu,Caguas,Francia,Puerto Rico,4,248.9900055,248.9900055,Standard Class,Shipping on time
Madrid,Caguas,España,Puerto Rico,6,299.980011,299.980011,Standard Class,Late delivery
Pozzuoli,Caguas,Italia,Puerto Rico,6,299.980011,299.980011,Standard Class,Late delivery
Toulouse,Caguas,Francia,Puerto Rico,5,299.980011,299.980011,Standard Class,Late delivery
Berlín,Caguas,Alemania,Puerto Rico,2,399.980011,399.980011,Standard Class,Advance shipping
Duisburg,Caguas,Alemania,Puerto Rico,5,399.980011,399.980011,Standard Class,Late delivery
Valladolid,San Sebastian,España,Puerto Rico,3,395.980011,395.980011,Standard Class,Advance shipping
Garches,Caguas,Francia,Puerto Rico,2,293.980011,293.980011,Standard Class,Advance shipping
Charleroi,Caguas,Bélgica,Puerto Rico,3,290.980011,290.980011,Standard Class,Advance shipping
Lodz,Caguas,Polonia,Puerto Rico,6,287.980011,287.980011,Standard Class,Late delivery
Northampton,Caguas,Reino Unido,Puerto Rico,6,287.980011,287.980011,Standard Class,Late delivery
Hildesheim,Caguas,Alemania,Puerto Rico,2,287.980011,287.980011,Standard Class,Advance shipping
Ingolstadt,Caguas,Alemania,Puerto Rico,5,287.980011,287.980011,Standard Class,Late delivery
Villiers-sur-Marne,Caguas,Francia,Puerto Rico,6,284.980011,284.980011,Standard Class,Late delivery
Heidelberg,Caguas,Alemania,Puerto Rico,2,284.980011,284.980011,Standard Class,Advance shipping
Dortmund,Caguas,Alemania,Puerto Rico,4,284.980011,284.980011,Standard Class,Shipping on time
Cachan,Caguas,Francia,Puerto Rico,3,283.480011,283.480011,Standard Class,Advance shipping
Avignon,Caguas,Francia,Puerto Rico,5,377.980011,377.980011,Standard Class,Late delivery
Marina di Carrara,Caguas,Italia,Puerto Rico,5,278.980011,278.980011,Standard Class,Late delivery
Trapani,Caguas,Italia,Puerto Rico,4,278.980011,278.980011,Standard Class,Shipping on time
Avignon,Caguas,Francia,Puerto Rico,5,371.980011,371.980011,Standard Class,Late delivery
Trier,Caguas,Alemania,Puerto Rico,5,371.980011,371.980011,Standard Class,Late delivery
Siauliai,Caguas,Lituania,Puerto Rico,6,272.980011,272.980011,Standard Class,Late delivery
Blackpool,Caguas,Reino Unido,Puerto Rico,3,363.980011,363.980011,Standard Class,Advance shipping
Trapani,Caguas,Italia,Puerto Rico,4,272.980011,272.980011,Standard Class,Shipping on time
Halle,Caguas,Alemania,Puerto Rico,5,272.980011,272.980011,Standard Class,Late delivery
Zwickau,Caguas,Alemania,Puerto Rico,4,272.980011,272.980011,Standard Class,Shipping on time
Mons-en-Baroeul,Caguas,Francia,Puerto Rico,5,272.980011,272.980011,Standard Class,Late delivery
The Hague,Caguas,Países Bajos,Puerto Rico,5,363.980011,363.980011,Standard Class,Late delivery
Blackpool,Caguas,Reino Unido,Puerto Rico,3,359.980011,359.980011,Standard Class,Advance shipping
Heerlen,Caguas,Países Bajos,Puerto Rico,5,269.980011,269.980011,Standard Class,Late delivery
Tourcoing,Caguas,Francia,Puerto Rico,6,351.980011,351.980011,Standard Class,Late delivery
Preston,Caguas,Reino Unido,Puerto Rico,6,347.980011,347.980011,Standard Class,Late delivery
Pozzuoli,Caguas,Italia,Puerto Rico,6,347.980011,347.980011,Standard Class,Late delivery
La Seyne-sur-Mer,Caguas,Francia,Puerto Rico,5,347.980011,347.980011,Standard Class,Late delivery
Ratingen,Caguas,Alemania,Puerto Rico,5,347.980011,347.980011,Standard Class,Late delivery
Solna,Caguas,Suecia,Puerto Rico,2,254.9799957,254.9799957,Standard Class,Advance shipping
Perugia,Caguas,Italia,Puerto Rico,6,254.9799957,254.9799957,Standard Class,Late delivery
Naples,Caguas,Italia,Puerto Rico,5,339.980011,339.980011,Standard Class,Late delivery
Meyzieu,Caguas,Francia,Puerto Rico,6,339.980011,339.980011,Standard Class,Late delivery
Sandnes,Caguas,Noruega,Puerto Rico,3,125.9899979,125.9899979,Standard Class,Advance shipping
Stoke-on-Trent,Caguas,Reino Unido,Puerto Rico,6,248.9799957,248.9799957,Standard Class,Late delivery
Cosenza,Caguas,Italia,Puerto Rico,5,248.9799957,248.9799957,Standard Class,Late delivery
Domont,Caguas,Francia,Puerto Rico,4,248.9799957,248.9799957,Standard Class,Shipping on time
Dnipropetrovsk,Caguas,Ucrania,Puerto Rico,4,245.9799957,245.9799957,Standard Class,Shipping on time
Blackpool,Caguas,Reino Unido,Puerto Rico,3,245.9799957,245.9799957,Standard Class,Advance shipping
Rotterdam,Caguas,Países Bajos,Puerto Rico,2,245.9799957,245.9799957,Standard Class,Advance shipping
Hamburgo,Caguas,Alemania,Puerto Rico,5,327.980011,327.980011,Standard Class,Late delivery
Cosenza,Caguas,Italia,Puerto Rico,5,319.980011,319.980011,Standard Class,Late delivery
Celle,Caguas,Alemania,Puerto Rico,4,239.9799957,239.9799957,Standard Class,Shipping on time
Hasselt,Caguas,Bélgica,Puerto Rico,5,224.9900055,224.9900055,Standard Class,Late delivery
Puteaux,Caguas,Francia,Puerto Rico,6,30.45999908,30.45999908,Standard Class,Late delivery
Paris,Caguas,Francia,Puerto Rico,3,29.53000069,29.53000069,Standard Class,Advance shipping
Portsmouth,Caguas,Reino Unido,Puerto Rico,2,28.89999962,28.89999962,Standard Class,Advance shipping
Duisburg,Caguas,Alemania,Puerto Rico,3,28.89999962,28.89999962,Standard Class,Advance shipping
Erfurt,Caguas,Alemania,Puerto Rico,4,27.04000092,27.04000092,Standard Class,Shipping on time
Wolverhampton,Caguas,Reino Unido,Puerto Rico,2,26.42000008,26.42000008,Standard Class,Advance shipping
Odense,Caguas,Dinamarca,Puerto Rico,3,25.79999924,25.79999924,Standard Class,Advance shipping
Erfurt,Caguas,Alemania,Puerto Rico,6,25.79999924,25.79999924,Standard Class,Late delivery
Messina,Caguas,Italia,Puerto Rico,6,25.48999977,25.48999977,Standard Class,Late delivery
Freiburg,Caguas,Alemania,Puerto Rico,5,164.3800049,164.3800049,Standard Class,Late delivery
Santa Fe,Caguas,Argentina,Puerto Rico,6,97.98999786,97.98999786,Standard Class,Late delivery
Guadalajara,Caguas,México,Puerto Rico,2,79.98999786,79.98999786,Standard Class,Advance shipping
San Francisco del Rincón,Caguas,México,Puerto Rico,5,284.980011,284.980011,Standard Class,Late delivery
Santa Fe,Caguas,Argentina,Puerto Rico,6,379.980011,379.980011,Standard Class,Late delivery
Santo Domingo,Caguas,República Dominicana,Puerto Rico,2,377.980011,377.980011,Standard Class,Advance shipping
Santo Domingo,Caguas,República Dominicana,Puerto Rico,2,254.9799957,254.9799957,Standard Class,Advance shipping
Porto Alegre,Caguas,Brasil,Puerto Rico,3,29.73999977,29.73999977,Standard Class,Advance shipping
Sorocaba,Caguas,Brasil,Puerto Rico,2,99.98999786,99.98999786,Standard Class,Advance shipping
Mejicanos,Caguas,El Salvador,Puerto Rico,2,98.98999786,98.98999786,Standard Class,Advance shipping
Nueva Gerona,Caguas,Cuba,Puerto Rico,5,97.98999786,97.98999786,Standard Class,Late delivery
Miguel Hidalgo,Manati,México,Puerto Rico,4,92.98999786,92.98999786,Standard Class,Shipping on time
Soyapango,Canovanas,El Salvador,Puerto Rico,4,90.98999786,90.98999786,Standard Class,Shipping on time
Santo Domingo,Caguas,República Dominicana,Puerto Rico,4,89.98999786,89.98999786,Standard Class,Shipping on time
Carrefour,Caguas,Haití,Puerto Rico,2,84.98999786,84.98999786,Standard Class,Advance shipping
Sorocaba,Caguas,Brasil,Puerto Rico,2,74.98999786,74.98999786,Standard Class,Advance shipping
Santo Domingo,Caguas,República Dominicana,Puerto Rico,5,129.9900055,129.9900055,Standard Class,Late delivery
Heroica Zitácuaro,Caguas,México,Puerto Rico,5,129.9900055,129.9900055,Standard Class,Late delivery
Tegucigalpa,Caguas,Honduras,Puerto Rico,3,129.9900055,129.9900055,Standard Class,Advance shipping
Cuscatancingo,Caguas,El Salvador,Puerto Rico,3,129.9900055,129.9900055,Standard Class,Advance shipping
São Paulo,Caguas,Brasil,Puerto Rico,6,129.9900055,129.9900055,Standard Class,Late delivery
Veracruz,Caguas,México,Puerto Rico,4,128.6900024,128.6900024,Standard Class,Shipping on time
Tlaquepaque,Caguas,México,Puerto Rico,2,128.6900024,128.6900024,Standard Class,Advance shipping
San Justo,Caguas,Argentina,Puerto Rico,3,128.6900024,128.6900024,Standard Class,Advance shipping
Choluteca,Mayaguez,Honduras,Puerto Rico,5,58.79000092,58.79000092,Standard Class,Late delivery
Petapa,Caguas,Guatemala,Puerto Rico,3,127.3899994,127.3899994,Standard Class,Advance shipping
Monterrey,Caguas,México,Puerto Rico,6,127.3899994,127.3899994,Standard Class,Late delivery
Resende,Caguas,Brasil,Puerto Rico,4,127.3899994,127.3899994,Standard Class,Shipping on time
San Cristóbal de Las Casas,Caguas,México,Puerto Rico,5,126.0899963,126.0899963,Standard Class,Late delivery
Petapa,Caguas,Guatemala,Puerto Rico,3,126.0899963,126.0899963,Standard Class,Advance shipping
Tuxtla Gutiérrez,Caguas,México,Puerto Rico,4,126.0899963,126.0899963,Standard Class,Shipping on time
Mossoró,Caguas,Brasil,Puerto Rico,2,126.0899963,126.0899963,Standard Class,Advance shipping
Santo Domingo,Caguas,República Dominicana,Puerto Rico,4,57.59000015,57.59000015,Standard Class,Shipping on time
Celaya,Caguas,México,Puerto Rico,6,124.7900009,124.7900009,Standard Class,Late delivery
Buenos Aires,Caguas,Argentina,Puerto Rico,2,124.7900009,124.7900009,Standard Class,Advance shipping
Oruro,Caguas,Bolivia,Puerto Rico,5,124.7900009,124.7900009,Standard Class,Late delivery
Porto Alegre,Caguas,Brasil,Puerto Rico,3,124.7900009,124.7900009,Standard Class,Advance shipping
Gonaïves,Caguas,Haití,Puerto Rico,6,122.8399963,122.8399963,Standard Class,Late delivery
San Salvador,Caguas,El Salvador,Puerto Rico,5,56.68999863,56.68999863,Standard Class,Late delivery
Palma Soriano,Caguas,Cuba,Puerto Rico,5,120.8899994,120.8899994,Standard Class,Late delivery
Sancti Spíritus,Caguas,Cuba,Puerto Rico,5,120.8899994,120.8899994,Standard Class,Late delivery
Azcapotzalco,Caguas,México,Puerto Rico,6,55.79000092,55.79000092,Standard Class,Late delivery
Azcapotzalco,Caguas,México,Puerto Rico,6,120.8899994,120.8899994,Standard Class,Late delivery
Mexico City,Caguas,México,Puerto Rico,2,120.8899994,120.8899994,Standard Class,Advance shipping
Cuscatancingo,Caguas,El Salvador,Puerto Rico,5,120.8899994,120.8899994,Standard Class,Late delivery
Palma Soriano,Caguas,Cuba,Puerto Rico,5,118.2900009,118.2900009,Standard Class,Late delivery
Mexico City,Caguas,México,Puerto Rico,2,118.2900009,118.2900009,Standard Class,Advance shipping
Soyapango,Caguas,El Salvador,Puerto Rico,5,118.2900009,118.2900009,Standard Class,Late delivery
Santa Ana,Caguas,El Salvador,Puerto Rico,6,116.9899979,116.9899979,Standard Class,Late delivery
Cúcuta,Caguas,Colombia,Puerto Rico,5,53.99000168,53.99000168,Standard Class,Late delivery
San Justo,Manati,Argentina,Puerto Rico,4,52.79000092,52.79000092,Standard Class,Shipping on time
Santo Domingo,Caguas,República Dominicana,Puerto Rico,3,113.0899963,113.0899963,Standard Class,Advance shipping
Guarulhos,Caguas,Brasil,Puerto Rico,6,52.18999863,52.18999863,Standard Class,Late delivery
Santo Domingo,Caguas,República Dominicana,Puerto Rico,3,110.4899979,110.4899979,Standard Class,Advance shipping
Morelia,Caguas,México,Puerto Rico,3,50.99000168,50.99000168,Standard Class,Advance shipping
Culiacán,Caguas,México,Puerto Rico,6,110.4899979,110.4899979,Standard Class,Late delivery
Presidente Dutra,Caguas,Brasil,Puerto Rico,6,50.99000168,50.99000168,Standard Class,Late delivery
Sorocaba,Caguas,Brasil,Puerto Rico,2,50.99000168,50.99000168,Standard Class,Advance shipping
Mixco,Caguas,Guatemala,Puerto Rico,5,50.38999939,50.38999939,Standard Class,Late delivery
Managua,Caguas,Nicaragua,Puerto Rico,6,109.1900024,109.1900024,Standard Class,Late delivery
Mixco,Caguas,Guatemala,Puerto Rico,5,109.1900024,109.1900024,Standard Class,Late delivery
Presidente Dutra,Caguas,Brasil,Puerto Rico,6,50.38999939,50.38999939,Standard Class,Late delivery
Armenia,Caguas,Colombia,Puerto Rico,4,109.1900024,109.1900024,Standard Class,Shipping on time
Santo Domingo,Caguas,República Dominicana,Puerto Rico,4,107.8899994,107.8899994,Standard Class,Shipping on time
Toluca,Caguas,México,Puerto Rico,6,49.79000092,49.79000092,Standard Class,Late delivery
Veracruz,Caguas,México,Puerto Rico,4,49.79000092,49.79000092,Standard Class,Shipping on time
Tijuana,Caguas,México,Puerto Rico,5,49.79000092,49.79000092,Standard Class,Late delivery
Managua,Caguas,Nicaragua,Puerto Rico,6,107.8899994,107.8899994,Standard Class,Late delivery
Matagalpa,Caguas,Nicaragua,Puerto Rico,2,107.8899994,107.8899994,Standard Class,Advance shipping
Saltillo,Caguas,México,Puerto Rico,5,107.8899994,107.8899994,Standard Class,Late delivery
Metepec,Caguas,México,Puerto Rico,3,107.8899994,107.8899994,Standard Class,Advance shipping
Metepec,Caguas,México,Puerto Rico,3,106.5899963,106.5899963,Standard Class,Advance shipping
Quixadá,Caguas,Brasil,Puerto Rico,3,106.5899963,106.5899963,Standard Class,Advance shipping
Carrefour,Caguas,Haití,Puerto Rico,2,103.9899979,103.9899979,Standard Class,Advance shipping
Juárez,Caguas,México,Puerto Rico,5,103.9899979,103.9899979,Standard Class,Late delivery
Managua,Caguas,Nicaragua,Puerto Rico,5,103.9899979,103.9899979,Standard Class,Late delivery
Tulancingo,Rio Grande,México,Puerto Rico,4,103.9899979,103.9899979,Standard Class,Shipping on time
Castanhal,Caguas,Brasil,Puerto Rico,5,47.99000168,47.99000168,Standard Class,Late delivery
São Paulo,Caguas,Brasil,Puerto Rico,4,103.9899979,103.9899979,Standard Class,Shipping on time
Bucaramanga,Caguas,Colombia,Puerto Rico,3,103.9899979,103.9899979,Standard Class,Advance shipping
Soledad,Caguas,Colombia,Puerto Rico,3,103.9899979,103.9899979,Standard Class,Advance shipping
Acuña,Caguas,México,Puerto Rico,5,97.48999786,97.48999786,Standard Class,Late delivery
San Miguelito,Caguas,Panamá,Puerto Rico,2,97.48999786,97.48999786,Standard Class,Advance shipping
São Paulo,Caguas,Brasil,Puerto Rico,6,97.48999786,97.48999786,Standard Class,Late delivery
Itaúna,Caguas,Brasil,Puerto Rico,6,97.48999786,97.48999786,Standard Class,Late delivery
Guarulhos,Caguas,Brasil,Puerto Rico,6,97.48999786,97.48999786,Standard Class,Late delivery
Mossoró,Caguas,Brasil,Puerto Rico,3,97.48999786,97.48999786,Standard Class,Advance shipping
Soledad,Caguas,Colombia,Puerto Rico,3,97.48999786,97.48999786,Standard Class,Advance shipping
Salvador,Caguas,Brasil,Puerto Rico,2,49.5,49.5,Standard Class,Advance shipping
Gonaïves,Caguas,Haití,Puerto Rico,6,49.0,49.0,Standard Class,Late delivery
Villahermosa,Caguas,México,Puerto Rico,2,47.5,47.5,Standard Class,Advance shipping
San Fernando,Caguas,Trinidad y Tobago,Puerto Rico,4,47.25,47.25,Standard Class,Shipping on time
Mejicanos,Caguas,El Salvador,Puerto Rico,2,36.38999939,36.38999939,Standard Class,Advance shipping
San Cristóbal de Las Casas,Caguas,México,Puerto Rico,5,45.5,45.5,Standard Class,Late delivery
Soyapango,Canovanas,El Salvador,Puerto Rico,4,45.5,45.5,Standard Class,Shipping on time
El Limón,Caguas,Venezuela,Puerto Rico,2,44.0,44.0,Standard Class,Advance shipping
San Cristóbal de Las Casas,Caguas,México,Puerto Rico,5,34.79000092,34.79000092,Standard Class,Late delivery
San Miguelito,Caguas,Panamá,Puerto Rico,4,173.9900055,173.9900055,Standard Class,Shipping on time
Barranquilla,Caguas,Colombia,Puerto Rico,5,43.5,43.5,Standard Class,Late delivery
Sancti Spíritus,Caguas,Cuba,Puerto Rico,5,42.0,42.0,Standard Class,Late delivery
Mixco,Caguas,Guatemala,Puerto Rico,5,33.59000015,33.59000015,Standard Class,Late delivery
Tulancingo,Rio Grande,México,Puerto Rico,4,41.5,41.5,Standard Class,Shipping on time
Poza Rica de Hidalgo,Caguas,México,Puerto Rico,4,31.98999977,31.98999977,Standard Class,Shipping on time
Altamira,Caguas,Brasil,Puerto Rico,3,40.0,40.0,Standard Class,Advance shipping
Orizaba,Caguas,México,Puerto Rico,5,44.63000107,44.63000107,Standard Class,Late delivery
Villahermosa,Caguas,México,Puerto Rico,2,15.82999992,15.82999992,Standard Class,Advance shipping
Mexicali,Caguas,México,Puerto Rico,3,23.98999977,23.98999977,Standard Class,Advance shipping
Gonaïves,Caguas,Haití,Puerto Rico,6,299.980011,299.980011,Standard Class,Late delivery
Morelia,Caguas,México,Puerto Rico,3,299.980011,299.980011,Standard Class,Advance shipping
Panama City,Caguas,Panamá,Puerto Rico,6,299.980011,299.980011,Standard Class,Late delivery
Toluca,Caguas,México,Puerto Rico,6,399.980011,399.980011,Standard Class,Late delivery
Mexico City,Caguas,México,Puerto Rico,3,399.980011,399.980011,Standard Class,Advance shipping
Ponte Nova,Caguas,Brasil,Puerto Rico,4,399.980011,399.980011,Standard Class,Shipping on time
Santo Domingo,Caguas,República Dominicana,Puerto Rico,5,296.980011,296.980011,Standard Class,Late delivery
Saltillo,Caguas,México,Puerto Rico,5,296.980011,296.980011,Standard Class,Late delivery
Soyapango,Caguas,El Salvador,Puerto Rico,4,395.980011,395.980011,Standard Class,Shipping on time
Ponte Nova,Caguas,Brasil,Puerto Rico,4,395.980011,395.980011,Standard Class,Shipping on time
Azcapotzalco,Caguas,México,Puerto Rico,6,293.980011,293.980011,Standard Class,Late delivery
Toluca,Caguas,México,Puerto Rico,6,293.980011,293.980011,Standard Class,Late delivery
San Juan,Caguas,Argentina,Puerto Rico,4,293.980011,293.980011,Standard Class,Shipping on time
Manzanillo,Caguas,Cuba,Puerto Rico,4,290.980011,290.980011,Standard Class,Shipping on time
Tlaquepaque,Caguas,México,Puerto Rico,5,290.980011,290.980011,Standard Class,Late delivery
Apopa,Caguas,El Salvador,Puerto Rico,6,387.980011,387.980011,Standard Class,Late delivery
Mejicanos,Caguas,El Salvador,Puerto Rico,2,387.980011,387.980011,Standard Class,Advance shipping
Manzanillo,Caguas,Cuba,Puerto Rico,4,287.980011,287.980011,Standard Class,Shipping on time
La Vega,Caguas,República Dominicana,Puerto Rico,4,287.980011,287.980011,Standard Class,Shipping on time
Santo Domingo,Caguas,República Dominicana,Puerto Rico,6,383.980011,383.980011,Standard Class,Late delivery
La Ceiba,Caguas,Honduras,Puerto Rico,4,287.980011,287.980011,Standard Class,Shipping on time
Mexico City,Caguas,México,Puerto Rico,6,287.980011,287.980011,Standard Class,Late delivery
Mexico City,Caguas,México,Puerto Rico,5,383.980011,383.980011,Standard Class,Late delivery
Porto Alegre,Caguas,Brasil,Puerto Rico,3,383.980011,383.980011,Standard Class,Advance shipping
Callao,Caguas,Perú,Puerto Rico,3,383.980011,383.980011,Standard Class,Advance shipping
Montenegro,Caguas,Colombia,Puerto Rico,5,383.980011,383.980011,Standard Class,Late delivery
Matagalpa,Caguas,Nicaragua,Puerto Rico,2,284.980011,284.980011,Standard Class,Advance shipping
Tulancingo,Rio Grande,México,Puerto Rico,4,379.980011,379.980011,Standard Class,Shipping on time
Caxias do Sul,Caguas,Brasil,Puerto Rico,6,379.980011,379.980011,Standard Class,Late delivery
Santo Domingo,Caguas,República Dominicana,Puerto Rico,4,283.480011,283.480011,Standard Class,Shipping on time
Sancti Spíritus,Caguas,Cuba,Puerto Rico,5,377.980011,377.980011,Standard Class,Late delivery
Tegucigalpa,Caguas,Honduras,Puerto Rico,4,283.480011,283.480011,Standard Class,Shipping on time
Acuña,Caguas,México,Puerto Rico,5,377.980011,377.980011,Standard Class,Late delivery
Tegucigalpa,Caguas,Honduras,Puerto Rico,3,377.980011,377.980011,Standard Class,Advance shipping
Sancti Spíritus,Caguas,Cuba,Puerto Rico,5,371.980011,371.980011,Standard Class,Late delivery
Delgado,Caguas,El Salvador,Puerto Rico,4,278.980011,278.980011,Standard Class,Shipping on time
Heroica Zitácuaro,Caguas,México,Puerto Rico,5,272.980011,272.980011,Standard Class,Late delivery
Delgado,Caguas,El Salvador,Puerto Rico,4,272.980011,272.980011,Standard Class,Shipping on time
Salvador,Caguas,Brasil,Puerto Rico,2,272.980011,272.980011,Standard Class,Advance shipping
Chinautla,Caguas,Guatemala,Puerto Rico,2,269.980011,269.980011,Standard Class,Advance shipping
San Martín,Caguas,El Salvador,Puerto Rico,2,359.980011,359.980011,Standard Class,Advance shipping
Cuscatancingo,Caguas,El Salvador,Puerto Rico,5,263.980011,263.980011,Standard Class,Late delivery
Villa Nueva,Caguas,Guatemala,Puerto Rico,4,351.980011,351.980011,Standard Class,Shipping on time
San Martín,Caguas,El Salvador,Puerto Rico,2,351.980011,351.980011,Standard Class,Advance shipping
Blumenau,Caguas,Brasil,Puerto Rico,4,263.980011,263.980011,Standard Class,Shipping on time
Altamira,Caguas,Brasil,Puerto Rico,4,263.980011,263.980011,Standard Class,Shipping on time
Mossoró,Caguas,Brasil,Puerto Rico,2,263.980011,263.980011,Standard Class,Advance shipping
Las Piedras,Caguas,Uruguay,Puerto Rico,6,260.980011,260.980011,Standard Class,Late delivery
Colón,Caguas,Panamá,Puerto Rico,6,254.9799957,254.9799957,Standard Class,Late delivery
Santo Domingo,Caguas,República Dominicana,Puerto Rico,6,248.9799957,248.9799957,Standard Class,Late delivery
Santo Domingo,Caguas,República Dominicana,Puerto Rico,4,331.980011,331.980011,Standard Class,Shipping on time
Villahermosa,Caguas,México,Puerto Rico,2,248.9799957,248.9799957,Standard Class,Advance shipping
Sorocaba,Caguas,Brasil,Puerto Rico,2,248.9799957,248.9799957,Standard Class,Advance shipping
Quetzaltenango,Caguas,Guatemala,Puerto Rico,6,245.9799957,245.9799957,Standard Class,Late delivery
Managua,Caguas,Nicaragua,Puerto Rico,4,245.9799957,245.9799957,Standard Class,Shipping on time
São Paulo,Caguas,Brasil,Puerto Rico,2,245.9799957,245.9799957,Standard Class,Advance shipping
Bogotá,Caguas,Colombia,Puerto Rico,2,245.9799957,245.9799957,Standard Class,Advance shipping
Soyapango,Caguas,El Salvador,Puerto Rico,4,239.9799957,239.9799957,Standard Class,Shipping on time
Gonaïves,Caguas,Haití,Puerto Rico,6,224.9900055,224.9900055,Standard Class,Late delivery
Cuscatancingo,Caguas,El Salvador,Puerto Rico,3,224.9900055,224.9900055,Standard Class,Advance shipping
San Miguelito,Caguas,Panamá,Puerto Rico,2,224.9900055,224.9900055,Standard Class,Advance shipping
Villa Nueva,Caguas,Guatemala,Puerto Rico,4,224.9900055,224.9900055,Standard Class,Shipping on time
Teresina,Caguas,Brasil,Puerto Rico,5,224.9900055,224.9900055,Standard Class,Late delivery
São Bernardo do Campo,Caguas,Brasil,Puerto Rico,4,224.9900055,224.9900055,Standard Class,Shipping on time
Caxias do Sul,Caguas,Brasil,Puerto Rico,6,224.9900055,224.9900055,Standard Class,Late delivery
Estambul,Caguas,Turquía,Puerto Rico,4,57.59000015,57.59000015,Standard Class,Shipping on time
Bendigo,Caguas,Australia,Puerto Rico,5,50.38999939,50.38999939,Standard Class,Late delivery
Bendigo,Caguas,Australia,Puerto Rico,5,106.5899963,106.5899963,Standard Class,Late delivery
Bendigo,Caguas,Australia,Puerto Rico,5,103.9899979,103.9899979,Standard Class,Late delivery
Daca,Caguas,Bangladés,Puerto Rico,6,39.18999863,39.18999863,Standard Class,Late delivery
Gaziantep,Caguas,Turquía,Puerto Rico,5,287.980011,287.980011,Standard Class,Late delivery
Bangkok,Caguas,Tailandia,Puerto Rico,5,1417.5,1417.5,Standard Class,Late delivery
Adelaide,Trujillo Alto,Australia,Puerto Rico,4,83.55999756,83.55999756,Standard Class,Shipping on time
Shenzhen,Caguas,China,Puerto Rico,4,75.95999908,75.95999908,Standard Class,Shipping on time
Jinan,Caguas,China,Puerto Rico,2,67.51999664,67.51999664,Standard Class,Advance shipping
Busan,Caguas,Corea del Sur,Puerto Rico,5,284.25,284.25,Standard Class,Late delivery
Delhi,Caguas,India,Puerto Rico,2,249.0800018,249.0800018,Standard Class,Advance shipping
Aurangabad,Caguas,India,Puerto Rico,3,98.98999786,98.98999786,Standard Class,Advance shipping
Astaná,Caguas,Kazajistán,Puerto Rico,4,26.87000084,26.87000084,Standard Class,Shipping on time
Daca,Caguas,Bangladés,Puerto Rico,6,90.98999786,90.98999786,Standard Class,Late delivery
Daca,Caguas,Bangladés,Puerto Rico,6,89.98999786,89.98999786,Standard Class,Late delivery
Konya,Caguas,Turquía,Puerto Rico,6,87.98999786,87.98999786,Standard Class,Late delivery
Bunbury,Caguas,Australia,Puerto Rico,3,86.98999786,86.98999786,Standard Class,Advance shipping
Surat,Caguas,India,Puerto Rico,6,83.98999786,83.98999786,Standard Class,Late delivery
Astaná,Caguas,Kazajistán,Puerto Rico,6,129.9900055,129.9900055,Standard Class,Late delivery
Xi'an,Caguas,China,Puerto Rico,6,59.99000168,59.99000168,Standard Class,Late delivery
Pekín,Caguas,China,Puerto Rico,2,129.9900055,129.9900055,Standard Class,Advance shipping
Laiyang,Caguas,China,Puerto Rico,6,456.8699951,456.8699951,Standard Class,Late delivery
Wellington,Caguas,Nueva Zelanda,Puerto Rico,2,59.38999939,59.38999939,Standard Class,Advance shipping
Mildura,Caguas,Australia,Puerto Rico,3,59.38999939,59.38999939,Standard Class,Advance shipping
Canberra,Caguas,Australia,Puerto Rico,6,128.6900024,128.6900024,Standard Class,Late delivery
Mangalore,Caguas,India,Puerto Rico,4,127.3899994,127.3899994,Standard Class,Shipping on time
Bhatpara,Caguas,India,Puerto Rico,6,126.0899963,126.0899963,Standard Class,Late delivery
Lahore,Caguas,Pakistán,Puerto Rico,6,126.0899963,126.0899963,Standard Class,Late delivery
Manila,Caguas,Filipinas,Puerto Rico,4,126.0899963,126.0899963,Standard Class,Shipping on time
Bandung,Caguas,Indonesia,Puerto Rico,6,126.0899963,126.0899963,Standard Class,Late delivery
Malayer,Caguas,Irán,Puerto Rico,3,124.7900009,124.7900009,Standard Class,Advance shipping
Bhatpara,Caguas,India,Puerto Rico,6,124.7900009,124.7900009,Standard Class,Late delivery
Semarang,Caguas,Indonesia,Puerto Rico,6,57.59000015,57.59000015,Standard Class,Late delivery
Astaná,Caguas,Kazajistán,Puerto Rico,4,56.99000168,56.99000168,Standard Class,Shipping on time
Ajmer,Caguas,India,Puerto Rico,3,56.99000168,56.99000168,Standard Class,Advance shipping
Malayer,Caguas,Irán,Puerto Rico,3,123.4899979,123.4899979,Standard Class,Advance shipping
Parbhani,Caguas,India,Puerto Rico,2,123.4899979,123.4899979,Standard Class,Advance shipping
Karagandá,Caguas,Kazajistán,Puerto Rico,5,122.8399963,122.8399963,Standard Class,Late delivery
Huaibei,Caguas,China,Puerto Rico,6,122.8399963,122.8399963,Standard Class,Late delivery
Ho Chi Minh City,Caguas,Vietnam,Puerto Rico,5,56.68999863,56.68999863,Standard Class,Late delivery
Jinan,Caguas,China,Puerto Rico,3,120.8899994,120.8899994,Standard Class,Advance shipping
Matsubara,Caguas,Japón,Puerto Rico,2,120.8899994,120.8899994,Standard Class,Advance shipping
Harbin,Caguas,China,Puerto Rico,2,120.8899994,120.8899994,Standard Class,Advance shipping
Aurangabad,Caguas,India,Puerto Rico,3,120.8899994,120.8899994,Standard Class,Advance shipping
Melbourne,Caguas,Australia,Puerto Rico,6,54.59000015,54.59000015,Standard Class,Late delivery
Baotou,Caguas,China,Puerto Rico,6,53.99000168,53.99000168,Standard Class,Late delivery
Bundaberg,Caguas,Australia,Puerto Rico,6,53.99000168,53.99000168,Standard Class,Late delivery
Sydney,Caguas,Australia,Puerto Rico,2,116.9899979,116.9899979,Standard Class,Advance shipping
Brisbane,Caguas,Australia,Puerto Rico,4,194.2400055,194.2400055,Standard Class,Shipping on time
Semarang,Caguas,Indonesia,Puerto Rico,6,116.9899979,116.9899979,Standard Class,Late delivery
Sydney,Caguas,Australia,Puerto Rico,6,52.79000092,52.79000092,Standard Class,Late delivery
Auckland,Caguas,Nueva Zelanda,Puerto Rico,5,114.3899994,114.3899994,Standard Class,Late delivery
Bhubaneswar,Caguas,India,Puerto Rico,5,114.3899994,114.3899994,Standard Class,Late delivery
Daqing,Caguas,China,Puerto Rico,4,113.0899963,113.0899963,Standard Class,Shipping on time
Gold Coast,Caguas,Australia,Puerto Rico,4,401.4899902,401.4899902,Standard Class,Shipping on time
Auckland,Caguas,Nueva Zelanda,Puerto Rico,5,113.0899963,113.0899963,Standard Class,Late delivery
Brisbane,Caguas,Australia,Puerto Rico,3,113.0899963,113.0899963,Standard Class,Advance shipping
Yakarta,Caguas,Indonesia,Puerto Rico,4,113.0899963,113.0899963,Standard Class,Shipping on time
Bishkek,Caguas,Kirguistán,Puerto Rico,4,110.4899979,110.4899979,Standard Class,Shipping on time
Xi'an,Caguas,China,Puerto Rico,6,110.4899979,110.4899979,Standard Class,Late delivery
Nowra,Caguas,Australia,Puerto Rico,4,110.4899979,110.4899979,Standard Class,Shipping on time
Coffs Harbour,Caguas,Australia,Puerto Rico,4,110.4899979,110.4899979,Standard Class,Shipping on time
Solapur,Caguas,India,Puerto Rico,5,110.4899979,110.4899979,Standard Class,Late delivery
Yakarta,Caguas,Indonesia,Puerto Rico,4,50.99000168,50.99000168,Standard Class,Shipping on time
Bekasi,Caguas,Indonesia,Puerto Rico,6,110.4899979,110.4899979,Standard Class,Late delivery
Estambul,Caguas,Turquía,Puerto Rico,4,110.4899979,110.4899979,Standard Class,Shipping on time
Gongzhuling,Caguas,China,Puerto Rico,4,109.1900024,109.1900024,Standard Class,Shipping on time
Nowra,Caguas,Australia,Puerto Rico,4,109.1900024,109.1900024,Standard Class,Shipping on time
Ahvaz,Caguas,Irán,Puerto Rico,4,50.38999939,50.38999939,Standard Class,Shipping on time
Bhatinda,Caguas,India,Puerto Rico,3,109.1900024,109.1900024,Standard Class,Advance shipping
Depok,Caguas,Indonesia,Puerto Rico,3,50.38999939,50.38999939,Standard Class,Advance shipping
Kabul,Caguas,Afganistán,Puerto Rico,6,107.8899994,107.8899994,Standard Class,Late delivery
Depok,Caguas,Indonesia,Puerto Rico,3,107.8899994,107.8899994,Standard Class,Advance shipping
Medan,Caguas,Indonesia,Puerto Rico,4,179.1300049,179.1300049,Standard Class,Shipping on time
Eskisehir,Caguas,Turquía,Puerto Rico,6,49.79000092,49.79000092,Standard Class,Late delivery
Wellington,Caguas,Nueva Zelanda,Puerto Rico,2,106.5899963,106.5899963,Standard Class,Advance shipping
Alice Springs,Caguas,Australia,Puerto Rico,5,106.5899963,106.5899963,Standard Class,Late delivery
Tamworth,Caguas,Australia,Puerto Rico,3,106.5899963,106.5899963,Standard Class,Advance shipping
Daca,Caguas,Bangladés,Puerto Rico,6,106.5899963,106.5899963,Standard Class,Late delivery
Tegucigalpa,Caguas,Honduras,Puerto Rico,4,59.99000168,59.99000168,Second Class,Late delivery
Granada,Caguas,Nicaragua,Puerto Rico,4,129.9900055,129.9900055,Second Class,Late delivery
Tegucigalpa,Caguas,Honduras,Puerto Rico,3,129.9900055,129.9900055,Second Class,Late delivery
Escuintla,Caguas,Guatemala,Puerto Rico,5,129.9900055,129.9900055,Second Class,Late delivery
Pilar,Yauco,Brasil,Puerto Rico,3,129.9900055,129.9900055,Second Class,Late delivery
Arequipa,Caguas,Perú,Puerto Rico,6,129.9900055,129.9900055,Second Class,Late delivery
Guadalajara,Caguas,México,Puerto Rico,5,128.6900024,128.6900024,Second Class,Late delivery
San Pedro Sula,Caguas,Honduras,Puerto Rico,4,128.6900024,128.6900024,Second Class,Late delivery
Indaial,Caguas,Brasil,Puerto Rico,3,59.38999939,59.38999939,Second Class,Late delivery
Caracas,Caguas,Venezuela,Puerto Rico,2,128.6900024,128.6900024,Second Class,Shipping on time
Santo Domingo,Caguas,República Dominicana,Puerto Rico,6,127.3899994,127.3899994,Second Class,Late delivery
Juárez,Caguas,México,Puerto Rico,2,127.3899994,127.3899994,Second Class,Shipping on time
Quetzaltenango,Caguas,Guatemala,Puerto Rico,5,127.3899994,127.3899994,Second Class,Late delivery
Guadalajara,Caguas,México,Puerto Rico,5,127.3899994,127.3899994,Second Class,Late delivery
San Pedro Sula,Caguas,Honduras,Puerto Rico,4,127.3899994,127.3899994,Second Class,Late delivery
La Ceiba,Manati,Honduras,Puerto Rico,3,127.3899994,127.3899994,Second Class,Late delivery
Santo Domingo,Caguas,República Dominicana,Puerto Rico,6,126.0899963,126.0899963,Second Class,Late delivery
Miguel Hidalgo,Caguas,México,Puerto Rico,2,58.18999863,58.18999863,Second Class,Shipping on time
León,Caguas,México,Puerto Rico,6,126.0899963,126.0899963,Second Class,Late delivery
Córdoba,Caguas,México,Puerto Rico,6,126.0899963,126.0899963,Second Class,Late delivery
Tijuana,Caguas,México,Puerto Rico,4,126.0899963,126.0899963,Second Class,Late delivery
Tijuana,Caguas,México,Puerto Rico,4,124.7900009,124.7900009,Second Class,Late delivery
Tlalpan,Caguas,México,Puerto Rico,2,124.7900009,124.7900009,Second Class,Shipping on time
Lima,Caguas,Perú,Puerto Rico,6,57.59000015,57.59000015,Second Class,Late delivery
Cabo Frio,Caguas,Brasil,Puerto Rico,2,124.7900009,124.7900009,Second Class,Shipping on time
Mexico City,Caguas,México,Puerto Rico,3,56.99000168,56.99000168,Second Class,Late delivery
Chihuahua,Caguas,México,Puerto Rico,3,56.99000168,56.99000168,Second Class,Late delivery
León,Caguas,Nicaragua,Puerto Rico,4,123.4899979,123.4899979,Second Class,Late delivery
Valinhos,Caguas,Brasil,Puerto Rico,4,56.99000168,56.99000168,Second Class,Late delivery
Buenos Aires,Caguas,Argentina,Puerto Rico,5,123.4899979,123.4899979,Second Class,Late delivery
Zapopan,Caguas,México,Puerto Rico,2,122.8399963,122.8399963,Second Class,Shipping on time
Tlalnepantla,Caguas,México,Puerto Rico,3,122.8399963,122.8399963,Second Class,Late delivery
São Paulo,Caguas,Brasil,Puerto Rico,2,122.8399963,122.8399963,Second Class,Shipping on time
Santiago de Chile,Caguas,Chile,Puerto Rico,4,122.8399963,122.8399963,Second Class,Late delivery
Pirapora,Bayamon,Brasil,Puerto Rico,4,122.8399963,122.8399963,Second Class,Late delivery
Lima,Caguas,Perú,Puerto Rico,5,122.8399963,122.8399963,Second Class,Late delivery
Coyoacán,Caguas,México,Puerto Rico,6,120.8899994,120.8899994,Second Class,Late delivery
San Salvador,Caguas,El Salvador,Puerto Rico,5,120.8899994,120.8899994,Second Class,Late delivery
Obregón,Caguas,México,Puerto Rico,5,120.8899994,120.8899994,Second Class,Late delivery
Lima,Caguas,Perú,Puerto Rico,3,120.8899994,120.8899994,Second Class,Late delivery
El Progreso,Caguas,Honduras,Puerto Rico,5,54.59000015,54.59000015,Second Class,Late delivery
General Escobedo,Caguas,México,Puerto Rico,3,118.2900009,118.2900009,Second Class,Late delivery
Coyoacán,Caguas,México,Puerto Rico,3,118.2900009,118.2900009,Second Class,Late delivery
Ponte Nova,Caguas,Brasil,Puerto Rico,2,54.59000015,54.59000015,Second Class,Shipping on time
Lima,Caguas,Perú,Puerto Rico,3,118.2900009,118.2900009,Second Class,Late delivery
San Luis Río Colorado,Bayamon,México,Puerto Rico,4,116.9899979,116.9899979,Second Class,Late delivery
Coyoacán,Caguas,México,Puerto Rico,3,116.9899979,116.9899979,Second Class,Late delivery
Hermosillo,Caguas,México,Puerto Rico,2,116.9899979,116.9899979,Second Class,Shipping on time
Salvador,Caguas,Brasil,Puerto Rico,6,116.9899979,116.9899979,Second Class,Late delivery
Santo Domingo,Caguas,República Dominicana,Puerto Rico,5,114.3899994,114.3899994,Second Class,Late delivery
Zapopan,Caguas,México,Puerto Rico,3,52.79000092,52.79000092,Second Class,Late delivery
Miguel Hidalgo,Caguas,México,Puerto Rico,2,114.3899994,114.3899994,Second Class,Shipping on time
Irapuato,Caguas,México,Puerto Rico,5,114.3899994,114.3899994,Second Class,Late delivery
Managua,Caguas,Nicaragua,Puerto Rico,6,114.3899994,114.3899994,Second Class,Late delivery
Santo Domingo,Caguas,República Dominicana,Puerto Rico,5,113.0899963,113.0899963,Second Class,Late delivery
Contramaestre,Caguas,Cuba,Puerto Rico,2,113.0899963,113.0899963,Second Class,Shipping on time
Managua,Caguas,Nicaragua,Puerto Rico,4,113.0899963,113.0899963,Second Class,Late delivery
Talcahuano,Caguas,Chile,Puerto Rico,2,113.0899963,113.0899963,Second Class,Shipping on time
Curitiba,Caguas,Brasil,Puerto Rico,6,113.0899963,113.0899963,Second Class,Late delivery
Contramaestre,Caguas,Cuba,Puerto Rico,2,110.4899979,110.4899979,Second Class,Shipping on time
Victoria,Caguas,México,Puerto Rico,6,50.99000168,50.99000168,Second Class,Late delivery
Zapopan,Caguas,México,Puerto Rico,3,110.4899979,110.4899979,Second Class,Late delivery
Reynosa,Caguas,México,Puerto Rico,6,110.4899979,110.4899979,Second Class,Late delivery
Santiago de Chile,Caguas,Chile,Puerto Rico,4,110.4899979,110.4899979,Second Class,Late delivery
Lima,Caguas,Perú,Puerto Rico,2,110.4899979,110.4899979,Second Class,Shipping on time
Bridgetown,Caguas,Barbados,Puerto Rico,3,109.1900024,109.1900024,Second Class,Late delivery
Obregón,Caguas,México,Puerto Rico,5,50.38999939,50.38999939,Second Class,Late delivery
Soyapango,Rio Grande,El Salvador,Puerto Rico,4,109.1900024,109.1900024,Second Class,Late delivery
Córdoba,Caguas,México,Puerto Rico,3,109.1900024,109.1900024,Second Class,Late delivery
São Gonçalo,Caguas,Brasil,Puerto Rico,2,50.38999939,50.38999939,Second Class,Shipping on time
Penedo,Caguas,Brasil,Puerto Rico,4,109.1900024,109.1900024,Second Class,Late delivery
Bogotá,Caguas,Colombia,Puerto Rico,3,109.1900024,109.1900024,Second Class,Late delivery
Moa,Humacao,Cuba,Puerto Rico,4,107.8899994,107.8899994,Second Class,Late delivery
Los Mochis,Caguas,México,Puerto Rico,4,49.18999863,49.18999863,Second Class,Late delivery
San Pedro Sula,Caguas,Honduras,Puerto Rico,5,106.5899963,106.5899963,Second Class,Late delivery
Tegucigalpa,Caguas,Honduras,Puerto Rico,5,106.5899963,106.5899963,Second Class,Late delivery
Panama City,Caguas,Panamá,Puerto Rico,2,106.5899963,106.5899963,Second Class,Shipping on time
Toluca,Caguas,México,Puerto Rico,3,106.5899963,106.5899963,Second Class,Late delivery
Maracaibo,Mayaguez,Venezuela,Puerto Rico,4,106.5899963,106.5899963,Second Class,Late delivery
Colón,Caguas,Panamá,Puerto Rico,5,47.99000168,47.99000168,Second Class,Late delivery
Los Mochis,Caguas,México,Puerto Rico,4,103.9899979,103.9899979,Second Class,Late delivery
Puebla,Ponce,México,Puerto Rico,4,103.9899979,103.9899979,Second Class,Late delivery
Morelia,Caguas,México,Puerto Rico,6,103.9899979,103.9899979,Second Class,Late delivery
Toluca,Caguas,México,Puerto Rico,3,103.9899979,103.9899979,Second Class,Late delivery
Pilar,Yauco,Brasil,Puerto Rico,3,47.99000168,47.99000168,Second Class,Late delivery
Recife,Caguas,Brasil,Puerto Rico,6,103.9899979,103.9899979,Second Class,Late delivery
Milpa Alta,Caguas,México,Puerto Rico,2,97.48999786,97.48999786,Second Class,Shipping on time
Guacara,Caguas,Venezuela,Puerto Rico,5,97.48999786,97.48999786,Second Class,Late delivery
Medellín,Caguas,Colombia,Puerto Rico,2,97.48999786,97.48999786,Second Class,Shipping on time
Villa Frontera,Caguas,México,Puerto Rico,2,39.99000168,39.99000168,Second Class,Shipping on time
Santa Clara,Caguas,Cuba,Puerto Rico,5,49.5,49.5,Second Class,Late delivery
Madero,Caguas,México,Puerto Rico,6,49.5,49.5,Second Class,Late delivery
Santa Clara,Caguas,Cuba,Puerto Rico,5,39.18999863,39.18999863,Second Class,Late delivery
Tegucigalpa,Caguas,Honduras,Puerto Rico,5,49.0,49.0,Second Class,Late delivery
Juárez,Caguas,México,Puerto Rico,2,48.5,48.5,Second Class,Shipping on time
Puerto La Cruz,Caguas,Venezuela,Puerto Rico,2,48.5,48.5,Second Class,Shipping on time
San Salvador,Caguas,El Salvador,Puerto Rico,2,48.0,48.0,Second Class,Shipping on time
Barranquilla,Caguas,Colombia,Puerto Rico,4,37.99000168,37.99000168,Second Class,Late delivery
Santiago de Chile,Caguas,Chile,Puerto Rico,4,37.99000168,37.99000168,Second Class,Late delivery
Bridgetown,Caguas,Barbados,Puerto Rico,3,37.79000092,37.79000092,Second Class,Late delivery
Managua,Caguas,Nicaragua,Puerto Rico,4,47.25,47.25,Second Class,Late delivery
Tepic,Caguas,México,Puerto Rico,2,45.0,45.0,Second Class,Shipping on time
Pirapora,Bayamon,Brasil,Puerto Rico,4,45.0,45.0,Second Class,Late delivery
Tlalpan,Caguas,México,Puerto Rico,2,44.0,44.0,Second Class,Shipping on time
Iguala,Caguas,México,Puerto Rico,3,34.79000092,34.79000092,Second Class,Late delivery
Managua,Caguas,Nicaragua,Puerto Rico,6,43.5,43.5,Second Class,Late delivery
Santa Clara,Caguas,Cuba,Puerto Rico,6,42.5,42.5,Second Class,Late delivery
Indaial,Caguas,Brasil,Puerto Rico,3,42.5,42.5,Second Class,Late delivery
Reynosa,Caguas,México,Puerto Rico,6,41.5,41.5,Second Class,Late delivery
León,Caguas,México,Puerto Rico,6,41.0,41.0,Second Class,Late delivery
Santo Domingo,Mayaguez,República Dominicana,Puerto Rico,3,23.23999977,23.23999977,Second Class,Late delivery
San Fernando,Caguas,Trinidad y Tobago,Puerto Rico,6,232.4900055,232.4900055,Second Class,Late delivery
Córdoba,Caguas,México,Puerto Rico,3,29.11000061,29.11000061,Second Class,Late delivery
Milpa Alta,Caguas,México,Puerto Rico,2,22.48999977,22.48999977,Second Class,Shipping on time
Soyapango,Rio Grande,El Salvador,Puerto Rico,4,19.98999977,19.98999977,Second Class,Late delivery
San Fernando,Caguas,Trinidad y Tobago,Puerto Rico,6,299.980011,299.980011,Second Class,Late delivery
Tlalpan,Caguas,México,Puerto Rico,6,399.980011,399.980011,Second Class,Late delivery
Panama City,Caguas,Panamá,Puerto Rico,3,399.980011,399.980011,Second Class,Late delivery
Hermosillo,Caguas,México,Puerto Rico,2,399.980011,399.980011,Second Class,Shipping on time
Tlalnepantla,Caguas,México,Puerto Rico,3,296.980011,296.980011,Second Class,Late delivery
Tlalpan,Caguas,México,Puerto Rico,6,395.980011,395.980011,Second Class,Late delivery
Tlaquepaque,Humacao,México,Puerto Rico,4,391.980011,391.980011,Second Class,Late delivery
Talcahuano,Caguas,Chile,Puerto Rico,3,391.980011,391.980011,Second Class,Late delivery
Santo Domingo,Caguas,República Dominicana,Puerto Rico,6,290.980011,290.980011,Second Class,Late delivery
Querétaro,Caguas,México,Puerto Rico,5,290.980011,290.980011,Second Class,Late delivery
Villa Frontera,Caguas,México,Puerto Rico,2,287.980011,287.980011,Second Class,Shipping on time
Ponte Nova,Caguas,Brasil,Puerto Rico,3,287.980011,287.980011,Second Class,Late delivery
Cochabamba,Caguas,Bolivia,Puerto Rico,3,287.980011,287.980011,Second Class,Late delivery
Quetzaltenango,Caguas,Guatemala,Puerto Rico,5,284.980011,284.980011,Second Class,Late delivery
Madero,Caguas,México,Puerto Rico,6,284.980011,284.980011,Second Class,Late delivery
Zapopan,Caguas,México,Puerto Rico,5,379.980011,379.980011,Second Class,Late delivery
Porto Alegre,Caguas,Brasil,Puerto Rico,6,284.980011,284.980011,Second Class,Late delivery
Iguala,Caguas,México,Puerto Rico,3,278.980011,278.980011,Second Class,Late delivery
Querétaro,Caguas,México,Puerto Rico,5,371.980011,371.980011,Second Class,Late delivery
Zapopan,Caguas,México,Puerto Rico,2,371.980011,371.980011,Second Class,Shipping on time
Camagüey,Caguas,Cuba,Puerto Rico,4,272.980011,272.980011,Second Class,Late delivery
Puebla,Ponce,México,Puerto Rico,4,272.980011,272.980011,Second Class,Late delivery
La Ceiba,Manati,Honduras,Puerto Rico,3,363.980011,363.980011,Second Class,Late delivery
Managua,Caguas,Nicaragua,Puerto Rico,6,363.980011,363.980011,Second Class,Late delivery
Cúcuta,Caguas,Colombia,Puerto Rico,2,363.980011,363.980011,Second Class,Shipping on time
Puebla,Ponce,México,Puerto Rico,4,269.980011,269.980011,Second Class,Late delivery
Talcahuano,Caguas,Chile,Puerto Rico,2,269.980011,269.980011,Second Class,Shipping on time
Indaial,Caguas,Brasil,Puerto Rico,3,359.980011,359.980011,Second Class,Late delivery
Maracaibo,Caguas,Venezuela,Puerto Rico,6,359.980011,359.980011,Second Class,Late delivery
Santo Domingo,Caguas,República Dominicana,Puerto Rico,6,351.980011,351.980011,Second Class,Late delivery
Matanzas,Caguas,Cuba,Puerto Rico,3,351.980011,351.980011,Second Class,Late delivery
Tepic,Caguas,México,Puerto Rico,2,263.980011,263.980011,Second Class,Shipping on time
São Paulo,Caguas,Brasil,Puerto Rico,6,263.980011,263.980011,Second Class,Late delivery
Cabo Frio,Caguas,Brasil,Puerto Rico,2,263.980011,263.980011,Second Class,Shipping on time
Buenos Aires,Caguas,Argentina,Puerto Rico,6,351.980011,351.980011,Second Class,Late delivery
Consolación del Sur,Caguas,Cuba,Puerto Rico,3,260.980011,260.980011,Second Class,Late delivery
Guadalajara,Caguas,México,Puerto Rico,2,260.980011,260.980011,Second Class,Shipping on time
Guadalajara,Caguas,México,Puerto Rico,3,260.980011,260.980011,Second Class,Late delivery
Madero,Caguas,México,Puerto Rico,6,347.980011,347.980011,Second Class,Late delivery
São Paulo,Caguas,Brasil,Puerto Rico,6,260.980011,260.980011,Second Class,Late delivery
Limeira,Caguas,Brasil,Puerto Rico,2,260.980011,260.980011,Second Class,Shipping on time
Igarassu,Caguas,Brasil,Puerto Rico,2,260.980011,260.980011,Second Class,Shipping on time
Holguín,Caguas,Cuba,Puerto Rico,4,339.980011,339.980011,Second Class,Late delivery
Juárez,Caguas,México,Puerto Rico,2,254.9799957,254.9799957,Second Class,Shipping on time
Los Mochis,Caguas,México,Puerto Rico,4,254.9799957,254.9799957,Second Class,Late delivery
Tijuana,Caguas,México,Puerto Rico,6,339.980011,339.980011,Second Class,Late delivery
Manizales,Caguas,Colombia,Puerto Rico,6,254.9799957,254.9799957,Second Class,Late delivery
Cúcuta,Caguas,Colombia,Puerto Rico,2,251.9799957,251.9799957,Second Class,Shipping on time
Pirapora,Bayamon,Brasil,Puerto Rico,4,335.980011,335.980011,Second Class,Late delivery
Santiago de los Caballeros,Caguas,República Dominicana,Puerto Rico,5,331.980011,331.980011,Second Class,Late delivery
Mixco,Caguas,Guatemala,Puerto Rico,3,248.9799957,248.9799957,Second Class,Late delivery
Córdoba,Caguas,México,Puerto Rico,6,248.9799957,248.9799957,Second Class,Late delivery
Managua,Caguas,Nicaragua,Puerto Rico,4,248.9799957,248.9799957,Second Class,Late delivery
Tuxtla Gutiérrez,Caguas,México,Puerto Rico,2,248.9799957,248.9799957,Second Class,Shipping on time
Guasave,Caguas,México,Puerto Rico,6,248.9799957,248.9799957,Second Class,Late delivery
Mérida,Caguas,México,Puerto Rico,5,248.9799957,248.9799957,Second Class,Late delivery
Managua,Caguas,Nicaragua,Puerto Rico,2,248.9799957,248.9799957,Second Class,Shipping on time
Bridgetown,Caguas,Barbados,Puerto Rico,3,245.9799957,245.9799957,Second Class,Late delivery
Zapopan,Caguas,México,Puerto Rico,3,245.9799957,245.9799957,Second Class,Late delivery
Guasave,Caguas,México,Puerto Rico,6,245.9799957,245.9799957,Second Class,Late delivery
Managua,Caguas,Nicaragua,Puerto Rico,2,245.9799957,245.9799957,Second Class,Shipping on time
Guadalajara,Caguas,México,Puerto Rico,2,327.980011,327.980011,Second Class,Shipping on time
Buenos Aires,Caguas,Argentina,Puerto Rico,5,245.9799957,245.9799957,Second Class,Late delivery
Ilopango,Caguas,El Salvador,Puerto Rico,5,239.9799957,239.9799957,Second Class,Late delivery
Tegucigalpa,Caguas,Honduras,Puerto Rico,5,239.9799957,239.9799957,Second Class,Late delivery
La Ceiba,Manati,Honduras,Puerto Rico,3,239.9799957,239.9799957,Second Class,Late delivery
Tlalpan,Caguas,México,Puerto Rico,2,239.9799957,239.9799957,Second Class,Shipping on time
Managua,Caguas,Nicaragua,Puerto Rico,2,239.9799957,239.9799957,Second Class,Shipping on time
Morelia,Caguas,México,Puerto Rico,3,224.9900055,224.9900055,Second Class,Late delivery
Managua,Caguas,Nicaragua,Puerto Rico,4,224.9900055,224.9900055,Second Class,Late delivery
Managua,Caguas,Nicaragua,Puerto Rico,2,224.9900055,224.9900055,Second Class,Shipping on time
Zapopan,Caguas,México,Puerto Rico,5,224.9900055,224.9900055,Second Class,Late delivery
Santa Rosa,Caguas,Brasil,Puerto Rico,3,224.9900055,224.9900055,Second Class,Late delivery
Tuxtla Gutiérrez,Caguas,México,Puerto Rico,5,30.44000053,30.44000053,Second Class,Late delivery
Panama City,Caguas,Panamá,Puerto Rico,5,99.98999786,99.98999786,Second Class,Late delivery
Tipitapa,Caguas,Nicaragua,Puerto Rico,3,99.98999786,99.98999786,Second Class,Late delivery
Mexicali,Caguas,México,Puerto Rico,6,129.9900055,129.9900055,Second Class,Late delivery
Pindamonhangaba,Caguas,Brasil,Puerto Rico,5,129.9900055,129.9900055,Second Class,Late delivery
Villa Nueva,Caguas,Guatemala,Puerto Rico,3,59.38999939,59.38999939,Second Class,Late delivery
Mexicali,Caguas,México,Puerto Rico,6,128.6900024,128.6900024,Second Class,Late delivery
Tipitapa,Caguas,Nicaragua,Puerto Rico,3,127.3899994,127.3899994,Second Class,Late delivery
Neiva,Carolina,Colombia,Puerto Rico,2,124.7900009,124.7900009,Second Class,Shipping on time
São Paulo,Caguas,Brasil,Puerto Rico,2,124.7900009,124.7900009,Second Class,Shipping on time
Holguín,Caguas,Cuba,Puerto Rico,2,123.4899979,123.4899979,Second Class,Shipping on time
Irapuato,Caguas,México,Puerto Rico,6,120.8899994,120.8899994,Second Class,Late delivery
San Salvador,Caguas,El Salvador,Puerto Rico,4,118.2900009,118.2900009,Second Class,Late delivery
Barquisimeto,Caguas,Venezuela,Puerto Rico,5,53.99000168,53.99000168,Second Class,Late delivery
Açu,Caguas,Brasil,Puerto Rico,5,116.9899979,116.9899979,Second Class,Late delivery
Yopal,Caguas,Colombia,Puerto Rico,3,109.1900024,109.1900024,Second Class,Late delivery
Yopal,Caguas,Colombia,Puerto Rico,3,107.8899994,107.8899994,Second Class,Late delivery
El Limón,Caguas,Venezuela,Puerto Rico,4,106.5899963,106.5899963,Second Class,Late delivery
Santo Domingo,Caguas,República Dominicana,Puerto Rico,5,97.48999786,97.48999786,Second Class,Late delivery
La Romana,Caguas,República Dominicana,Puerto Rico,6,36.38999939,36.38999939,Second Class,Late delivery
Tlaquepaque,Caguas,México,Puerto Rico,2,33.59000015,33.59000015,Second Class,Shipping on time
Soyapango,Caguas,El Salvador,Puerto Rico,2,391.980011,391.980011,Second Class,Shipping on time
Irapuato,Caguas,México,Puerto Rico,6,290.980011,290.980011,Second Class,Late delivery
Birigui,Caguas,Brasil,Puerto Rico,2,287.980011,287.980011,Second Class,Shipping on time
Soyapango,Caguas,El Salvador,Puerto Rico,2,284.980011,284.980011,Second Class,Shipping on time
Neiva,Carolina,Colombia,Puerto Rico,2,263.980011,263.980011,Second Class,Shipping on time
São Paulo,Caguas,Brasil,Puerto Rico,2,251.9799957,251.9799957,Second Class,Shipping on time
Mexicali,Caguas,México,Puerto Rico,6,319.980011,319.980011,Second Class,Late delivery
Surat,Caguas,India,Puerto Rico,2,1275.0,1275.0,Second Class,Shipping on time
Huaibei,Caguas,China,Puerto Rico,6,1245.0,1245.0,Second Class,Late delivery
Adelaide,Caguas,Australia,Puerto Rico,5,82.70999908,82.70999908,Second Class,Late delivery
Melbourne,Caguas,Australia,Puerto Rico,4,81.87000275,81.87000275,Second Class,Late delivery
Hobart,Caguas,Australia,Puerto Rico,3,78.48999786,78.48999786,Second Class,Late delivery
Sylhet,Caguas,Bangladés,Puerto Rico,6,78.48999786,78.48999786,Second Class,Late delivery
Denpasar,Caguas,Indonesia,Puerto Rico,3,78.48999786,78.48999786,Second Class,Late delivery
Bangalore,Caguas,India,Puerto Rico,5,73.43000031,73.43000031,Second Class,Late delivery
Palembang,Caguas,Indonesia,Puerto Rico,3,63.29999924,63.29999924,Second Class,Late delivery
Wuhan,Caguas,China,Puerto Rico,3,293.0400085,293.0400085,Second Class,Late delivery
Tokio,Caguas,Japón,Puerto Rico,2,287.1799927,287.1799927,Second Class,Shipping on time
Bangkok,Caguas,Tailandia,Puerto Rico,4,243.2200012,243.2200012,Second Class,Late delivery
Hamilton,Caguas,Nueva Zelanda,Puerto Rico,6,98.98999786,98.98999786,Second Class,Late delivery
Astaná,Caguas,Kazajistán,Puerto Rico,2,94.98999786,94.98999786,Second Class,Shipping on time
Geelong,Caguas,Australia,Puerto Rico,3,92.98999786,92.98999786,Second Class,Late delivery
Kulob,Caguas,Tayikistán,Puerto Rico,3,129.9900055,129.9900055,Second Class,Late delivery
Zhanjiang,Caguas,China,Puerto Rico,2,129.9900055,129.9900055,Second Class,Shipping on time
Rasht,Caguas,Irán,Puerto Rico,6,129.9900055,129.9900055,Second Class,Late delivery
Guangzhou,San Juan,China,Puerto Rico,6,128.6900024,128.6900024,Second Class,Late delivery
Lahore,Caguas,Pakistán,Puerto Rico,6,59.38999939,59.38999939,Second Class,Late delivery
Mumbai,Caguas,India,Puerto Rico,2,128.6900024,128.6900024,Second Class,Shipping on time
Riyadh,Caguas,Arabia Saudí,Puerto Rico,3,128.6900024,128.6900024,Second Class,Late delivery
Estambul,Caguas,Turquía,Puerto Rico,2,128.6900024,128.6900024,Second Class,Shipping on time
Tianjin,Caguas,China,Puerto Rico,5,58.79000092,58.79000092,Second Class,Late delivery
Shangqiu,Caguas,China,Puerto Rico,6,127.3899994,127.3899994,Second Class,Late delivery
Gold Coast,Caguas,Australia,Puerto Rico,2,58.79000092,58.79000092,Second Class,Shipping on time
Caloundra,Caguas,Australia,Puerto Rico,3,206.6300049,206.6300049,Second Class,Late delivery
Patna,Caguas,India,Puerto Rico,6,127.3899994,127.3899994,Second Class,Late delivery
Yogyakarta,Caguas,Indonesia,Puerto Rico,3,452.25,452.25,Second Class,Late delivery
Depok,Caguas,Indonesia,Puerto Rico,6,211.5,211.5,Second Class,Late delivery
Basra,Caguas,Irak,Puerto Rico,6,127.3899994,127.3899994,Second Class,Late delivery
Estambul,Caguas,Turquía,Puerto Rico,2,127.3899994,127.3899994,Second Class,Shipping on time
Zhaoqing,Caguas,China,Puerto Rico,4,126.0899963,126.0899963,Second Class,Late delivery
Gold Coast,Caguas,Australia,Puerto Rico,2,58.18999863,58.18999863,Second Class,Shipping on time
Patna,Caguas,India,Puerto Rico,6,58.18999863,58.18999863,Second Class,Late delivery
Lahore,Caguas,Pakistán,Puerto Rico,3,126.0899963,126.0899963,Second Class,Late delivery
Pematangsiantar,Caguas,Indonesia,Puerto Rico,4,126.0899963,126.0899963,Second Class,Late delivery
Liaocheng,Caguas,China,Puerto Rico,5,56.72000122,56.72000122,Second Class,Late delivery
Seúl,Caguas,Corea del Sur,Puerto Rico,6,124.7900009,124.7900009,Second Class,Late delivery
Kwinana,Caguas,Australia,Puerto Rico,6,124.7900009,124.7900009,Second Class,Late delivery
Bishkek,Caguas,Kirguistán,Puerto Rico,5,123.4899979,123.4899979,Second Class,Late delivery
Seúl,Caguas,Corea del Sur,Puerto Rico,6,123.4899979,123.4899979,Second Class,Late delivery
Almaty,Caguas,Kazajistán,Puerto Rico,3,122.8399963,122.8399963,Second Class,Late delivery
Liaocheng,Caguas,China,Puerto Rico,3,55.83000183,55.83000183,Second Class,Late delivery
Seúl,Caguas,Corea del Sur,Puerto Rico,6,122.8399963,122.8399963,Second Class,Late delivery
Zhuhai,Caguas,China,Puerto Rico,6,122.8399963,122.8399963,Second Class,Late delivery
Shanghái,Caguas,China,Puerto Rico,2,122.8399963,122.8399963,Second Class,Shipping on time
Sydney,Caguas,Australia,Puerto Rico,6,122.8399963,122.8399963,Second Class,Late delivery
Rangún,Caguas,Myanmar (Birmania),Puerto Rico,4,56.68999863,56.68999863,Second Class,Late delivery
Pontianak,Caguas,Indonesia,Puerto Rico,6,122.8399963,122.8399963,Second Class,Late delivery
Almaty,Caguas,Kazajistán,Puerto Rico,3,120.8899994,120.8899994,Second Class,Late delivery
Chongqing,Caguas,China,Puerto Rico,2,120.8899994,120.8899994,Second Class,Shipping on time
Sydney,Caguas,Australia,Puerto Rico,5,120.8899994,120.8899994,Second Class,Late delivery
Pematangsiantar,Caguas,Indonesia,Puerto Rico,4,55.79000092,55.79000092,Second Class,Late delivery
Yakarta,Caguas,Indonesia,Puerto Rico,2,120.8899994,120.8899994,Second Class,Shipping on time
Valencia,Caguas,Filipinas,Puerto Rico,5,120.8899994,120.8899994,Second Class,Late delivery
Manila,Caguas,Filipinas,Puerto Rico,3,120.8899994,120.8899994,Second Class,Late delivery
Bundaberg,Caguas,Australia,Puerto Rico,3,191.8699951,191.8699951,Second Class,Late delivery
Basra,Caguas,Irak,Puerto Rico,6,54.59000015,54.59000015,Second Class,Late delivery
Ekibastuz,Caguas,Kazajistán,Puerto Rico,4,53.99000168,53.99000168,Second Class,Late delivery
Palmerston North,Caguas,Nueva Zelanda,Puerto Rico,3,116.9899979,116.9899979,Second Class,Late delivery
Caloundra,Caguas,Australia,Puerto Rico,3,116.9899979,116.9899979,Second Class,Late delivery
Bundaberg,Caguas,Australia,Puerto Rico,4,194.2400055,194.2400055,Second Class,Late delivery
Bangkok,Caguas,Tailandia,Puerto Rico,2,53.99000168,53.99000168,Second Class,Shipping on time
Bangkok,Caguas,Tailandia,Puerto Rico,2,116.9899979,116.9899979,Second Class,Shipping on time
Srinagar,Caguas,India,Puerto Rico,4,189.9199982,189.9199982,Second Class,Late delivery
Gorakhpur,Caguas,India,Puerto Rico,5,189.9199982,189.9199982,Second Class,Late delivery
Homs,Caguas,Siria,Puerto Rico,4,52.79000092,52.79000092,Second Class,Late delivery
Dubbo,Caguas,Australia,Puerto Rico,5,187.7599945,187.7599945,Second Class,Late delivery
Bundaberg,Caguas,Australia,Puerto Rico,2,187.7599945,187.7599945,Second Class,Shipping on time
Lahore,Caguas,Pakistán,Puerto Rico,3,52.18999863,52.18999863,Second Class,Late delivery
Thane,Caguas,India,Puerto Rico,3,52.18999863,52.18999863,Second Class,Late delivery
Lahore,Caguas,Pakistán,Puerto Rico,6,187.7599945,187.7599945,Second Class,Late delivery
Sydney,Caguas,Australia,Puerto Rico,3,50.22000122,50.22000122,Second Class,Late delivery
Benxi,Caguas,China,Puerto Rico,5,109.1900024,109.1900024,Second Class,Late delivery
Ho Chi Minh City,Caguas,Vietnam,Puerto Rico,4,387.6400146,387.6400146,Second Class,Late delivery
Medan,Caguas,Indonesia,Puerto Rico,5,181.2899933,181.2899933,Second Class,Late delivery
Benxi,Caguas,China,Puerto Rico,5,107.8899994,107.8899994,Second Class,Late delivery
Qingdao,Caguas,China,Puerto Rico,2,179.1300049,179.1300049,Second Class,Shipping on time
Canberra,Caguas,Australia,Puerto Rico,4,296.3900146,296.3900146,Second Class,Late delivery
Katoomba,Caguas,Australia,Puerto Rico,3,107.8899994,107.8899994,Second Class,Late delivery
Estambul,Caguas,Turquía,Puerto Rico,3,107.8899994,107.8899994,Second Class,Late delivery
Riyadh,Caguas,Arabia Saudí,Puerto Rico,5,107.8899994,107.8899994,Second Class,Late delivery
Pekín,Caguas,China,Puerto Rico,2,176.9700012,176.9700012,Second Class,Shipping on time
Manila,Caguas,Filipinas,Puerto Rico,2,106.5899963,106.5899963,Second Class,Shipping on time
Dumai,Vega Baja,Indonesia,Puerto Rico,4,106.5899963,106.5899963,Second Class,Late delivery
Riyadh,Caguas,Arabia Saudí,Puerto Rico,5,49.18999863,49.18999863,Second Class,Late delivery
Medina,Manati,Arabia Saudí,Puerto Rico,5,106.5899963,106.5899963,Second Class,Late delivery
Riyadh,Caguas,Arabia Saudí,Puerto Rico,5,106.5899963,106.5899963,Second Class,Late delivery
Qingdao,Caguas,China,Puerto Rico,4,168.6799927,168.6799927,Second Class,Late delivery
Mumbai,Caguas,India,Puerto Rico,2,47.99000168,47.99000168,Second Class,Shipping on time
Manila,Caguas,Filipinas,Puerto Rico,2,285.6799927,285.6799927,Second Class,Shipping on time
Ho Chi Minh City,Caguas,Vietnam,Puerto Rico,2,369.1799927,369.1799927,Second Class,Shipping on time
Malang,Caguas,Indonesia,Puerto Rico,3,369.1799927,369.1799927,Second Class,Late delivery
Palembang,Caguas,Indonesia,Puerto Rico,2,103.9899979,103.9899979,Second Class,Shipping on time
Bogor,Caguas,Indonesia,Puerto Rico,5,172.6600037,172.6600037,Second Class,Late delivery
Riyadh,Caguas,Arabia Saudí,Puerto Rico,5,47.99000168,47.99000168,Second Class,Late delivery
Sanliurfa,Caguas,Turquía,Puerto Rico,4,103.9899979,103.9899979,Second Class,Late delivery
Zhanjiang,Caguas,China,Puerto Rico,2,97.48999786,97.48999786,Second Class,Shipping on time
Kwinana,Caguas,Australia,Puerto Rico,6,158.1399994,158.1399994,Second Class,Late delivery
Geelong,Caguas,Australia,Puerto Rico,3,97.48999786,97.48999786,Second Class,Late delivery
Rasht,Caguas,Irán,Puerto Rico,6,97.48999786,97.48999786,Second Class,Late delivery
Chennai,Caguas,India,Puerto Rico,6,97.48999786,97.48999786,Second Class,Late delivery
Varanasi,Caguas,India,Puerto Rico,4,97.48999786,97.48999786,Second Class,Late delivery
Yakarta,Caguas,Indonesia,Puerto Rico,5,346.1099854,346.1099854,Second Class,Late delivery
Yakarta,Caguas,Indonesia,Puerto Rico,4,158.1399994,158.1399994,Second Class,Late delivery
Palembang,Caguas,Indonesia,Puerto Rico,2,97.48999786,97.48999786,Second Class,Shipping on time
Dewas,Caguas,India,Puerto Rico,5,50.0,50.0,Second Class,Late delivery
Auckland,Caguas,Nueva Zelanda,Puerto Rico,4,49.5,49.5,Second Class,Late delivery
Amritsar,Caguas,India,Puerto Rico,6,49.5,49.5,Second Class,Late delivery
Lahore,Caguas,Pakistán,Puerto Rico,6,49.5,49.5,Second Class,Late delivery
Fushun,Caguas,China,Puerto Rico,3,49.0,49.0,Second Class,Late delivery
Katoomba,Caguas,Australia,Puerto Rico,3,48.5,48.5,Second Class,Late delivery
Shangqiu,Caguas,China,Puerto Rico,6,48.0,48.0,Second Class,Late delivery
Geelong,Caguas,Australia,Puerto Rico,3,38.38999939,38.38999939,Second Class,Late delivery
Basra,Caguas,Irak,Puerto Rico,5,37.99000168,37.99000168,Second Class,Late delivery
Bagdad,Caguas,Irak,Puerto Rico,4,28.35000038,28.35000038,Second Class,Late delivery
Guangzhou,Caguas,China,Puerto Rico,4,46.5,46.5,Second Class,Late delivery
Xi'an,Caguas,China,Puerto Rico,2,45.5,45.5,Second Class,Shipping on time
Estambul,Caguas,Turquía,Puerto Rico,3,35.99000168,35.99000168,Second Class,Late delivery
Toowoomba,Caguas,Australia,Puerto Rico,5,44.0,44.0,Second Class,Late delivery
Kulob,Caguas,Tayikistán,Puerto Rico,3,42.5,42.5,Second Class,Late delivery
Mumbai,Caguas,India,Puerto Rico,5,42.5,42.5,Second Class,Late delivery
Manukau City,Caguas,Nueva Zelanda,Puerto Rico,4,33.59000015,33.59000015,Second Class,Late delivery
Al Hillah,Caguas,Irak,Puerto Rico,5,32.79000092,32.79000092,Second Class,Late delivery
Adelaide,Caguas,Australia,Puerto Rico,4,31.98999977,31.98999977,Second Class,Late delivery
Manila,Caguas,Filipinas,Puerto Rico,4,29.98999977,29.98999977,Second Class,Late delivery
Manila,Caguas,Filipinas,Puerto Rico,3,24.98999977,24.98999977,Second Class,Late delivery
Jinan,Caguas,China,Puerto Rico,5,511.2799988,511.2799988,Second Class,Late delivery
Manukau City,Caguas,Nueva Zelanda,Puerto Rico,4,21.73999977,21.73999977,Second Class,Late delivery
Busan,Caguas,Corea del Sur,Puerto Rico,3,16.79000092,16.79000092,Second Class,Late delivery
Dumai,Vega Baja,Indonesia,Puerto Rico,4,43.15000153,43.15000153,Second Class,Late delivery
Surat,Caguas,India,Puerto Rico,2,399.4400024,399.4400024,Second Class,Shipping on time
Ho Chi Minh City,Caguas,Vietnam,Puerto Rico,5,399.4400024,399.4400024,Second Class,Late delivery
Bendigo,Caguas,Australia,Puerto Rico,5,299.980011,299.980011,Second Class,Late delivery
Kakinada,Caguas,India,Puerto Rico,4,399.980011,399.980011,Second Class,Late delivery
Khulna,Caguas,Bangladés,Puerto Rico,2,399.980011,399.980011,Second Class,Shipping on time
Thane,Caguas,India,Puerto Rico,3,296.980011,296.980011,Second Class,Late delivery
Khulna,Caguas,Bangladés,Puerto Rico,2,395.980011,395.980011,Second Class,Shipping on time
Dumai,Vega Baja,Indonesia,Puerto Rico,4,296.980011,296.980011,Second Class,Late delivery
Korba,Caguas,India,Puerto Rico,2,293.980011,293.980011,Second Class,Shipping on time
Hamilton,Caguas,Nueva Zelanda,Puerto Rico,6,290.980011,290.980011,Second Class,Late delivery
Kwinana,Caguas,Australia,Puerto Rico,6,387.980011,387.980011,Second Class,Late delivery
Korba,Caguas,India,Puerto Rico,2,290.980011,290.980011,Second Class,Shipping on time
Bangalore,Caguas,India,Puerto Rico,4,387.980011,387.980011,Second Class,Late delivery
Manila,Caguas,Filipinas,Puerto Rico,4,387.980011,387.980011,Second Class,Late delivery
Tianjin,Caguas,China,Puerto Rico,5,287.980011,287.980011,Second Class,Late delivery
Porirua,Caguas,Nueva Zelanda,Puerto Rico,4,287.980011,287.980011,Second Class,Late delivery
Montpellier,Caguas,Francia,Puerto Rico,2,33.18999863,33.18999863,First Class,Late delivery
Cormeilles-en-Parisis,Caguas,Francia,Puerto Rico,2,299.980011,299.980011,First Class,Late delivery
Dnipropetrovsk,Caguas,Ucrania,Puerto Rico,2,283.480011,283.480011,First Class,Late delivery
Sheffield,Caguas,Reino Unido,Puerto Rico,2,278.980011,278.980011,First Class,Late delivery
Ferrara,Caguas,Italia,Puerto Rico,2,371.980011,371.980011,First Class,Late delivery
Maisons-Alfort,Caguas,Francia,Puerto Rico,2,363.980011,363.980011,First Class,Late delivery
Glasgow,Caguas,Reino Unido,Puerto Rico,2,260.980011,260.980011,First Class,Late delivery
Nice,Caguas,Francia,Puerto Rico,2,260.980011,260.980011,First Class,Late delivery
Valladolid,Caguas,España,Puerto Rico,2,254.9799957,254.9799957,First Class,Late delivery
Turin,Caguas,Italia,Puerto Rico,2,251.9799957,251.9799957,First Class,Late delivery
Saint-Michel-sur-Orge,Caguas,Francia,Puerto Rico,2,331.980011,331.980011,First Class,Late delivery
Herne,Caguas,Alemania,Puerto Rico,2,331.980011,331.980011,First Class,Late delivery
Sheffield,Caguas,Reino Unido,Puerto Rico,2,327.980011,327.980011,First Class,Late delivery
Herne,Caguas,Alemania,Puerto Rico,2,327.980011,327.980011,First Class,Late delivery
Trier,Caguas,Alemania,Puerto Rico,2,224.9900055,224.9900055,First Class,Late delivery
Bolton,Caguas,Reino Unido,Puerto Rico,2,29.37000084,29.37000084,First Class,Late delivery
Berlín,Caguas,Alemania,Puerto Rico,2,27.96999931,27.96999931,First Class,Late delivery
Wilhelmshaven,Caguas,Alemania,Puerto Rico,2,9.260000229,9.260000229,First Class,Late delivery
Chihuahua,Caguas,México,Puerto Rico,2,98.98999786,98.98999786,First Class,Late delivery
Manaus,Caguas,Brasil,Puerto Rico,2,84.98999786,84.98999786,First Class,Late delivery
Santo Domingo,Caguas,República Dominicana,Puerto Rico,2,83.98999786,83.98999786,First Class,Late delivery
Vassouras,Caguas,Brasil,Puerto Rico,2,81.98999786,81.98999786,First Class,Late delivery
Hermosillo,Caguas,México,Puerto Rico,2,129.9900055,129.9900055,First Class,Late delivery
Brasília,Caguas,Brasil,Puerto Rico,2,128.6900024,128.6900024,First Class,Late delivery
Mixco,Caguas,Guatemala,Puerto Rico,2,127.3899994,127.3899994,First Class,Late delivery
Santiago de Chile,Caguas,Chile,Puerto Rico,2,127.3899994,127.3899994,First Class,Late delivery
Puerto Padre,Caguas,Cuba,Puerto Rico,2,126.0899963,126.0899963,First Class,Late delivery
La Romana,Caguas,República Dominicana,Puerto Rico,2,124.7900009,124.7900009,First Class,Late delivery
Pirapora,Caguas,Brasil,Puerto Rico,2,118.2900009,118.2900009,First Class,Late delivery
Santo Domingo,Caguas,República Dominicana,Puerto Rico,2,116.9899979,116.9899979,First Class,Late delivery
Puebla,Caguas,México,Puerto Rico,2,116.9899979,116.9899979,First Class,Late delivery
Santo Domingo,Caguas,República Dominicana,Puerto Rico,2,114.3899994,114.3899994,First Class,Late delivery
Vassouras,Caguas,Brasil,Puerto Rico,2,113.0899963,113.0899963,First Class,Late delivery
Les Abymes,Caguas,Guadalupe,Puerto Rico,2,50.99000168,50.99000168,First Class,Late delivery
Colima,Caguas,México,Puerto Rico,2,109.1900024,109.1900024,First Class,Late delivery
Colima,Caguas,México,Puerto Rico,2,107.8899994,107.8899994,First Class,Late delivery
Santo Domingo,Caguas,República Dominicana,Puerto Rico,2,103.9899979,103.9899979,First Class,Late delivery
Santiago de Chile,Caguas,Chile,Puerto Rico,2,44.99000168,44.99000168,First Class,Late delivery
Nova Serrana,Caguas,Brasil,Puerto Rico,2,97.48999786,97.48999786,First Class,Late delivery
Fortaleza,Caguas,Brasil,Puerto Rico,2,49.5,49.5,First Class,Late delivery
Santo Domingo,Caguas,República Dominicana,Puerto Rico,2,49.0,49.0,First Class,Late delivery
Huancayo,Caguas,Perú,Puerto Rico,2,38.38999939,38.38999939,First Class,Late delivery
Mixco,Caguas,Guatemala,Puerto Rico,2,35.18999863,35.18999863,First Class,Late delivery
Manaus,Caguas,Brasil,Puerto Rico,2,35.18999863,35.18999863,First Class,Late delivery
Paraná,Caguas,Argentina,Puerto Rico,2,42.5,42.5,First Class,Late delivery
Chihuahua,Caguas,México,Puerto Rico,2,40.0,40.0,First Class,Late delivery
Apopa,Caguas,El Salvador,Puerto Rico,2,399.980011,399.980011,First Class,Late delivery
Santiago de Cuba,Caguas,Cuba,Puerto Rico,2,395.980011,395.980011,First Class,Late delivery
Monterrey,Caguas,México,Puerto Rico,2,296.980011,296.980011,First Class,Late delivery
Mixco,Caguas,Guatemala,Puerto Rico,2,296.980011,296.980011,First Class,Late delivery
León,Caguas,Nicaragua,Puerto Rico,2,383.980011,383.980011,First Class,Late delivery
Quetzaltenango,Caguas,Guatemala,Puerto Rico,2,284.980011,284.980011,First Class,Late delivery
Fortaleza,Caguas,Brasil,Puerto Rico,2,284.980011,284.980011,First Class,Late delivery
Huancayo,Caguas,Perú,Puerto Rico,2,284.980011,284.980011,First Class,Late delivery
Mixco,Caguas,Guatemala,Puerto Rico,2,283.480011,283.480011,First Class,Late delivery
Quetzaltenango,Caguas,Guatemala,Puerto Rico,2,377.980011,377.980011,First Class,Late delivery
León,Caguas,Nicaragua,Puerto Rico,2,269.980011,269.980011,First Class,Late delivery
Hermosillo,Caguas,México,Puerto Rico,2,359.980011,359.980011,First Class,Late delivery
Manaus,Caguas,Brasil,Puerto Rico,2,351.980011,351.980011,First Class,Late delivery
Santo Domingo,Caguas,República Dominicana,Puerto Rico,2,251.9799957,251.9799957,First Class,Late delivery
Santo Domingo,Caguas,República Dominicana,Puerto Rico,2,327.980011,327.980011,First Class,Late delivery
Apopa,Caguas,El Salvador,Puerto Rico,2,299.9899902,299.9899902,First Class,Late delivery
Gorakhpur,Rio Grande,India,Puerto Rico,2,246.1499939,246.1499939,First Class,Late delivery
Yunyang,Humacao,China,Puerto Rico,2,83.98999786,83.98999786,First Class,Late delivery
Ashdod,Caguas,Israel,Puerto Rico,2,127.3899994,127.3899994,First Class,Late delivery
Hohhot,Caguas,China,Puerto Rico,2,124.7900009,124.7900009,First Class,Late delivery
Wellington,Caguas,Nueva Zelanda,Puerto Rico,2,57.59000015,57.59000015,First Class,Late delivery
Pune,Caguas,India,Puerto Rico,2,56.99000168,56.99000168,First Class,Late delivery
Pune,Caguas,India,Puerto Rico,2,123.4899979,123.4899979,First Class,Late delivery
Fengcheng,Caguas,China,Puerto Rico,2,122.8399963,122.8399963,First Class,Late delivery
Caloocan,Toa Alta,Filipinas,Puerto Rico,2,122.8399963,122.8399963,First Class,Late delivery
Caloocan,Toa Alta,Filipinas,Puerto Rico,2,120.8899994,120.8899994,First Class,Late delivery
Auckland,Caguas,Nueva Zelanda,Puerto Rico,2,118.2900009,118.2900009,First Class,Late delivery
Hobart,Caguas,Australia,Puerto Rico,2,50.38999939,50.38999939,First Class,Late delivery
Port Moresby,Caguas,Papúa Nueva Guinea,Puerto Rico,2,109.1900024,109.1900024,First Class,Late delivery
Fukuyama,Caguas,Japón,Puerto Rico,2,107.8899994,107.8899994,First Class,Late delivery
Yakarta,Caguas,Indonesia,Puerto Rico,2,107.8899994,107.8899994,First Class,Late delivery
Yunyang,Humacao,China,Puerto Rico,2,103.9899979,103.9899979,First Class,Late delivery
Nagpur,Vega Baja,India,Puerto Rico,2,45.0,45.0,First Class,Late delivery
Sydney,Caguas,Australia,Puerto Rico,2,42.0,42.0,First Class,Late delivery
Bagdad,Caguas,Irak,Puerto Rico,2,33.59000015,33.59000015,First Class,Late delivery
Bangkok,Caguas,Tailandia,Puerto Rico,2,290.980011,290.980011,First Class,Late delivery
Jeddah,Caguas,Arabia Saudí,Puerto Rico,2,290.980011,290.980011,First Class,Late delivery
Bangkok,Caguas,Tailandia,Puerto Rico,2,287.980011,287.980011,First Class,Late delivery
Changzhou,Caguas,China,Puerto Rico,2,284.980011,284.980011,First Class,Late delivery
Turgutlu,Caguas,Turquía,Puerto Rico,2,283.480011,283.480011,First Class,Late delivery
Tongchuan,Caguas,China,Puerto Rico,2,371.980011,371.980011,First Class,Late delivery
Pune,Caguas,India,Puerto Rico,2,278.980011,278.980011,First Class,Late delivery
Turgutlu,Caguas,Turquía,Puerto Rico,2,278.980011,278.980011,First Class,Late delivery
Bandung,Caguas,Indonesia,Puerto Rico,2,359.980011,359.980011,First Class,Late delivery
Shenyang,Caguas,China,Puerto Rico,2,254.9799957,254.9799957,First Class,Late delivery
Tiflis,Caguas,Georgia,Puerto Rico,2,248.9799957,248.9799957,First Class,Late delivery
Sydney,Toa Alta,Australia,Puerto Rico,2,239.9799957,239.9799957,First Class,Late delivery
Sydney,Caguas,Australia,Puerto Rico,2,10.15999985,10.15999985,First Class,Late delivery
Sydney,Caguas,Australia,Puerto Rico,2,221.5500031,221.5500031,First Class,Late delivery
New York City,Caguas,Estados Unidos,Puerto Rico,2,24.48999977,24.48999977,First Class,Late delivery
Seattle,Caguas,Estados Unidos,Puerto Rico,2,123.4899979,123.4899979,First Class,Late delivery
New York City,Caguas,Estados Unidos,Puerto Rico,2,120.8899994,120.8899994,First Class,Late delivery
Smyrna,Caguas,Estados Unidos,Puerto Rico,2,120.8899994,120.8899994,First Class,Late delivery
Smyrna,Caguas,Estados Unidos,Puerto Rico,2,118.2900009,118.2900009,First Class,Late delivery
Seattle,Caguas,Estados Unidos,Puerto Rico,2,54.59000015,54.59000015,First Class,Late delivery
Dallas,Caguas,Estados Unidos,Puerto Rico,2,50.99000168,50.99000168,First Class,Late delivery
North York,Caguas,Canada,Puerto Rico,2,107.8899994,107.8899994,First Class,Late delivery
New York City,Caguas,Estados Unidos,Puerto Rico,2,40.0,40.0,First Class,Late delivery
Gilbert,Caguas,Estados Unidos,Puerto Rico,2,24.23999977,24.23999977,First Class,Late delivery
New York City,Caguas,Estados Unidos,Puerto Rico,2,283.480011,283.480011,First Class,Late delivery
Smyrna,Caguas,Estados Unidos,Puerto Rico,2,278.980011,278.980011,First Class,Late delivery
Wilmington,Caguas,Estados Unidos,Puerto Rico,2,251.9799957,251.9799957,First Class,Late delivery
Wilmington,Caguas,Estados Unidos,Puerto Rico,2,248.9799957,248.9799957,First Class,Late delivery
Peoria,Caguas,Estados Unidos,Puerto Rico,2,248.9799957,248.9799957,First Class,Late delivery
Cape Town,Caguas,SudAfrica,Puerto Rico,2,169.9799957,169.9799957,First Class,Late delivery
Ibadan,Caguas,Nigeria,Puerto Rico,2,98.37999725,98.37999725,First Class,Late delivery
Ibadan,Caguas,Nigeria,Puerto Rico,2,96.0,96.0,First Class,Late delivery
Katsina,Caguas,Nigeria,Puerto Rico,2,95.0,95.0,First Class,Late delivery
Cesena,Caguas,Italia,Puerto Rico,2,99.58000183,99.58000183,First Class,Late delivery
Sheffield,Caguas,Reino Unido,Puerto Rico,2,89.98999786,89.98999786,First Class,Late delivery
Cognac,Caguas,Francia,Puerto Rico,2,99.0,99.0,First Class,Late delivery
Karlstad,Caguas,Suecia,Puerto Rico,2,95.0,95.0,First Class,Late delivery
Sheffield,Caguas,Reino Unido,Puerto Rico,2,75.58000183,75.58000183,First Class,Late delivery
Farnborough,Caguas,Reino Unido,Puerto Rico,2,82.0,82.0,First Class,Late delivery
León,Caguas,Nicaragua,Puerto Rico,2,197.9799957,197.9799957,First Class,Late delivery
Barranquilla,Caguas,Colombia,Puerto Rico,2,181.9799957,181.9799957,First Class,Late delivery
Apopa,Caguas,El Salvador,Puerto Rico,2,82.45999908,82.45999908,First Class,Late delivery
Monterrey,Caguas,México,Puerto Rico,2,149.9900055,149.9900055,First Class,Late delivery
Chihuahua,Caguas,México,Puerto Rico,2,117.5800018,117.5800018,First Class,Late delivery
Toluca,Caguas,México,Puerto Rico,2,113.9800034,113.9800034,First Class,Late delivery
Puerto Padre,Caguas,Cuba,Puerto Rico,2,107.9800034,107.9800034,First Class,Late delivery
San Nicolás de los Arroyos,Caguas,Argentina,Puerto Rico,2,89.98999786,89.98999786,First Class,Late delivery
Les Abymes,Caguas,Guadalupe,Puerto Rico,2,99.0,99.0,First Class,Late delivery
Buenos Aires,Caguas,Argentina,Puerto Rico,2,98.0,98.0,First Class,Late delivery
Fortaleza,Caguas,Brasil,Puerto Rico,2,75.98000336,75.98000336,First Class,Late delivery
Paraná,Caguas,Argentina,Puerto Rico,2,75.58000183,75.58000183,First Class,Late delivery
Mixco,Caguas,Guatemala,Puerto Rico,2,87.0,87.0,First Class,Late delivery
Changzhou,Caguas,China,Puerto Rico,2,104.3799973,104.3799973,First Class,Late delivery
Ashdod,Caguas,Israel,Puerto Rico,2,119.9800034,119.9800034,First Class,Late delivery
Sydney,Toa Alta,Australia,Puerto Rico,2,115.1800003,115.1800003,First Class,Late delivery
Hobart,Caguas,Australia,Puerto Rico,2,99.58000183,99.58000183,First Class,Late delivery
Port Moresby,Caguas,Papúa Nueva Guinea,Puerto Rico,2,75.98000336,75.98000336,First Class,Late delivery
Houston,Caguas,Estados Unidos,Puerto Rico,2,95.0,95.0,First Class,Late delivery
Seattle,Caguas,Estados Unidos,Puerto Rico,2,59.5,59.5,First Class,Late delivery
Turin,Caguas,Italia,Puerto Rico,2,224.9799957,224.9799957,First Class,Late delivery
Montpellier,Caguas,Francia,Puerto Rico,2,179.9700012,179.9700012,First Class,Late delivery
Valladolid,Caguas,España,Puerto Rico,2,161.9700012,161.9700012,First Class,Late delivery
Turin,Caguas,Italia,Puerto Rico,2,118.7699966,118.7699966,First Class,Late delivery
Nice,Caguas,Francia,Puerto Rico,2,118.7699966,118.7699966,First Class,Late delivery
Courbevoie,Caguas,Francia,Puerto Rico,2,141.75,141.75,First Class,Late delivery
Farnborough,Caguas,Reino Unido,Puerto Rico,2,101.9700012,101.9700012,First Class,Late delivery
Maisons-Alfort,Caguas,Francia,Puerto Rico,2,100.7699966,100.7699966,First Class,Late delivery
Hamburgo,Caguas,Alemania,Puerto Rico,2,126.0,126.0,First Class,Late delivery
Hermosillo,Caguas,México,Puerto Rico,2,81.90000153,81.90000153,First Class,Late delivery
Paraná,Caguas,Argentina,Puerto Rico,2,272.9700012,272.9700012,First Class,Late delivery
Mixco,Caguas,Guatemala,Puerto Rico,2,260.9700012,260.9700012,First Class,Late delivery
Santo Domingo,Caguas,República Dominicana,Puerto Rico,2,224.9799957,224.9799957,First Class,Late delivery
Coacalco,Caguas,México,Puerto Rico,2,224.9799957,224.9799957,First Class,Late delivery
León,Caguas,México,Puerto Rico,2,174.5700073,174.5700073,First Class,Late delivery
Mixco,Caguas,Guatemala,Puerto Rico,2,170.9700012,170.9700012,First Class,Late delivery
Colima,Caguas,México,Puerto Rico,2,163.7700043,163.7700043,First Class,Late delivery
Apopa,Caguas,El Salvador,Puerto Rico,2,119.9700012,119.9700012,First Class,Late delivery
Pirapora,Caguas,Brasil,Puerto Rico,2,147.0,147.0,First Class,Late delivery
Metepec,Caguas,México,Puerto Rico,2,111.5699997,111.5699997,First Class,Late delivery
Santiago de Chile,Caguas,Chile,Puerto Rico,2,74.97000122,74.97000122,First Class,Late delivery
Quetzaltenango,Caguas,Guatemala,Puerto Rico,2,46.04999924,46.04999924,First Class,Late delivery
Quetzaltenango,Caguas,Guatemala,Puerto Rico,2,137.25,137.25,First Class,Late delivery
Nagpur,Vega Baja,India,Puerto Rico,2,272.9700012,272.9700012,First Class,Late delivery
Sydney,Toa Alta,Australia,Puerto Rico,2,260.9700012,260.9700012,First Class,Late delivery
Fengcheng,Caguas,China,Puerto Rico,2,172.7700043,172.7700043,First Class,Late delivery
Jieyang,Caguas,China,Puerto Rico,2,172.7700043,172.7700043,First Class,Late delivery
Sydney,Caguas,Australia,Puerto Rico,2,134.9799957,134.9799957,First Class,Late delivery
Guangzhou,Caguas,China,Puerto Rico,2,118.7699966,118.7699966,First Class,Late delivery
Shenyang,Caguas,China,Puerto Rico,2,61.47999954,61.47999954,First Class,Late delivery
Houston,Caguas,Estados Unidos,Puerto Rico,2,105.5699997,105.5699997,First Class,Late delivery
Philadelphia,Caguas,Estados Unidos,Puerto Rico,2,127.5,127.5,First Class,Late delivery
Dallas,Caguas,Estados Unidos,Puerto Rico,2,98.37999725,98.37999725,First Class,Late delivery
Fayún,Caguas,Egipto,Puerto Rico,2,106.2099991,106.2099991,First Class,Late delivery
Dakar,Caguas,Senegal,Puerto Rico,2,148.7599945,148.7599945,First Class,Late delivery
Ibadan,Caguas,Nigeria,Puerto Rico,2,160.0,160.0,First Class,Late delivery
Turin,Caguas,Italia,Puerto Rico,2,235.1600037,235.1600037,First Class,Late delivery
Courbevoie,Caguas,Francia,Puerto Rico,2,232.7599945,232.7599945,First Class,Late delivery
Courbevoie,Caguas,Francia,Puerto Rico,2,230.3600006,230.3600006,First Class,Late delivery
Hamburgo,Caguas,Alemania,Puerto Rico,2,215.9600067,215.9600067,First Class,Late delivery
London,Caguas,Reino Unido,Puerto Rico,2,208.7700043,208.7700043,First Class,Late delivery
Maisons-Alfort,Caguas,Francia,Puerto Rico,2,208.7700043,208.7700043,First Class,Late delivery
Herne,Caguas,Alemania,Puerto Rico,2,187.1600037,187.1600037,First Class,Late delivery
Toluca,Caguas,México,Puerto Rico,2,331.9700012,331.9700012,First Class,Late delivery
Vassouras,Caguas,Brasil,Puerto Rico,2,166.0,166.0,First Class,Late delivery
Colima,Caguas,México,Puerto Rico,2,127.9700012,127.9700012,First Class,Late delivery
Petapa,Caguas,Guatemala,Puerto Rico,2,127.9700012,127.9700012,First Class,Late delivery
Taiping,Caguas,Malasia,Puerto Rico,2,399.9599915,399.9599915,First Class,Late delivery
Yakarta,Caguas,Indonesia,Puerto Rico,2,134.3600006,134.3600006,First Class,Late delivery
Jieyang,Caguas,China,Puerto Rico,2,371.9599915,371.9599915,First Class,Late delivery
Fukuyama,Caguas,Japón,Puerto Rico,2,339.9700012,339.9700012,First Class,Late delivery
Nagpur,Vega Baja,India,Puerto Rico,2,327.9700012,327.9700012,First Class,Late delivery
Tiflis,Caguas,Georgia,Puerto Rico,2,299.9700012,299.9700012,First Class,Late delivery
Bangkok,Caguas,Tailandia,Puerto Rico,2,232.7599945,232.7599945,First Class,Late delivery
Shenyang,Caguas,China,Puerto Rico,2,230.3600006,230.3600006,First Class,Late delivery
Taiping,Caguas,Malasia,Puerto Rico,2,218.3600006,218.3600006,First Class,Late delivery
Bandung,Caguas,Indonesia,Puerto Rico,2,215.9600067,215.9600067,First Class,Late delivery
Yakarta,Caguas,Indonesia,Puerto Rico,2,196.0,196.0,First Class,Late delivery
Fengcheng,Caguas,China,Puerto Rico,2,190.0,190.0,First Class,Late delivery
Bandung,Caguas,Indonesia,Puerto Rico,2,95.0,95.0,First Class,Late delivery
Tiflis,Caguas,Georgia,Puerto Rico,2,190.0,190.0,First Class,Late delivery
Yakarta,Caguas,Indonesia,Puerto Rico,2,151.1600037,151.1600037,First Class,Late delivery
Jieyang,Caguas,China,Puerto Rico,2,143.9600067,143.9600067,First Class,Late delivery
Charlotte,Caguas,Estados Unidos,Puerto Rico,2,196.7700043,196.7700043,First Class,Late delivery
Seattle,Caguas,Estados Unidos,Puerto Rico,2,399.9599915,399.9599915,First Class,Late delivery
Houston,Caguas,Estados Unidos,Puerto Rico,2,239.9600067,239.9600067,First Class,Late delivery
Dallas,Caguas,Estados Unidos,Puerto Rico,2,223.1600037,223.1600037,First Class,Late delivery
Columbia,Caguas,Estados Unidos,Puerto Rico,2,196.7700043,196.7700043,First Class,Late delivery
Franklin,Caguas,Estados Unidos,Puerto Rico,2,200.0,200.0,First Class,Late delivery
Columbus,Caguas,Estados Unidos,Puerto Rico,2,190.0,190.0,First Class,Late delivery
Columbus,Caguas,Estados Unidos,Puerto Rico,2,189.0,189.0,First Class,Late delivery
Bur Sudan,Caguas,Sudán,Puerto Rico,2,232.5,232.5,First Class,Late delivery
Dakar,Caguas,Senegal,Puerto Rico,2,167.9600067,167.9600067,First Class,Late delivery
Ibadan,Caguas,Nigeria,Puerto Rico,2,200.0,200.0,First Class,Late delivery
Herne,Caguas,Alemania,Puerto Rico,2,147.0,147.0,First Class,Late delivery
Ghent,Caguas,Bélgica,Puerto Rico,2,251.9600067,251.9600067,First Class,Late delivery
Valladolid,Caguas,España,Puerto Rico,2,239.9600067,239.9600067,First Class,Late delivery
Valladolid,Caguas,España,Puerto Rico,2,250.0,250.0,First Class,Late delivery
Ploiesti,Caguas,Rumania,Puerto Rico,2,245.0,245.0,First Class,Late delivery
Sheffield,Caguas,Reino Unido,Puerto Rico,2,145.5,145.5,First Class,Late delivery
Cognac,Caguas,Francia,Puerto Rico,2,308.0,308.0,First Class,Late delivery
Montpellier,Caguas,Francia,Puerto Rico,2,205.0,205.0,First Class,Late delivery
Buenos Aires,Caguas,Argentina,Puerto Rico,2,472.4500122,472.4500122,First Class,Late delivery
Buenos Aires,Caguas,Argentina,Puerto Rico,2,228.1300049,228.1300049,First Class,Late delivery
Querétaro,Caguas,México,Puerto Rico,2,278.9500122,278.9500122,First Class,Late delivery
Chihuahua,Caguas,México,Puerto Rico,2,278.9500122,278.9500122,First Class,Late delivery
Lima,Caguas,Perú,Puerto Rico,2,272.9500122,272.9500122,First Class,Late delivery
Mixco,Caguas,Guatemala,Puerto Rico,2,251.9600067,251.9600067,First Class,Late delivery
Tijuana,Caguas,México,Puerto Rico,2,248.9600067,248.9600067,First Class,Late delivery
São Leopoldo,Caguas,Brasil,Puerto Rico,2,242.5,242.5,First Class,Late delivery
Querétaro,Caguas,México,Puerto Rico,2,179.9600067,179.9600067,First Class,Late delivery
Querétaro,Caguas,México,Puerto Rico,2,93.75,93.75,First Class,Late delivery
Shenyang,Caguas,China,Puerto Rico,2,484.9500122,484.9500122,First Class,Late delivery
Port Moresby,Caguas,Papúa Nueva Guinea,Puerto Rico,2,399.9599915,399.9599915,First Class,Late delivery
Bangkok,Caguas,Tailandia,Puerto Rico,2,278.9500122,278.9500122,First Class,Late delivery
Tongchuan,Caguas,China,Puerto Rico,2,272.9500122,272.9500122,First Class,Late delivery
Yakarta,Caguas,Indonesia,Puerto Rico,2,242.5,242.5,First Class,Late delivery
Sydney,Caguas,Australia,Puerto Rico,2,189.9499969,189.9499969,First Class,Late delivery
Yunyang,Humacao,China,Puerto Rico,2,330.75,330.75,First Class,Late delivery
Pune,Caguas,India,Puerto Rico,2,217.5,217.5,First Class,Late delivery
Yakarta,Caguas,Indonesia,Puerto Rico,2,210.0,210.0,First Class,Late delivery
Albury,Caguas,Australia,Puerto Rico,2,187.5,187.5,First Class,Late delivery
Philadelphia,Caguas,Estados Unidos,Puerto Rico,2,374.9599915,374.9599915,First Class,Late delivery
Gilbert,Caguas,Estados Unidos,Puerto Rico,2,245.0,245.0,First Class,Late delivery
New York City,Caguas,Estados Unidos,Puerto Rico,2,225.0,225.0,First Class,Late delivery
Wilmington,Caguas,Estados Unidos,Puerto Rico,2,108.7099991,108.7099991,First Class,Late delivery
Langen,Caguas,Alemania,Puerto Rico,1,230.1199951,230.1199951,Same Day,Late delivery
Klaip?da,Caguas,Lituania,Puerto Rico,1,82.98999786,82.98999786,Same Day,Late delivery
Gothenburg,Caguas,Suecia,Puerto Rico,1,123.4899979,123.4899979,Same Day,Late delivery
Gómel,Caguas,Bielorrusia,Puerto Rico,1,110.4899979,110.4899979,Same Day,Late delivery
Gómel,Caguas,Bielorrusia,Puerto Rico,1,109.1900024,109.1900024,Same Day,Late delivery
Viena,Caguas,Austria,Puerto Rico,0,399.980011,399.980011,Same Day,Shipping on time
Helsinki,Caguas,Finlandia,Puerto Rico,0,379.980011,379.980011,Same Day,Shipping on time
Gothenburg,Caguas,Suecia,Puerto Rico,1,363.980011,363.980011,Same Day,Late delivery
San Sebastian,Caguas,España,Puerto Rico,0,269.980011,269.980011,Same Day,Shipping on time
Southend-on-Sea,Caguas,Reino Unido,Puerto Rico,1,260.980011,260.980011,Same Day,Late delivery
Gothenburg,Caguas,Suecia,Puerto Rico,1,254.9799957,254.9799957,Same Day,Late delivery
London,Caguas,Reino Unido,Puerto Rico,1,29.37000084,29.37000084,Same Day,Late delivery
Buenos Aires,Caguas,Argentina,Puerto Rico,1,87.98999786,87.98999786,Same Day,Late delivery
Petapa,Caguas,Guatemala,Puerto Rico,0,79.98999786,79.98999786,Same Day,Shipping on time
San Justo,Caguas,Argentina,Puerto Rico,1,123.4899979,123.4899979,Same Day,Late delivery
São Paulo,Caguas,Brasil,Puerto Rico,0,106.5899963,106.5899963,Same Day,Shipping on time
Bogotá,Caguas,Colombia,Puerto Rico,1,39.99000168,39.99000168,Same Day,Late delivery
Buenos Aires,Caguas,Argentina,Puerto Rico,1,387.980011,387.980011,Same Day,Late delivery
Buenos Aires,Caguas,Argentina,Puerto Rico,1,283.480011,283.480011,Same Day,Late delivery
San Justo,Caguas,Argentina,Puerto Rico,1,260.980011,260.980011,Same Day,Late delivery
Lianyuan,Caguas,China,Puerto Rico,1,73.43000031,73.43000031,Same Day,Late delivery
Mandurah,Caguas,Australia,Puerto Rico,1,71.73999786,71.73999786,Same Day,Late delivery
Broken Hill,Caguas,Australia,Puerto Rico,0,84.98999786,84.98999786,Same Day,Shipping on time
Sydney,Caguas,Australia,Puerto Rico,0,129.9900055,129.9900055,Same Day,Shipping on time
Taizhou,Caguas,China,Puerto Rico,1,109.1900024,109.1900024,Same Day,Late delivery
Manila,Caguas,Filipinas,Puerto Rico,0,109.1900024,109.1900024,Same Day,Shipping on time
Taizhou,Caguas,China,Puerto Rico,1,107.8899994,107.8899994,Same Day,Late delivery
Broken Hill,Caguas,Australia,Puerto Rico,0,97.48999786,97.48999786,Same Day,Shipping on time
Ankara,Caguas,Turquía,Puerto Rico,0,35.18999863,35.18999863,Same Day,Shipping on time
Broken Hill,Caguas,Australia,Puerto Rico,0,41.5,41.5,Same Day,Shipping on time
Kathmandu,Caguas,Nepal,Puerto Rico,1,479.3200073,479.3200073,Same Day,Late delivery
Sydney,Caguas,Australia,Puerto Rico,0,299.980011,299.980011,Same Day,Shipping on time
Kunming,Caguas,China,Puerto Rico,1,299.9899902,299.9899902,Same Day,Late delivery
Sukabumi,Caguas,Indonesia,Puerto Rico,1,24.86000061,24.86000061,Same Day,Late delivery
Kanpur,Caguas,India,Puerto Rico,1,38.56000137,38.56000137,Same Day,Late delivery
Bijapur,Caguas,India,Puerto Rico,1,246.3099976,246.3099976,Same Day,Late delivery
Raleigh,Caguas,Estados Unidos,Puerto Rico,1,48.0,48.0,Same Day,Late delivery
Raleigh,Caguas,Estados Unidos,Puerto Rico,1,299.980011,299.980011,Same Day,Late delivery
Raleigh,Caguas,Estados Unidos,Puerto Rico,1,296.980011,296.980011,Same Day,Late delivery
Newark,Caguas,Estados Unidos,Puerto Rico,0,278.980011,278.980011,Same Day,Shipping on time
Mwanza,Caguas,Tanzania,Puerto Rico,1,103.8899994,103.8899994,Same Day,Late delivery
Southend-on-Sea,Caguas,Reino Unido,Puerto Rico,1,173.9799957,173.9799957,Same Day,Late delivery
Viena,Caguas,Austria,Puerto Rico,1,95.98000336,95.98000336,Same Day,Late delivery
Gothenburg,Caguas,Suecia,Puerto Rico,1,84.0,84.0,Same Day,Late delivery
Bogotá,Caguas,Colombia,Puerto Rico,1,119.9800034,119.9800034,Same Day,Late delivery
Moca,Caguas,República Dominicana,Puerto Rico,1,111.5800018,111.5800018,Same Day,Late delivery
São Paulo,Caguas,Brasil,Puerto Rico,0,101.9800034,101.9800034,Same Day,Shipping on time
Sydney,Caguas,Australia,Puerto Rico,0,185.9799957,185.9799957,Same Day,Shipping on time
Sydney,Caguas,Australia,Puerto Rico,0,116.3799973,116.3799973,Same Day,Shipping on time
Kuala Lumpur,Caguas,Malasia,Puerto Rico,0,107.9800034,107.9800034,Same Day,Shipping on time
Kunming,Caguas,China,Puerto Rico,1,98.0,98.0,Same Day,Late delivery
Brisbane,Caguas,Australia,Puerto Rico,1,85.0,85.0,Same Day,Late delivery
Taizhou,Caguas,China,Puerto Rico,1,44.97999954,44.97999954,Same Day,Late delivery
Viena,Caguas,Austria,Puerto Rico,1,149.3800049,149.3800049,Same Day,Late delivery
Southend-on-Sea,Caguas,Reino Unido,Puerto Rico,1,109.1699982,109.1699982,Same Day,Late delivery
Huehuetenango,Caguas,Guatemala,Puerto Rico,1,290.9700012,290.9700012,Same Day,Late delivery
Broken Hill,Caguas,Australia,Puerto Rico,0,170.0700073,170.0700073,Same Day,Shipping on time
Manila,Caguas,Filipinas,Puerto Rico,0,163.7700043,163.7700043,Same Day,Shipping on time
Kuala Lumpur,Caguas,Malasia,Puerto Rico,0,100.7699966,100.7699966,Same Day,Shipping on time
Broken Hill,Caguas,Australia,Puerto Rico,0,124.5,124.5,Same Day,Shipping on time
Taizhou,Caguas,China,Puerto Rico,1,67.47000122,67.47000122,Same Day,Late delivery
Viena,Caguas,Austria,Puerto Rico,0,379.9599915,379.9599915,Same Day,Shipping on time
Klaip?da,Caguas,Lituania,Puerto Rico,1,327.9700012,327.9700012,Same Day,Late delivery
Gómel,Caguas,Bielorrusia,Puerto Rico,1,194.0,194.0,Same Day,Late delivery
Gómel,Caguas,Bielorrusia,Puerto Rico,1,192.0,192.0,Same Day,Late delivery
Taizhou,Caguas,China,Puerto Rico,1,347.9700012,347.9700012,Same Day,Late delivery
Manila,Caguas,Filipinas,Puerto Rico,0,150.0,150.0,Same Day,Shipping on time
Mwanza,Caguas,Tanzania,Puerto Rico,1,278.9500122,278.9500122,Same Day,Late delivery
Klaip?da,Caguas,Lituania,Puerto Rico,1,169.9600067,169.9600067,Same Day,Late delivery
Helsinki,Caguas,Finlandia,Puerto Rico,0,205.0,205.0,Same Day,Shipping on time
Klaip?da,Caguas,Lituania,Puerto Rico,1,112.4599991,112.4599991,Same Day,Late delivery
Petapa,Caguas,Guatemala,Puerto Rico,0,142.5,142.5,Same Day,Shipping on time
São Paulo,Caguas,Brasil,Puerto Rico,0,269.9599915,269.9599915,Same Day,Shipping on time
Tegucigalpa,Caguas,Honduras,Puerto Rico,1,232.5,232.5,Same Day,Late delivery
San Justo,Caguas,Argentina,Puerto Rico,1,179.9600067,179.9600067,Same Day,Late delivery
Huehuetenango,Caguas,Guatemala,Puerto Rico,1,163.9600067,163.9600067,Same Day,Late delivery
Tegucigalpa,Caguas,Honduras,Puerto Rico,0,205.0,205.0,Same Day,Shipping on time
San Justo,Caguas,Argentina,Puerto Rico,1,187.5,187.5,Same Day,Late delivery
Antalya,Caguas,Turquía,Puerto Rico,0,287.9500122,287.9500122,Same Day,Shipping on time
Newark,Caguas,Estados Unidos,Puerto Rico,0,187.5,187.5,Same Day,Shipping on time
Fayún,Caguas,Egipto,Puerto Rico,5,44.99000168,44.99000168,Second Class,Late delivery
Lome,Caguas,Togo,Puerto Rico,3,126.0899963,126.0899963,Second Class,Late delivery
Rabat,Caguas,Marruecos,Puerto Rico,5,109.1900024,109.1900024,Second Class,Late delivery
Bulawayo,Caguas,Zimbabue,Puerto Rico,4,97.48999786,97.48999786,Second Class,Late delivery
Lome,Caguas,Togo,Puerto Rico,3,284.980011,284.980011,Second Class,Late delivery
Lome,Caguas,Togo,Puerto Rico,3,283.480011,283.480011,Second Class,Late delivery
Malanje,Caguas,Angola,Puerto Rico,6,254.9799957,254.9799957,Second Class,Late delivery
Northampton,Caguas,Reino Unido,Puerto Rico,6,1365.0,1365.0,Second Class,Late delivery
Madrid,Caguas,España,Puerto Rico,5,97.98999786,97.98999786,Second Class,Late delivery
Nacka,Caguas,Suecia,Puerto Rico,2,86.98999786,86.98999786,Second Class,Shipping on time
Reus,Caguas,España,Puerto Rico,5,24.89999962,24.89999962,Second Class,Late delivery
San Galo,Caguas,Suiza,Puerto Rico,2,74.98999786,74.98999786,Second Class,Shipping on time
Gronau,Caguas,Alemania,Puerto Rico,2,74.98999786,74.98999786,Second Class,Shipping on time
Rennes,Caguas,Francia,Puerto Rico,6,74.98999786,74.98999786,Second Class,Late delivery
Lublin,Caguas,Polonia,Puerto Rico,3,59.99000168,59.99000168,Second Class,Late delivery
Neuilly-sur-Marne,Caguas,Francia,Puerto Rico,5,59.99000168,59.99000168,Second Class,Late delivery
Ufa,Caguas,Rusia,Puerto Rico,4,59.38999939,59.38999939,Second Class,Late delivery
Lublin,Caguas,Polonia,Puerto Rico,3,59.38999939,59.38999939,Second Class,Late delivery
Dublín,Caguas,Irlanda,Puerto Rico,4,127.3899994,127.3899994,Second Class,Late delivery
Girona,Caguas,España,Puerto Rico,4,127.3899994,127.3899994,Second Class,Late delivery
Gronau,Yauco,Alemania,Puerto Rico,4,127.3899994,127.3899994,Second Class,Late delivery
Strasbourg,Caguas,Francia,Puerto Rico,5,126.0899963,126.0899963,Second Class,Late delivery
Gronau,Yauco,Alemania,Puerto Rico,4,126.0899963,126.0899963,Second Class,Late delivery
Irkutsk,Caguas,Rusia,Puerto Rico,6,123.4899979,123.4899979,Second Class,Late delivery
Quimper,Caguas,Francia,Puerto Rico,3,332.1000061,332.1000061,Second Class,Late delivery
Fuenlabrada,Caguas,España,Puerto Rico,3,116.9899979,116.9899979,Second Class,Late delivery
Perugia,Caguas,Italia,Puerto Rico,5,116.9899979,116.9899979,Second Class,Late delivery
Strasbourg,Caguas,Francia,Puerto Rico,5,53.99000168,53.99000168,Second Class,Late delivery
San Galo,Caguas,Suiza,Puerto Rico,2,116.9899979,116.9899979,Second Class,Shipping on time
Cholet,Caguas,Francia,Puerto Rico,3,406.1000061,406.1000061,Second Class,Late delivery
Brandenburgo,Caguas,Alemania,Puerto Rico,5,114.3899994,114.3899994,Second Class,Late delivery
Ufa,Caguas,Rusia,Puerto Rico,4,113.0899963,113.0899963,Second Class,Late delivery
Sandnes,Caguas,Noruega,Puerto Rico,3,113.0899963,113.0899963,Second Class,Late delivery
Rennes,Caguas,Francia,Puerto Rico,2,299.9599915,299.9599915,Second Class,Shipping on time
Messina,Caguas,Italia,Puerto Rico,6,103.9899979,103.9899979,Second Class,Late delivery
Horlivka,Caguas,Ucrania,Puerto Rico,3,39.18999863,39.18999863,Second Class,Late delivery
Perugia,Caguas,Italia,Puerto Rico,5,45.0,45.0,Second Class,Late delivery
Wattrelos,Caguas,Francia,Puerto Rico,5,35.99000168,35.99000168,Second Class,Late delivery
Perugia,Caguas,Italia,Puerto Rico,5,44.0,44.0,Second Class,Late delivery
Mannheim,Caguas,Alemania,Puerto Rico,5,58.09999847,58.09999847,Second Class,Late delivery
Jerusalén,Morristown,Israel,EE. UU.,2,299.980011,299.980011,Standard Class,Advance shipping
Tianjin,Porterville,China,EE. UU.,4,296.980011,296.980011,Standard Class,Shipping on time
Shanghái,Lake Forest,China,EE. UU.,5,296.980011,296.980011,Standard Class,Late delivery
Pekín,Bronx,China,EE. UU.,3,296.980011,296.980011,Standard Class,Advance shipping
Suzhou,Brooklyn,China,EE. UU.,2,296.980011,296.980011,Standard Class,Advance shipping
Gold Coast,San Diego,Australia,EE. UU.,4,296.980011,296.980011,Standard Class,Shipping on time
Blenheim,Princeton,Nueva Zelanda,EE. UU.,6,296.980011,296.980011,Standard Class,Late delivery
Melbourne,Salt Lake City,Australia,EE. UU.,3,296.980011,296.980011,Standard Class,Advance shipping
Manila,Ontario,Filipinas,EE. UU.,5,296.980011,296.980011,Standard Class,Late delivery
Caloocan,York,Filipinas,EE. UU.,6,296.980011,296.980011,Standard Class,Late delivery
Zhuhai,Los Angeles,China,EE. UU.,6,391.980011,391.980011,Standard Class,Late delivery
Wuhan,Escondido,China,EE. UU.,2,391.980011,391.980011,Standard Class,Advance shipping
Canberra,Irwin,Australia,EE. UU.,3,293.980011,293.980011,Standard Class,Advance shipping
Townsville,Revere,Australia,EE. UU.,6,391.980011,391.980011,Standard Class,Late delivery
Perth,Brooklyn,Australia,EE. UU.,4,391.980011,391.980011,Standard Class,Shipping on time
Depok,Long Beach,Indonesia,EE. UU.,3,293.980011,293.980011,Standard Class,Advance shipping
Cirebon,Honolulu,Indonesia,EE. UU.,2,293.980011,293.980011,Standard Class,Advance shipping
Nom Pen,Lenoir,Camboya,EE. UU.,5,293.980011,293.980011,Standard Class,Late delivery
Caloocan,York,Filipinas,EE. UU.,6,293.980011,293.980011,Standard Class,Late delivery
Bagdad,Los Angeles,Irak,EE. UU.,5,293.980011,293.980011,Standard Class,Late delivery
Daegu,Los Angeles,Corea del Sur,EE. UU.,4,290.980011,290.980011,Standard Class,Shipping on time
Xiaogan,Chula Vista,China,EE. UU.,6,387.980011,387.980011,Standard Class,Late delivery
Wollongong,Quincy,Australia,EE. UU.,6,290.980011,290.980011,Standard Class,Late delivery
Gold Coast,Honolulu,Australia,EE. UU.,5,387.980011,387.980011,Standard Class,Late delivery
Townsville,Revere,Australia,EE. UU.,6,387.980011,387.980011,Standard Class,Late delivery
Depok,Long Beach,Indonesia,EE. UU.,3,290.980011,290.980011,Standard Class,Advance shipping
Yakarta,Columbia,Indonesia,EE. UU.,5,387.980011,387.980011,Standard Class,Late delivery
Mianyang,San Jose,China,EE. UU.,6,287.980011,287.980011,Standard Class,Late delivery
Atsugacho,Arlington,Japón,EE. UU.,3,287.980011,287.980011,Standard Class,Advance shipping
Dalian,Davis,China,EE. UU.,4,383.980011,383.980011,Standard Class,Shipping on time
Nanchang,Chicago,China,EE. UU.,2,383.980011,383.980011,Standard Class,Advance shipping
Perth,Peoria,Australia,EE. UU.,6,287.980011,287.980011,Standard Class,Late delivery
Canberra,Miami,Australia,EE. UU.,3,287.980011,287.980011,Standard Class,Advance shipping
Wellington,Las Vegas,Nueva Zelanda,EE. UU.,3,287.980011,287.980011,Standard Class,Advance shipping
Gold Coast,Honolulu,Australia,EE. UU.,5,383.980011,383.980011,Standard Class,Late delivery
Jaipur,Lodi,India,EE. UU.,3,287.980011,287.980011,Standard Class,Advance shipping
Korba,Opa Locka,India,EE. UU.,3,287.980011,287.980011,Standard Class,Advance shipping
Probolinggo,Lawrence,Indonesia,EE. UU.,3,287.980011,287.980011,Standard Class,Advance shipping
Makati,South Ozone Park,Filipinas,EE. UU.,6,287.980011,287.980011,Standard Class,Late delivery
Yakarta,Pawtucket,Indonesia,EE. UU.,5,287.980011,287.980011,Standard Class,Late delivery
Bangkok,Lancaster,Tailandia,EE. UU.,6,287.980011,287.980011,Standard Class,Late delivery
Bekasi,El Paso,Indonesia,EE. UU.,3,287.980011,287.980011,Standard Class,Advance shipping
Yakarta,Pawtucket,Indonesia,EE. UU.,5,383.980011,383.980011,Standard Class,Late delivery
Tokio,Garden Grove,Japón,EE. UU.,2,284.980011,284.980011,Standard Class,Advance shipping
Dalian,Davis,China,EE. UU.,4,379.980011,379.980011,Standard Class,Shipping on time
Dalian,Far Rockaway,China,EE. UU.,4,379.980011,379.980011,Standard Class,Shipping on time
Newcastle,Lancaster,Australia,EE. UU.,2,284.980011,284.980011,Standard Class,Advance shipping
Brisbane,Los Angeles,Australia,EE. UU.,4,379.980011,379.980011,Standard Class,Shipping on time
Newcastle,Lancaster,Australia,EE. UU.,2,379.980011,379.980011,Standard Class,Advance shipping
Abadan,El Paso,Irán,EE. UU.,6,284.980011,284.980011,Standard Class,Late delivery
Samarinda,West Covina,Indonesia,EE. UU.,3,284.980011,284.980011,Standard Class,Advance shipping
Surakarta,Miami,Indonesia,EE. UU.,3,379.980011,379.980011,Standard Class,Advance shipping
Pekín,Chicago,China,EE. UU.,2,283.480011,283.480011,Standard Class,Advance shipping
Dalian,Far Rockaway,China,EE. UU.,4,377.980011,377.980011,Standard Class,Shipping on time
Wellington,Rowland Heights,Nueva Zelanda,EE. UU.,2,283.480011,283.480011,Standard Class,Advance shipping
Sydney,Santa Ana,Australia,EE. UU.,2,283.480011,283.480011,Standard Class,Advance shipping
Port Macquarie,Oxnard,Australia,EE. UU.,3,377.980011,377.980011,Standard Class,Advance shipping
Kukatpalli,Mission Viejo,India,EE. UU.,4,283.480011,283.480011,Standard Class,Shipping on time
Malegaon,Salinas,India,EE. UU.,6,283.480011,283.480011,Standard Class,Late delivery
Patna,Elgin,India,EE. UU.,2,283.480011,283.480011,Standard Class,Advance shipping
Las Pinas,Glendale,Filipinas,EE. UU.,3,283.480011,283.480011,Standard Class,Advance shipping
Bangkok,East Brunswick,Tailandia,EE. UU.,5,283.480011,283.480011,Standard Class,Late delivery
Xi'an,Phoenix,China,EE. UU.,4,278.980011,278.980011,Standard Class,Shipping on time
Xinzhou,Westminster,China,EE. UU.,2,278.980011,278.980011,Standard Class,Advance shipping
Dalian,Far Rockaway,China,EE. UU.,4,371.980011,371.980011,Standard Class,Shipping on time
Kanpur,Marrero,India,EE. UU.,6,278.980011,278.980011,Standard Class,Late delivery
Ulhasnagar,Del Rio,India,EE. UU.,5,278.980011,278.980011,Standard Class,Late delivery
Bandung,Fort Worth,Indonesia,EE. UU.,3,278.980011,278.980011,Standard Class,Advance shipping
Valencia,Richmond,Filipinas,EE. UU.,5,371.980011,371.980011,Standard Class,Late delivery
Turgutlu,Brooklyn,Turquía,EE. UU.,2,278.980011,278.980011,Standard Class,Advance shipping
Xinzhou,Westminster,China,EE. UU.,2,272.980011,272.980011,Standard Class,Advance shipping
Changzhi,Azusa,China,EE. UU.,4,272.980011,272.980011,Standard Class,Shipping on time
Changchun,Colorado Springs,China,EE. UU.,6,363.980011,363.980011,Standard Class,Late delivery
Changwon,Billings,Corea del Sur,EE. UU.,2,363.980011,363.980011,Standard Class,Advance shipping
Newcastle,Mission Viejo,Australia,EE. UU.,3,272.980011,272.980011,Standard Class,Advance shipping
Chittagong,New Brunswick,Bangladés,EE. UU.,3,272.980011,272.980011,Standard Class,Advance shipping
Chittagong,Ridgewood,Bangladés,EE. UU.,4,272.980011,272.980011,Standard Class,Shipping on time
Ulhasnagar,Del Rio,India,EE. UU.,5,272.980011,272.980011,Standard Class,Late delivery
Bangkok,Chicago,Tailandia,EE. UU.,3,272.980011,272.980011,Standard Class,Advance shipping
Yakarta,Roseville,Indonesia,EE. UU.,3,272.980011,272.980011,Standard Class,Advance shipping
Valencia,Richmond,Filipinas,EE. UU.,5,363.980011,363.980011,Standard Class,Late delivery
Changzhi,Azusa,China,EE. UU.,4,269.980011,269.980011,Standard Class,Shipping on time
Caloundra,Philadelphia,Australia,EE. UU.,5,359.980011,359.980011,Standard Class,Late delivery
Bangkok,Chicago,Tailandia,EE. UU.,3,269.980011,269.980011,Standard Class,Advance shipping
Baku,Azusa,Azerbaiyán,EE. UU.,4,269.980011,269.980011,Standard Class,Shipping on time
Yanbu al Bahr,Stockbridge,Arabia Saudí,EE. UU.,5,269.980011,269.980011,Standard Class,Late delivery
Bagdad,Ontario,Irak,EE. UU.,4,26.98999977,26.98999977,Standard Class,Shipping on time
Zhuhai,Los Angeles,China,EE. UU.,6,263.980011,263.980011,Standard Class,Late delivery
Daegu,Los Angeles,Corea del Sur,EE. UU.,4,351.980011,351.980011,Standard Class,Shipping on time
Dunedin,Strongsville,Nueva Zelanda,EE. UU.,2,263.980011,263.980011,Standard Class,Advance shipping
Sydney,Baltimore,Australia,EE. UU.,4,351.980011,351.980011,Standard Class,Shipping on time
Khorramabad,Riverside,Irán,EE. UU.,5,263.980011,263.980011,Standard Class,Late delivery
Bhilai,Los Angeles,India,EE. UU.,3,263.980011,263.980011,Standard Class,Advance shipping
Singapur,La Habra,Singapur,EE. UU.,2,263.980011,263.980011,Standard Class,Advance shipping
Baku,Azusa,Azerbaiyán,EE. UU.,4,263.980011,263.980011,Standard Class,Shipping on time
Estambul,Oceanside,Turquía,EE. UU.,3,263.980011,263.980011,Standard Class,Advance shipping
Wuhan,Escondido,China,EE. UU.,2,260.980011,260.980011,Standard Class,Advance shipping
Chaoyang,Rialto,China,EE. UU.,5,260.980011,260.980011,Standard Class,Late delivery
Suzhou,Detroit,China,EE. UU.,6,260.980011,260.980011,Standard Class,Late delivery
Guangzhou,El Paso,China,EE. UU.,2,347.980011,347.980011,Standard Class,Advance shipping
Waitakere,Modesto,Nueva Zelanda,EE. UU.,6,260.980011,260.980011,Standard Class,Late delivery
Mackay,West Covina,Australia,EE. UU.,6,260.980011,260.980011,Standard Class,Late delivery
Townsville,Tustin,Australia,EE. UU.,2,260.980011,260.980011,Standard Class,Advance shipping
Newcastle,Bowling Green,Australia,EE. UU.,6,260.980011,260.980011,Standard Class,Late delivery
Murray Bridge,Aurora,Australia,EE. UU.,2,347.980011,347.980011,Standard Class,Advance shipping
Thane,Costa Mesa,India,EE. UU.,2,260.980011,260.980011,Standard Class,Advance shipping
Delhi,Portland,India,EE. UU.,5,260.980011,260.980011,Standard Class,Late delivery
Singapur,San Diego,Singapur,EE. UU.,2,260.980011,260.980011,Standard Class,Advance shipping
Semarang,Harvey,Indonesia,EE. UU.,4,260.980011,260.980011,Standard Class,Shipping on time
Yakarta,West Lafayette,Indonesia,EE. UU.,4,260.980011,260.980011,Standard Class,Shipping on time
Semarang,Corona,Indonesia,EE. UU.,6,347.980011,347.980011,Standard Class,Late delivery
Riyadh,Bowling Green,Arabia Saudí,EE. UU.,2,260.980011,260.980011,Standard Class,Advance shipping
Thane,Costa Mesa,India,EE. UU.,2,254.9799957,254.9799957,Standard Class,Advance shipping
Manila,Chicago,Filipinas,EE. UU.,4,339.980011,339.980011,Standard Class,Shipping on time
Mosul,Bronx,Irak,EE. UU.,2,254.9799957,254.9799957,Standard Class,Advance shipping
K'ut'aisi,Richardson,Georgia,EE. UU.,6,254.9799957,254.9799957,Standard Class,Late delivery
Soma,Mesquite,Turquía,EE. UU.,3,254.9799957,254.9799957,Standard Class,Advance shipping
Neijiang,Chino,China,EE. UU.,3,251.9799957,251.9799957,Standard Class,Advance shipping
Daejeon,North Hills,Corea del Sur,EE. UU.,6,335.980011,335.980011,Standard Class,Late delivery
Launceston,Burnsville,Australia,EE. UU.,4,251.9799957,251.9799957,Standard Class,Shipping on time
Rockhampton,Brownsville,Australia,EE. UU.,2,335.980011,335.980011,Standard Class,Advance shipping
Manila,Los Angeles,Filipinas,EE. UU.,3,251.9799957,251.9799957,Standard Class,Advance shipping
Semarang,Lithonia,Indonesia,EE. UU.,3,251.9799957,251.9799957,Standard Class,Advance shipping
Singapur,Las Vegas,Singapur,EE. UU.,2,335.980011,335.980011,Standard Class,Advance shipping
Jiangyou,San Diego,China,EE. UU.,6,248.9799957,248.9799957,Standard Class,Late delivery
Shanwei,Chicago,China,EE. UU.,5,331.980011,331.980011,Standard Class,Late delivery
Port Macquarie,Atlanta,Australia,EE. UU.,4,248.9799957,248.9799957,Standard Class,Shipping on time
Launceston,Burnsville,Australia,EE. UU.,4,248.9799957,248.9799957,Standard Class,Shipping on time
Mildura,Albuquerque,Australia,EE. UU.,5,248.9799957,248.9799957,Standard Class,Late delivery
Newcastle,Las Vegas,Australia,EE. UU.,2,248.9799957,248.9799957,Standard Class,Advance shipping
Melbourne,Staten Island,Australia,EE. UU.,3,331.980011,331.980011,Standard Class,Advance shipping
Bangkok,Saint Louis,Tailandia,EE. UU.,4,248.9799957,248.9799957,Standard Class,Shipping on time
Samarinda,West Covina,Indonesia,EE. UU.,3,331.980011,331.980011,Standard Class,Advance shipping
Taiping,Aurora,Malasia,EE. UU.,2,331.980011,331.980011,Standard Class,Advance shipping
Seremban,Miami,Malasia,EE. UU.,2,331.980011,331.980011,Standard Class,Advance shipping
Singapur,Atlanta,Singapur,EE. UU.,6,331.980011,331.980011,Standard Class,Late delivery
Medan,Sacramento,Indonesia,EE. UU.,5,24.88999939,24.88999939,Standard Class,Late delivery
Kütahya,Santa Clara,Turquía,EE. UU.,4,248.9799957,248.9799957,Standard Class,Shipping on time
Ceyhan,Memphis,Turquía,EE. UU.,5,248.9799957,248.9799957,Standard Class,Late delivery
Temirtau,San Antonio,Kazajistán,EE. UU.,6,245.9799957,245.9799957,Standard Class,Late delivery
Shantou,Washington,China,EE. UU.,2,245.9799957,245.9799957,Standard Class,Advance shipping
Newcastle,Ballwin,Australia,EE. UU.,4,245.9799957,245.9799957,Standard Class,Shipping on time
Sydney,Hamilton,Australia,EE. UU.,2,245.9799957,245.9799957,Standard Class,Advance shipping
Newcastle,Chesapeake,Australia,EE. UU.,5,245.9799957,245.9799957,Standard Class,Late delivery
Melbourne,Staten Island,Australia,EE. UU.,3,327.980011,327.980011,Standard Class,Advance shipping
Brisbane,Eugene,Australia,EE. UU.,4,327.980011,327.980011,Standard Class,Shipping on time
Kota,Douglasville,India,EE. UU.,5,245.9799957,245.9799957,Standard Class,Late delivery
Yakarta,Opelousas,Indonesia,EE. UU.,4,245.9799957,245.9799957,Standard Class,Shipping on time
Medan,Rochester,Indonesia,EE. UU.,3,245.9799957,245.9799957,Standard Class,Advance shipping
Changwon,Billings,Corea del Sur,EE. UU.,2,239.9799957,239.9799957,Standard Class,Advance shipping
Sydney,Diamond Bar,Australia,EE. UU.,4,239.9799957,239.9799957,Standard Class,Shipping on time
Sydney,Hamilton,Australia,EE. UU.,2,239.9799957,239.9799957,Standard Class,Advance shipping
Brisbane,Eugene,Australia,EE. UU.,4,319.980011,319.980011,Standard Class,Shipping on time
Kanpur,Valrico,India,EE. UU.,3,239.9799957,239.9799957,Standard Class,Advance shipping
Warangal,Tallahassee,India,EE. UU.,3,239.9799957,239.9799957,Standard Class,Advance shipping
Tiruchchirappalli,San Benito,India,EE. UU.,3,239.9799957,239.9799957,Standard Class,Advance shipping
Thiruvananthapuram,Panorama City,India,EE. UU.,6,319.980011,319.980011,Standard Class,Late delivery
Daca,Santa Ana,Bangladés,EE. UU.,4,319.980011,319.980011,Standard Class,Shipping on time
Pekanbaru,El Paso,Indonesia,EE. UU.,4,239.9799957,239.9799957,Standard Class,Shipping on time
Manila,Tustin,Filipinas,EE. UU.,4,319.980011,319.980011,Standard Class,Shipping on time
Bandung,Lockport,Indonesia,EE. UU.,4,319.980011,319.980011,Standard Class,Shipping on time
Nanyang,Jackson,China,EE. UU.,5,299.9899902,299.9899902,Standard Class,Late delivery
Licheng,Reynoldsburg,China,EE. UU.,2,299.9899902,299.9899902,Standard Class,Advance shipping
Auckland,North Hollywood,Nueva Zelanda,EE. UU.,2,224.9900055,224.9900055,Standard Class,Advance shipping
Wodonga,Carson,Australia,EE. UU.,2,224.9900055,224.9900055,Standard Class,Advance shipping
Rockhampton,Brownsville,Australia,EE. UU.,2,224.9900055,224.9900055,Standard Class,Advance shipping
Melbourne,New Orleans,Australia,EE. UU.,5,299.9899902,299.9899902,Standard Class,Late delivery
Kanpur,Valrico,India,EE. UU.,3,224.9900055,224.9900055,Standard Class,Advance shipping
Aligudarz,Strongsville,Irán,EE. UU.,3,224.9900055,224.9900055,Standard Class,Advance shipping
Parbhani,Sun Valley,India,EE. UU.,3,299.9899902,299.9899902,Standard Class,Advance shipping
Pekanbaru,El Paso,Indonesia,EE. UU.,4,224.9900055,224.9900055,Standard Class,Shipping on time
Denpasar,Virginia Beach,Indonesia,EE. UU.,2,224.9900055,224.9900055,Standard Class,Advance shipping
Manila,Fullerton,Filipinas,EE. UU.,4,299.9899902,299.9899902,Standard Class,Shipping on time
Corlu,Colorado Springs,Turquía,EE. UU.,2,224.9900055,224.9900055,Standard Class,Advance shipping
Sydney,Richardson,Australia,EE. UU.,3,30.45999908,30.45999908,Standard Class,Advance shipping
Sydney,Tempe,Australia,EE. UU.,6,29.84000015,29.84000015,Standard Class,Late delivery
Ranchi,Piscataway,India,EE. UU.,6,28.28000069,28.28000069,Standard Class,Late delivery
Seúl,Memphis,Corea del Sur,EE. UU.,2,260.6499939,260.6499939,Standard Class,Advance shipping
Tamworth,North Las Vegas,Australia,EE. UU.,2,164.3800049,164.3800049,Standard Class,Advance shipping
Agra,Columbia,India,EE. UU.,6,258.0400085,258.0400085,Standard Class,Late delivery
Lucknow,Philadelphia,India,EE. UU.,4,39.34999847,39.34999847,Standard Class,Shipping on time
Gold Coast,Las Vegas,Australia,EE. UU.,6,11.06000042,11.06000042,Standard Class,Late delivery
Bundaberg,Las Vegas,Australia,EE. UU.,5,161.0899963,161.0899963,Standard Class,Late delivery
Canberra,Huntington Beach,Australia,EE. UU.,3,38.95999908,38.95999908,Standard Class,Advance shipping
Pune,West Jordan,India,EE. UU.,6,255.4400024,255.4400024,Standard Class,Late delivery
Darbhanga,Chesapeake,India,EE. UU.,4,255.4400024,255.4400024,Standard Class,Shipping on time
Lucknow,Elmhurst,India,EE. UU.,3,38.95999908,38.95999908,Standard Class,Advance shipping
Hyderabad,San Benito,Pakistán,EE. UU.,5,38.95999908,38.95999908,Standard Class,Late delivery
Yakarta,Chapel Hill,Indonesia,EE. UU.,6,38.95999908,38.95999908,Standard Class,Late delivery
Yakarta,Bellflower,Indonesia,EE. UU.,2,38.56000137,38.56000137,Standard Class,Advance shipping
Seúl,El Paso,Corea del Sur,EE. UU.,5,38.15999985,38.15999985,Standard Class,Late delivery
Canberra,Fargo,Australia,EE. UU.,5,250.2200012,250.2200012,Standard Class,Late delivery
Geelong,Lancaster,Australia,EE. UU.,3,38.15999985,38.15999985,Standard Class,Advance shipping
Pune,Beaverton,India,EE. UU.,4,250.2200012,250.2200012,Standard Class,Shipping on time
Surakarta,Waukegan,Indonesia,EE. UU.,6,250.2200012,250.2200012,Standard Class,Late delivery
Samarinda,Los Angeles,Indonesia,EE. UU.,4,38.15999985,38.15999985,Standard Class,Shipping on time
Bandung,Palmdale,Indonesia,EE. UU.,3,156.1600037,156.1600037,Standard Class,Advance shipping
Kuching,Newark,Malasia,EE. UU.,3,156.1600037,156.1600037,Standard Class,Advance shipping
Gongzhuling,Springfield,China,EE. UU.,4,246.3099976,246.3099976,Standard Class,Shipping on time
Geelong,San Ramon,Australia,EE. UU.,5,155.3399963,155.3399963,Standard Class,Late delivery
Ajmer,College Station,India,EE. UU.,5,37.56000137,37.56000137,Standard Class,Late delivery
Caloocan,Fullerton,Filipinas,EE. UU.,5,246.3099976,246.3099976,Standard Class,Late delivery
Jieshou,Detroit,China,EE. UU.,4,152.8699951,152.8699951,Standard Class,Shipping on time
Gold Coast,Highland Park,Australia,EE. UU.,4,36.97000122,36.97000122,Standard Class,Shipping on time
Gold Coast,Revere,Australia,EE. UU.,5,36.16999817,36.16999817,Standard Class,Late delivery
Las Pinas,Los Angeles,Filipinas,EE. UU.,5,10.27000046,10.27000046,Standard Class,Late delivery
Manila,Salt Lake City,Filipinas,EE. UU.,2,149.5899963,149.5899963,Standard Class,Advance shipping
Surabaya,Orlando,Indonesia,EE. UU.,6,237.1900024,237.1900024,Standard Class,Late delivery
Manila,El Cajon,Filipinas,EE. UU.,6,36.16999817,36.16999817,Standard Class,Late delivery
Kawasaki,Brooklyn,Japón,EE. UU.,3,226.7700043,226.7700043,Standard Class,Advance shipping
Bihar Sharif,Philadelphia,India,EE. UU.,6,226.7700043,226.7700043,Standard Class,Late delivery
Baotou,Bakersfield,China,EE. UU.,3,139.7200012,139.7200012,Standard Class,Advance shipping
Gold Coast,Henderson,Australia,EE. UU.,5,9.600000381,9.600000381,Standard Class,Late delivery
Lanxi,Albuquerque,China,EE. UU.,6,218.9499969,218.9499969,Standard Class,Late delivery
Hobart,Bronx,Australia,EE. UU.,5,138.0800018,138.0800018,Standard Class,Late delivery
Mount Gambier,Woodbridge,Australia,EE. UU.,4,138.0800018,138.0800018,Standard Class,Shipping on time
Yakarta,Phoenix,Indonesia,EE. UU.,4,218.9499969,218.9499969,Standard Class,Shipping on time
Manila,Goleta,Filipinas,EE. UU.,4,33.38999939,33.38999939,Standard Class,Shipping on time
Seremban,Newark,Malasia,EE. UU.,2,33.38999939,33.38999939,Standard Class,Advance shipping
Wenling,Las Vegas,China,EE. UU.,4,9.369999886,9.369999886,Standard Class,Shipping on time
Adelaide,Newark,Australia,EE. UU.,5,9.369999886,9.369999886,Standard Class,Late delivery
Bangkok,Los Angeles,Tailandia,EE. UU.,6,136.4400024,136.4400024,Standard Class,Late delivery
Wuhan,Harvey,China,EE. UU.,6,134.7899933,134.7899933,Standard Class,Late delivery
Tokio,Elk Grove,Japón,EE. UU.,5,32.59999847,32.59999847,Standard Class,Late delivery
Guangzhou,San Marcos,China,EE. UU.,6,32.59999847,32.59999847,Standard Class,Late delivery
Sydney,New York,Australia,EE. UU.,3,134.7899933,134.7899933,Standard Class,Advance shipping
Melbourne,Bronx,Australia,EE. UU.,5,32.59999847,32.59999847,Standard Class,Late delivery
Hyderabad,Cerritos,India,EE. UU.,6,31.79999924,31.79999924,Standard Class,Late delivery
Bangalore,Brooklyn,India,EE. UU.,2,31.79999924,31.79999924,Standard Class,Advance shipping
Yakarta,Tempe,Indonesia,EE. UU.,3,31.79999924,31.79999924,Standard Class,Advance shipping
Korba,Endicott,India,EE. UU.,2,123.2900009,123.2900009,Standard Class,Advance shipping
Pune,Silver Spring,India,EE. UU.,4,195.4900055,195.4900055,Standard Class,Shipping on time
Jalalabad,Fremont,Afganistán,EE. UU.,2,29.80999947,29.80999947,Standard Class,Advance shipping
Yakarta,Kenner,Indonesia,EE. UU.,2,29.80999947,29.80999947,Standard Class,Advance shipping
Manila,Philadelphia,Filipinas,EE. UU.,3,29.80999947,29.80999947,Standard Class,Advance shipping
Geelong,Dorchester Center,Australia,EE. UU.,5,82.70999908,82.70999908,Standard Class,Late delivery
Brisbane,Alhambra,Australia,EE. UU.,2,81.01999664,81.01999664,Standard Class,Advance shipping
Bandung,Dallas,Indonesia,EE. UU.,3,63.29999924,63.29999924,Standard Class,Advance shipping
Melbourne,Fresno,Australia,EE. UU.,5,44.09000015,44.09000015,Standard Class,Late delivery
Medan,Las Vegas,Indonesia,EE. UU.,2,49.18999863,49.18999863,Standard Class,Advance shipping
Kabul,Philadelphia,Afganistán,EE. UU.,3,99.98999786,99.98999786,Standard Class,Advance shipping
Baguio City,Brooklyn,Filipinas,EE. UU.,3,27.70999908,27.70999908,Standard Class,Advance shipping
Basra,Columbus,Irak,EE. UU.,2,97.98999786,97.98999786,Standard Class,Advance shipping
Estambul,Lancaster,Turquía,EE. UU.,5,30.70999908,30.70999908,Standard Class,Late delivery
Canberra,New York,Australia,EE. UU.,6,94.48999786,94.48999786,Standard Class,Late delivery
Fatehpur,Houston,India,EE. UU.,4,92.98999786,92.98999786,Standard Class,Shipping on time
Geelong,Silver Spring,Australia,EE. UU.,3,87.98999786,87.98999786,Standard Class,Advance shipping
Sydney,Fort Washington,Australia,EE. UU.,2,79.98999786,79.98999786,Standard Class,Advance shipping
Melton,Los Angeles,Australia,EE. UU.,4,129.9900055,129.9900055,Standard Class,Shipping on time
Nagpur,South Richmond Hill,India,EE. UU.,3,129.9900055,129.9900055,Standard Class,Advance shipping
Angeles City,Long Beach,Filipinas,EE. UU.,6,129.9900055,129.9900055,Standard Class,Late delivery
Newcastle,Laredo,Australia,EE. UU.,3,128.6900024,128.6900024,Standard Class,Advance shipping
Manila,Los Angeles,Filipinas,EE. UU.,6,353.5299988,353.5299988,Standard Class,Late delivery
Yakarta,Chula Vista,Indonesia,EE. UU.,4,128.6900024,128.6900024,Standard Class,Shipping on time
Depok,Lewisville,Indonesia,EE. UU.,5,128.6900024,128.6900024,Standard Class,Late delivery
Newcastle,Laredo,Australia,EE. UU.,3,127.3899994,127.3899994,Standard Class,Advance shipping
Yakarta,Chula Vista,Indonesia,EE. UU.,4,127.3899994,127.3899994,Standard Class,Shipping on time
Surabaya,Elmhurst,Indonesia,EE. UU.,6,127.3899994,127.3899994,Standard Class,Late delivery
Depok,Lewisville,Indonesia,EE. UU.,5,127.3899994,127.3899994,Standard Class,Late delivery
Perth,Woodbridge,Australia,EE. UU.,2,126.0899963,126.0899963,Standard Class,Advance shipping
Bandung,Columbia,Indonesia,EE. UU.,3,124.7900009,124.7900009,Standard Class,Advance shipping
Bandung,Columbia,Indonesia,EE. UU.,3,123.4899979,123.4899979,Standard Class,Advance shipping
Zanyán,Stamford,Irán,EE. UU.,2,120.8899994,120.8899994,Standard Class,Advance shipping
Hangzhou,Chesapeake,China,EE. UU.,5,118.2900009,118.2900009,Standard Class,Late delivery
Delhi,Los Angeles,India,EE. UU.,3,54.59000015,54.59000015,Standard Class,Advance shipping
Tiruchchirappalli,Mission Viejo,India,EE. UU.,6,118.2900009,118.2900009,Standard Class,Late delivery
Bangkok,Fremont,Tailandia,EE. UU.,6,118.2900009,118.2900009,Standard Class,Late delivery
Perth,Winter Park,Australia,EE. UU.,4,116.9899979,116.9899979,Standard Class,Shipping on time
Kabul,Philadelphia,Afganistán,EE. UU.,3,53.99000168,53.99000168,Standard Class,Advance shipping
Chennai,Simi Valley,India,EE. UU.,3,116.9899979,116.9899979,Standard Class,Advance shipping
Tiruchchirappalli,Mission Viejo,India,EE. UU.,6,116.9899979,116.9899979,Standard Class,Late delivery
Bandung,San Jose,Indonesia,EE. UU.,5,194.2400055,194.2400055,Standard Class,Late delivery
Melbourne,Fresno,Australia,EE. UU.,5,114.3899994,114.3899994,Standard Class,Late delivery
Depok,Riverside,Indonesia,EE. UU.,4,114.3899994,114.3899994,Standard Class,Shipping on time
Busan,San Diego,Corea del Sur,EE. UU.,5,113.0899963,113.0899963,Standard Class,Late delivery
Xinyi,Cypress,China,EE. UU.,4,187.7599945,187.7599945,Standard Class,Shipping on time
Bhavnagar,Philadelphia,India,EE. UU.,5,113.0899963,113.0899963,Standard Class,Late delivery
Bangkok,Fremont,Tailandia,EE. UU.,6,52.18999863,52.18999863,Standard Class,Late delivery
Jiangmen,Sacramento,China,EE. UU.,6,110.4899979,110.4899979,Standard Class,Late delivery
Cairns,Salinas,Australia,EE. UU.,2,110.4899979,110.4899979,Standard Class,Advance shipping
Rangún,Anaheim,Myanmar (Birmania),EE. UU.,6,110.4899979,110.4899979,Standard Class,Late delivery
Jiangmen,Sacramento,China,EE. UU.,6,109.1900024,109.1900024,Standard Class,Late delivery
Caloocan,Brooklyn,Filipinas,EE. UU.,4,177.1100006,177.1100006,Standard Class,Shipping on time
Daqing,Mechanicsburg,China,EE. UU.,3,106.5899963,106.5899963,Standard Class,Advance shipping
Fatehpur,Houston,India,EE. UU.,4,49.18999863,49.18999863,Standard Class,Shipping on time
Bagdad,Fremont,Irak,EE. UU.,6,106.5899963,106.5899963,Standard Class,Late delivery
Tamworth,Chesapeake,Australia,EE. UU.,2,103.9899979,103.9899979,Standard Class,Advance shipping
Shenzhen,Ridgewood,China,EE. UU.,4,97.48999786,97.48999786,Standard Class,Shipping on time
Melton,Los Angeles,Australia,EE. UU.,4,97.48999786,97.48999786,Standard Class,Shipping on time
Tamworth,Gilroy,Australia,EE. UU.,5,97.48999786,97.48999786,Standard Class,Late delivery
Meerut,Fort Lauderdale,India,EE. UU.,6,97.48999786,97.48999786,Standard Class,Late delivery
Ho Chi Minh City,Mchenry,Vietnam,EE. UU.,4,44.99000168,44.99000168,Standard Class,Shipping on time
Angeles City,Long Beach,Filipinas,EE. UU.,6,97.48999786,97.48999786,Standard Class,Late delivery
Manila,Fremont,Filipinas,EE. UU.,5,97.48999786,97.48999786,Standard Class,Late delivery
Geelong,Silver Spring,Australia,EE. UU.,3,39.59000015,39.59000015,Standard Class,Advance shipping
Rockhampton,Kaneohe,Australia,EE. UU.,3,48.0,48.0,Standard Class,Advance shipping
Vadodara,Fort Lauderdale,India,EE. UU.,2,45.5,45.5,Standard Class,Advance shipping
Ho Chi Minh City,Paramount,Vietnam,EE. UU.,4,41.5,41.5,Standard Class,Shipping on time
Newcastle,Laredo,Australia,EE. UU.,3,40.0,40.0,Standard Class,Advance shipping
Kollam,Watsonville,India,EE. UU.,3,484.6499939,484.6499939,Standard Class,Advance shipping
Adelaide,Fort Lauderdale,Australia,EE. UU.,5,479.3200073,479.3200073,Standard Class,Late delivery
Bandung,Columbia,Indonesia,EE. UU.,3,22.48999977,22.48999977,Standard Class,Advance shipping
Melbourne,Middletown,Australia,EE. UU.,4,447.3699951,447.3699951,Standard Class,Shipping on time
Pune,Chicago,India,EE. UU.,5,40.31000137,40.31000137,Standard Class,Late delivery
Pune,Chicago,India,EE. UU.,5,26.22999954,26.22999954,Standard Class,Late delivery
Melbourne,Manchester,Australia,EE. UU.,4,399.4400024,399.4400024,Standard Class,Shipping on time
Ho Chi Minh City,Mchenry,Vietnam,EE. UU.,4,299.980011,299.980011,Standard Class,Shipping on time
Hangu,Bellflower,China,EE. UU.,2,293.980011,293.980011,Standard Class,Advance shipping
Durg,Aurora,India,EE. UU.,6,391.980011,391.980011,Standard Class,Late delivery
Depok,Lewisville,Indonesia,EE. UU.,5,391.980011,391.980011,Standard Class,Late delivery
Gold Coast,Brooklyn,Australia,EE. UU.,3,387.980011,387.980011,Standard Class,Advance shipping
Bandung,Santee,Indonesia,EE. UU.,3,387.980011,387.980011,Standard Class,Advance shipping
Nagpur,South Richmond Hill,India,EE. UU.,3,287.980011,287.980011,Standard Class,Advance shipping
Ipoh,Mount Pleasant,Malasia,EE. UU.,3,383.980011,383.980011,Standard Class,Advance shipping
Nagpur,South Richmond Hill,India,EE. UU.,3,284.980011,284.980011,Standard Class,Advance shipping
Surabaya,Saint Paul,Indonesia,EE. UU.,6,284.980011,284.980011,Standard Class,Late delivery
Medan,Las Vegas,Indonesia,EE. UU.,2,379.980011,379.980011,Standard Class,Advance shipping
Daqing,Mechanicsburg,China,EE. UU.,3,371.980011,371.980011,Standard Class,Advance shipping
Meerut,Fort Lauderdale,India,EE. UU.,6,278.980011,278.980011,Standard Class,Late delivery
Yakarta,Chicago,Indonesia,EE. UU.,4,371.980011,371.980011,Standard Class,Shipping on time
Jiangmen,Sacramento,China,EE. UU.,6,272.980011,272.980011,Standard Class,Late delivery
Brisbane,Kaneohe,Australia,EE. UU.,5,272.980011,272.980011,Standard Class,Late delivery
Mashhad,Los Angeles,Irán,EE. UU.,3,272.980011,272.980011,Standard Class,Advance shipping
Yakarta,Chicago,Indonesia,EE. UU.,4,272.980011,272.980011,Standard Class,Shipping on time
Turkmenabat,Peoria,Turkmenistán,EE. UU.,6,269.980011,269.980011,Standard Class,Late delivery
Brisbane,Kaneohe,Australia,EE. UU.,5,269.980011,269.980011,Standard Class,Late delivery
Canberra,New York,Australia,EE. UU.,6,269.980011,269.980011,Standard Class,Late delivery
Yakarta,Chicago,Indonesia,EE. UU.,4,269.980011,269.980011,Standard Class,Shipping on time
Turkmenabat,Peoria,Turkmenistán,EE. UU.,6,263.980011,263.980011,Standard Class,Late delivery
Albury,Tempe,Australia,EE. UU.,6,351.980011,351.980011,Standard Class,Late delivery
Gold Coast,Hesperia,Australia,EE. UU.,5,351.980011,351.980011,Standard Class,Late delivery
Manila,Apex,Filipinas,EE. UU.,5,260.980011,260.980011,Standard Class,Late delivery
Medina,Mission,Arabia Saudí,EE. UU.,4,260.980011,260.980011,Standard Class,Shipping on time
Gold Coast,Brooklyn,Australia,EE. UU.,3,254.9799957,254.9799957,Standard Class,Advance shipping
Melbourne,Fresno,Australia,EE. UU.,5,335.980011,335.980011,Standard Class,Late delivery
Durg,Aurora,India,EE. UU.,6,251.9799957,251.9799957,Standard Class,Late delivery
Bandar Abbas,Mcallen,Irán,EE. UU.,4,248.9799957,248.9799957,Standard Class,Shipping on time
Tamworth,Gilroy,Australia,EE. UU.,5,327.980011,327.980011,Standard Class,Late delivery
Surabaya,Victorville,Indonesia,EE. UU.,5,239.9799957,239.9799957,Standard Class,Late delivery
Daqing,Mechanicsburg,China,EE. UU.,3,224.9900055,224.9900055,Standard Class,Advance shipping
Lahore,Los Angeles,Pakistán,EE. UU.,4,224.9900055,224.9900055,Standard Class,Shipping on time
Durgapur,Aurora,India,EE. UU.,4,39.34999847,39.34999847,Standard Class,Shipping on time
Yakarta,East Lansing,Indonesia,EE. UU.,5,39.34999847,39.34999847,Standard Class,Late delivery
Adelaide,Bakersfield,Australia,EE. UU.,5,157.8000031,157.8000031,Standard Class,Late delivery
Caloocan,Colorado Springs,Filipinas,EE. UU.,3,144.6499939,144.6499939,Standard Class,Advance shipping
Mount Gambier,Webster,Australia,EE. UU.,6,143.0099945,143.0099945,Standard Class,Late delivery
Kuantan,Santa Ana,Malasia,EE. UU.,5,143.0099945,143.0099945,Standard Class,Late delivery
Whyalla,Los Angeles,Australia,EE. UU.,2,9.600000381,9.600000381,Standard Class,Advance shipping
Traralgon,Jersey City,Australia,EE. UU.,4,136.4400024,136.4400024,Standard Class,Shipping on time
Sydney,Stockbridge,Australia,EE. UU.,5,32.99000168,32.99000168,Standard Class,Late delivery
Sydney,Tallahassee,Australia,EE. UU.,4,131.5,131.5,Standard Class,Shipping on time
San Francisco,San Jose,Estados Unidos,EE. UU.,4,21.73999977,21.73999977,Standard Class,Shipping on time
San Diego,San Antonio,Estados Unidos,EE. UU.,4,98.98999786,98.98999786,Standard Class,Shipping on time
New York City,San Benito,Estados Unidos,EE. UU.,3,97.98999786,97.98999786,Standard Class,Advance shipping
Los Angeles,Brooklyn,Estados Unidos,EE. UU.,6,96.98999786,96.98999786,Standard Class,Late delivery
New York City,New York,Estados Unidos,EE. UU.,4,95.98999786,95.98999786,Standard Class,Shipping on time
Tallahassee,Sanford,Estados Unidos,EE. UU.,6,95.98999786,95.98999786,Standard Class,Late delivery
Aurora,Chicago,Estados Unidos,EE. UU.,6,95.98999786,95.98999786,Standard Class,Late delivery
New York City,Cordova,Estados Unidos,EE. UU.,6,94.48999786,94.48999786,Standard Class,Late delivery
Salem,Riverside,Estados Unidos,EE. UU.,3,90.98999786,90.98999786,Standard Class,Advance shipping
Fayetteville,Gardena,Estados Unidos,EE. UU.,2,40.93999863,40.93999863,Standard Class,Advance shipping
New York City,Eugene,Estados Unidos,EE. UU.,5,89.98999786,89.98999786,Standard Class,Late delivery
Lisbon,Harlingen,Portugal,EE. UU.,3,239.9600067,239.9600067,Standard Class,Advance shipping
Marseille,Modesto,Francia,EE. UU.,4,239.9600067,239.9600067,Standard Class,Shipping on time
Ponferrada,Alpharetta,España,EE. UU.,6,224.9600067,224.9600067,Standard Class,Late delivery
Irun,Saint Louis,España,EE. UU.,2,224.9600067,224.9600067,Standard Class,Advance shipping
Caen,New York,Francia,EE. UU.,5,224.9600067,224.9600067,Standard Class,Late delivery
Naples,Carlsbad,Italia,EE. UU.,3,250.0,250.0,Standard Class,Advance shipping
Arezzo,Fresno,Italia,EE. UU.,6,250.0,250.0,Standard Class,Late delivery
Acireale,Las Vegas,Italia,EE. UU.,6,250.0,250.0,Standard Class,Late delivery
Kaluga,Greenville,Rusia,EE. UU.,4,245.0,245.0,Standard Class,Shipping on time
Frankfurt,Simi Valley,Alemania,EE. UU.,3,242.5,242.5,Standard Class,Advance shipping
Halle,Lombard,Alemania,EE. UU.,3,242.5,242.5,Standard Class,Advance shipping
Reggio nell'Emilia,Philadelphia,Italia,EE. UU.,6,191.9499969,191.9499969,Standard Class,Late delivery
Reggio nell'Emilia,Philadelphia,Italia,EE. UU.,6,236.25,236.25,Standard Class,Late delivery
Paris,Phoenix,Francia,EE. UU.,4,236.25,236.25,Standard Class,Shipping on time
Waterlooville,Brooklyn,Reino Unido,EE. UU.,6,232.5,232.5,Standard Class,Late delivery
Herne,Los Angeles,Alemania,EE. UU.,4,185.9499969,185.9499969,Standard Class,Shipping on time
Paris,Phoenix,Francia,EE. UU.,4,232.5,232.5,Standard Class,Shipping on time
Amsterdam,Bountiful,Países Bajos,EE. UU.,4,232.5,232.5,Standard Class,Shipping on time
Walsall,Moreno Valley,Reino Unido,EE. UU.,6,181.9499969,181.9499969,Standard Class,Late delivery
Kaluga,Greenville,Rusia,EE. UU.,4,179.9600067,179.9600067,Standard Class,Shipping on time
Alicante,Endicott,España,EE. UU.,2,175.9600067,175.9600067,Standard Class,Advance shipping
Marseille,Modesto,Francia,EE. UU.,4,220.0,220.0,Standard Class,Shipping on time
Avignon,Chillicothe,Francia,EE. UU.,2,167.9600067,167.9600067,Standard Class,Advance shipping
Dublín,Alameda,Irlanda,EE. UU.,5,165.9600067,165.9600067,Standard Class,Late delivery
Nantes,Sunnyvale,Francia,EE. UU.,6,205.0,205.0,Standard Class,Late delivery
Huddersfield,Bakersfield,Reino Unido,EE. UU.,4,159.9600067,159.9600067,Standard Class,Shipping on time
Turin,Opelousas,Italia,EE. UU.,5,200.0,200.0,Standard Class,Late delivery
Fontainebleau,Stamford,Francia,EE. UU.,5,187.5,187.5,Standard Class,Late delivery
Avignon,Chillicothe,Francia,EE. UU.,2,187.5,187.5,Standard Class,Advance shipping
Getafe,Mission Viejo,España,EE. UU.,3,159.9499969,159.9499969,Standard Class,Advance shipping
Duisburg,Florissant,Alemania,EE. UU.,6,119.9499969,119.9499969,Standard Class,Late delivery
Arezzo,Fresno,Italia,EE. UU.,6,104.9599991,104.9599991,Standard Class,Late delivery
Brindisi,Baltimore,Italia,EE. UU.,3,103.7099991,103.7099991,Standard Class,Advance shipping
Sevastopol,Troy,Ucrania,EE. UU.,5,59.95999908,59.95999908,Standard Class,Late delivery
Salina Cruz,Ridgewood,México,EE. UU.,6,379.9500122,379.9500122,Standard Class,Late delivery
Colón,Ontario,Panamá,EE. UU.,4,377.9500122,377.9500122,Standard Class,Shipping on time
Guayaquil,Washington,Ecuador,EE. UU.,6,359.9599915,359.9599915,Standard Class,Late delivery
Toluca,New York,México,EE. UU.,2,351.9599915,351.9599915,Standard Class,Advance shipping
León,Quincy,México,EE. UU.,2,335.9599915,335.9599915,Standard Class,Advance shipping
Maringá,Las Vegas,Brasil,EE. UU.,5,331.9599915,331.9599915,Standard Class,Late delivery
Mixco,Los Angeles,Guatemala,EE. UU.,3,224.9600067,224.9600067,Standard Class,Advance shipping
Puente Alto,Miami,Chile,EE. UU.,5,131.2100067,131.2100067,Standard Class,Late delivery
San Luis Potosí,New Orleans,México,EE. UU.,6,499.9500122,499.9500122,Standard Class,Late delivery
Villa Nueva,Brooklyn,Guatemala,EE. UU.,3,499.9500122,499.9500122,Standard Class,Advance shipping
Lima,Lancaster,Perú,EE. UU.,5,499.9500122,499.9500122,Standard Class,Late delivery
San Pedro de Macorís,Irving,República Dominicana,EE. UU.,5,494.9500122,494.9500122,Standard Class,Late delivery
Mejicanos,Columbia,El Salvador,EE. UU.,2,494.9500122,494.9500122,Standard Class,Advance shipping
Managua,Florissant,Nicaragua,EE. UU.,4,494.9500122,494.9500122,Standard Class,Shipping on time
Santo Domingo,Brooklyn,República Dominicana,EE. UU.,5,489.9500122,489.9500122,Standard Class,Late delivery
San Pedro Sula,Laguna Hills,Honduras,EE. UU.,6,489.9500122,489.9500122,Standard Class,Late delivery
Monterrey,Miami,México,EE. UU.,4,489.9500122,489.9500122,Standard Class,Shipping on time
León,West Lafayette,Nicaragua,EE. UU.,5,489.9500122,489.9500122,Standard Class,Late delivery
León,West New York,México,EE. UU.,2,489.9500122,489.9500122,Standard Class,Advance shipping
Soyapango,Woodbridge,El Salvador,EE. UU.,3,489.9500122,489.9500122,Standard Class,Advance shipping
San Pedro Sula,Laguna Hills,Honduras,EE. UU.,6,484.9500122,484.9500122,Standard Class,Late delivery
Villa Nueva,San Jose,Guatemala,EE. UU.,4,484.9500122,484.9500122,Standard Class,Shipping on time
Delgado,San Jose,El Salvador,EE. UU.,6,484.9500122,484.9500122,Standard Class,Late delivery
Itaituba,New Albany,Brasil,EE. UU.,2,484.9500122,484.9500122,Standard Class,Advance shipping
Santo Domingo,Troy,República Dominicana,EE. UU.,3,479.9500122,479.9500122,Standard Class,Advance shipping
Piedras Negras,Memphis,México,EE. UU.,6,479.9500122,479.9500122,Standard Class,Late delivery
Rancagua,Watsonville,Chile,EE. UU.,3,479.9500122,479.9500122,Standard Class,Advance shipping
Medellín,West Chester,Colombia,EE. UU.,6,479.9500122,479.9500122,Standard Class,Late delivery
Chinautla,Annapolis,Guatemala,EE. UU.,4,474.9500122,474.9500122,Standard Class,Shipping on time
Villa Nueva,Ithaca,Guatemala,EE. UU.,2,474.9500122,474.9500122,Standard Class,Advance shipping
Buenos Aires,Chicago,Argentina,EE. UU.,3,474.9500122,474.9500122,Standard Class,Advance shipping
Santa Clara,Martinsburg,Cuba,EE. UU.,4,472.4500122,472.4500122,Standard Class,Shipping on time
Choloma,Santa Clara,Honduras,EE. UU.,6,472.4500122,472.4500122,Standard Class,Late delivery
Tegucigalpa,Jacksonville,Honduras,EE. UU.,5,165.3300018,165.3300018,Standard Class,Late delivery
Santo Domingo,Huntington Station,República Dominicana,EE. UU.,3,464.9500122,464.9500122,Standard Class,Advance shipping
Camagüey,Roseburg,Cuba,EE. UU.,3,464.9500122,464.9500122,Standard Class,Advance shipping
David,Brooklyn,Panamá,EE. UU.,5,464.9500122,464.9500122,Standard Class,Late delivery
Managua,Walnut,Nicaragua,EE. UU.,5,454.9500122,454.9500122,Standard Class,Late delivery
Petapa,Carrollton,Guatemala,EE. UU.,3,454.9500122,454.9500122,Standard Class,Advance shipping
Santa Ana,Columbus,El Salvador,EE. UU.,4,145.5500031,145.5500031,Standard Class,Shipping on time
Tegucigalpa,Jacksonville,Honduras,EE. UU.,5,449.9599915,449.9599915,Standard Class,Late delivery
Antiguo Cuscatlán,Mesquite,El Salvador,EE. UU.,5,449.9599915,449.9599915,Standard Class,Late delivery
Vassouras,Clementon,Brasil,EE. UU.,4,449.9599915,449.9599915,Standard Class,Shipping on time
San Pedro Sula,Hialeah,Honduras,EE. UU.,2,439.9599915,439.9599915,Standard Class,Advance shipping
Villa Nueva,Columbia,Guatemala,EE. UU.,5,439.9599915,439.9599915,Standard Class,Late delivery
Managua,Carlisle,Nicaragua,EE. UU.,2,123.1600037,123.1600037,Standard Class,Advance shipping
Manzanillo,Denton,Cuba,EE. UU.,5,434.9599915,434.9599915,Standard Class,Late delivery
Mejicanos,Bismarck,El Salvador,EE. UU.,5,434.9599915,434.9599915,Standard Class,Late delivery
Tegucigalpa,Memphis,Honduras,EE. UU.,3,434.9599915,434.9599915,Standard Class,Advance shipping
Brumado,Jacksonville,Brasil,EE. UU.,3,434.9599915,434.9599915,Standard Class,Advance shipping
Maracaibo,Granite City,Venezuela,EE. UU.,2,434.9599915,434.9599915,Standard Class,Advance shipping
San Fernando,Highland,Trinidad y Tobago,EE. UU.,4,424.9599915,424.9599915,Standard Class,Shipping on time
Reynosa,Brownsville,México,EE. UU.,3,424.9599915,424.9599915,Standard Class,Advance shipping
São Paulo,Stockbridge,Brasil,EE. UU.,5,127.5,127.5,Standard Class,Late delivery
San José de las Lajas,New Orleans,Cuba,EE. UU.,2,419.9599915,419.9599915,Standard Class,Advance shipping
Reynosa,Dallas,México,EE. UU.,4,419.9599915,419.9599915,Standard Class,Shipping on time
Bogotá,Highland,Colombia,EE. UU.,2,419.9599915,419.9599915,Standard Class,Advance shipping
Puerto La Cruz,Dorchester Center,Venezuela,EE. UU.,3,419.9599915,419.9599915,Standard Class,Advance shipping
Holguín,Stone Mountain,Cuba,EE. UU.,2,414.9599915,414.9599915,Standard Class,Advance shipping
Huehuetenango,Phoenix,Guatemala,EE. UU.,5,186.7100067,186.7100067,Standard Class,Late delivery
Soledad,Las Vegas,Colombia,EE. UU.,4,414.9599915,414.9599915,Standard Class,Shipping on time
San Nicolás de los Arroyos,San Diego,Argentina,EE. UU.,5,186.7100067,186.7100067,Standard Class,Late delivery
Medellín,Tonawanda,Colombia,EE. UU.,6,116.1600037,116.1600037,Standard Class,Late delivery
Blumenau,Jonesboro,Brasil,EE. UU.,5,145.2100067,145.2100067,Standard Class,Late delivery
Santa Catarina,Hayward,México,EE. UU.,6,409.9599915,409.9599915,Standard Class,Late delivery
Saltillo,New York,México,EE. UU.,2,409.9599915,409.9599915,Standard Class,Advance shipping
Saltillo,Van Nuys,México,EE. UU.,2,114.7600021,114.7600021,Standard Class,Advance shipping
Jequié,Katy,Brasil,EE. UU.,3,409.9599915,409.9599915,Standard Class,Advance shipping
La Romana,Loveland,República Dominicana,EE. UU.,6,399.9599915,399.9599915,Standard Class,Late delivery
Baní,Houston,República Dominicana,EE. UU.,4,120.0,120.0,Standard Class,Shipping on time
Villahermosa,Garden Grove,México,EE. UU.,3,399.9599915,399.9599915,Standard Class,Advance shipping
Soyapango,Pawtucket,El Salvador,EE. UU.,5,399.9599915,399.9599915,Standard Class,Late delivery
Amatitlán,Augusta,Guatemala,EE. UU.,2,139.9600067,139.9600067,Standard Class,Advance shipping
Vassouras,Temecula,Brasil,EE. UU.,2,399.9599915,399.9599915,Standard Class,Advance shipping
Santo Domingo,Tinley Park,República Dominicana,EE. UU.,3,299.9500122,299.9500122,Standard Class,Advance shipping
San Cristóbal de Las Casas,Oxnard,México,EE. UU.,4,299.9500122,299.9500122,Standard Class,Shipping on time
San Miguelito,Pompano Beach,Panamá,EE. UU.,3,299.9500122,299.9500122,Standard Class,Advance shipping
Mixco,West Lafayette,Guatemala,EE. UU.,2,299.9500122,299.9500122,Standard Class,Advance shipping
Anápolis,Weslaco,Brasil,EE. UU.,6,299.9500122,299.9500122,Standard Class,Late delivery
Simões Filho,Salt Lake City,Brasil,EE. UU.,5,299.9500122,299.9500122,Standard Class,Late delivery
Tuxtla Gutiérrez,Tempe,México,EE. UU.,4,296.9500122,296.9500122,Standard Class,Shipping on time
Soyapango,Dearborn,El Salvador,EE. UU.,6,296.9500122,296.9500122,Standard Class,Late delivery
Mexico City,South Richmond Hill,México,EE. UU.,4,296.9500122,296.9500122,Standard Class,Shipping on time
San Salvador,Laredo,El Salvador,EE. UU.,6,296.9500122,296.9500122,Standard Class,Late delivery
Chapecó,Jamaica,Brasil,EE. UU.,6,296.9500122,296.9500122,Standard Class,Late delivery
Resistencia,Houston,Argentina,EE. UU.,5,296.9500122,296.9500122,Standard Class,Late delivery
Posadas,Beloit,Argentina,EE. UU.,3,296.9500122,296.9500122,Standard Class,Advance shipping
Carrefour,Fargo,Haití,EE. UU.,3,293.9500122,293.9500122,Standard Class,Advance shipping
Tegucigalpa,Tucson,Honduras,EE. UU.,2,293.9500122,293.9500122,Standard Class,Advance shipping
Chinautla,Annapolis,Guatemala,EE. UU.,4,293.9500122,293.9500122,Standard Class,Shipping on time
Villa Nueva,Lancaster,Guatemala,EE. UU.,2,293.9500122,293.9500122,Standard Class,Advance shipping
Tegucigalpa,Lewisville,Honduras,EE. UU.,2,293.9500122,293.9500122,Standard Class,Advance shipping
Morelia,Virginia Beach,México,EE. UU.,3,293.9500122,293.9500122,Standard Class,Advance shipping
Barreirinhas,Chicago,Brasil,EE. UU.,4,293.9500122,293.9500122,Standard Class,Shipping on time
Paysandú,El Paso,Uruguay,EE. UU.,6,293.9500122,293.9500122,Standard Class,Late delivery
Santo Domingo,San Bernardino,República Dominicana,EE. UU.,5,290.9500122,290.9500122,Standard Class,Late delivery
La Romana,San Francisco,República Dominicana,EE. UU.,3,290.9500122,290.9500122,Standard Class,Advance shipping
Jataí,Philadelphia,Brasil,EE. UU.,4,290.9500122,290.9500122,Standard Class,Shipping on time
Santo Domingo,Pompano Beach,República Dominicana,EE. UU.,2,287.9500122,287.9500122,Standard Class,Advance shipping
Mexico City,San Diego,México,EE. UU.,3,287.9500122,287.9500122,Standard Class,Advance shipping
Choloma,Oak Lawn,Honduras,EE. UU.,5,287.9500122,287.9500122,Standard Class,Late delivery
Mérida,Dorchester Center,México,EE. UU.,3,287.9500122,287.9500122,Standard Class,Advance shipping
Recife,Los Angeles,Brasil,EE. UU.,5,287.9500122,287.9500122,Standard Class,Late delivery
Cruzeiro,Chicago,Brasil,EE. UU.,4,287.9500122,287.9500122,Standard Class,Shipping on time
Teresina,New York,Brasil,EE. UU.,3,287.9500122,287.9500122,Standard Class,Advance shipping
Santiago de Chile,Woodbridge,Chile,EE. UU.,2,287.9500122,287.9500122,Standard Class,Advance shipping
Panama City,Riverside,Panamá,EE. UU.,3,284.9500122,284.9500122,Standard Class,Advance shipping
Guadalajara,Dundalk,México,EE. UU.,2,284.9500122,284.9500122,Standard Class,Advance shipping
Tegucigalpa,Rio Rancho,Honduras,EE. UU.,3,284.9500122,284.9500122,Standard Class,Advance shipping
Mixco,Las Vegas,Guatemala,EE. UU.,2,284.9500122,284.9500122,Standard Class,Advance shipping
Chinautla,Houston,Guatemala,EE. UU.,3,284.9500122,284.9500122,Standard Class,Advance shipping
Rivera,Morristown,Uruguay,EE. UU.,6,284.9500122,284.9500122,Standard Class,Late delivery
Estelí,Yuma,Nicaragua,EE. UU.,6,283.4500122,283.4500122,Standard Class,Late delivery
Tegucigalpa,Laguna Hills,Honduras,EE. UU.,6,283.4500122,283.4500122,Standard Class,Late delivery
Petapa,Elgin,Guatemala,EE. UU.,3,283.4500122,283.4500122,Standard Class,Advance shipping
Victoria,Detroit,México,EE. UU.,4,283.4500122,283.4500122,Standard Class,Shipping on time
Mixco,Las Vegas,Guatemala,EE. UU.,2,283.4500122,283.4500122,Standard Class,Advance shipping
Villa Nueva,College Station,Guatemala,EE. UU.,3,283.4500122,283.4500122,Standard Class,Advance shipping
Uruguaiana,Rome,Brasil,EE. UU.,2,283.4500122,283.4500122,Standard Class,Advance shipping
Arapiraca,Westerville,Brasil,EE. UU.,3,283.4500122,283.4500122,Standard Class,Advance shipping
Mendoza,Columbia,Argentina,EE. UU.,5,283.4500122,283.4500122,Standard Class,Late delivery
Santiago de Cuba,Ventura,Cuba,EE. UU.,3,278.9500122,278.9500122,Standard Class,Advance shipping
Panama City,Glendale,Panamá,EE. UU.,4,278.9500122,278.9500122,Standard Class,Shipping on time
Mexico City,Apex,México,EE. UU.,2,278.9500122,278.9500122,Standard Class,Advance shipping
Mejicanos,San Antonio,El Salvador,EE. UU.,3,278.9500122,278.9500122,Standard Class,Advance shipping
Lima,Roswell,Perú,EE. UU.,2,278.9500122,278.9500122,Standard Class,Advance shipping
Bridgetown,Forest Hills,Barbados,EE. UU.,4,272.9500122,272.9500122,Standard Class,Shipping on time
Culiacán,Las Vegas,México,EE. UU.,2,272.9500122,272.9500122,Standard Class,Advance shipping
Guarapuava,Los Angeles,Brasil,EE. UU.,6,272.9500122,272.9500122,Standard Class,Late delivery
Coyoacán,Atlanta,México,EE. UU.,2,269.9599915,269.9599915,Standard Class,Advance shipping
Toluca,New York,México,EE. UU.,2,269.9599915,269.9599915,Standard Class,Advance shipping
Valinhos,Santa Ana,Brasil,EE. UU.,4,269.9599915,269.9599915,Standard Class,Shipping on time
San Francisco de Macorís,Irwin,República Dominicana,EE. UU.,6,263.9599915,263.9599915,Standard Class,Late delivery
Villa Nueva,Scottsdale,Guatemala,EE. UU.,3,263.9599915,263.9599915,Standard Class,Advance shipping
Tlalpan,Clovis,México,EE. UU.,5,263.9599915,263.9599915,Standard Class,Late delivery
San Salvador,Miami,El Salvador,EE. UU.,4,263.9599915,263.9599915,Standard Class,Shipping on time
Soledad,Colorado Springs,Colombia,EE. UU.,3,263.9599915,263.9599915,Standard Class,Advance shipping
Managua,Escondido,Nicaragua,EE. UU.,3,260.9599915,260.9599915,Standard Class,Advance shipping
Monterrey,Crown Point,México,EE. UU.,3,260.9599915,260.9599915,Standard Class,Advance shipping
Pontes e Lacerda,Bakersfield,Brasil,EE. UU.,4,254.9600067,254.9600067,Standard Class,Shipping on time
São Paulo,Brooklyn,Brasil,EE. UU.,2,254.9600067,254.9600067,Standard Class,Advance shipping
Córdoba,Houston,Argentina,EE. UU.,3,254.9600067,254.9600067,Standard Class,Advance shipping
San Salvador,La Mirada,El Salvador,EE. UU.,6,251.9600067,251.9600067,Standard Class,Late delivery
Mexico City,Salinas,México,EE. UU.,3,251.9600067,251.9600067,Standard Class,Advance shipping
Santa Ana,Columbus,El Salvador,EE. UU.,4,251.9600067,251.9600067,Standard Class,Shipping on time
Recife,El Paso,Brasil,EE. UU.,2,251.9600067,251.9600067,Standard Class,Advance shipping
Santo Domingo,Hollywood,República Dominicana,EE. UU.,4,248.9600067,248.9600067,Standard Class,Shipping on time
Las Tunas,Bronx,Cuba,EE. UU.,6,248.9600067,248.9600067,Standard Class,Late delivery
Les Abymes,Philadelphia,Guadalupe,EE. UU.,4,248.9600067,248.9600067,Standard Class,Shipping on time
León,West Lafayette,Nicaragua,EE. UU.,5,248.9600067,248.9600067,Standard Class,Late delivery
Mexico City,Lawton,México,EE. UU.,6,248.9600067,248.9600067,Standard Class,Late delivery
Buenos Aires,Tinley Park,Argentina,EE. UU.,6,248.9600067,248.9600067,Standard Class,Late delivery
Lima,Louisville,Perú,EE. UU.,2,248.9600067,248.9600067,Standard Class,Advance shipping
Consolación del Sur,Arlington Heights,Cuba,EE. UU.,6,245.9600067,245.9600067,Standard Class,Late delivery
Monterrey,Bakersfield,México,EE. UU.,3,245.9600067,245.9600067,Standard Class,Advance shipping
Apopa,San Francisco,El Salvador,EE. UU.,4,245.9600067,245.9600067,Standard Class,Shipping on time
Mejicanos,Bismarck,El Salvador,EE. UU.,5,245.9600067,245.9600067,Standard Class,Late delivery
São Paulo,Apex,Brasil,EE. UU.,6,245.9600067,245.9600067,Standard Class,Late delivery
Tlalnepantla,Tampa,México,EE. UU.,6,239.9600067,239.9600067,Standard Class,Late delivery
São Paulo,Long Beach,Brasil,EE. UU.,5,239.9600067,239.9600067,Standard Class,Late delivery
Campeche,Colorado Springs,México,EE. UU.,6,224.9600067,224.9600067,Standard Class,Late delivery
San Pedro Sula,Chicago,Honduras,EE. UU.,4,224.9600067,224.9600067,Standard Class,Shipping on time
Tlalpan,Brooklyn,México,EE. UU.,5,224.9600067,224.9600067,Standard Class,Late delivery
Itajaí,San Francisco,Brasil,EE. UU.,5,224.9600067,224.9600067,Standard Class,Late delivery
Santo Domingo,Orlando,República Dominicana,EE. UU.,4,250.0,250.0,Standard Class,Shipping on time
Panama City,Escondido,Panamá,EE. UU.,3,199.9499969,199.9499969,Standard Class,Advance shipping
San Salvador,Fayetteville,El Salvador,EE. UU.,2,199.9499969,199.9499969,Standard Class,Advance shipping
Managua,Bronx,Nicaragua,EE. UU.,3,199.9499969,199.9499969,Standard Class,Advance shipping
Managua,Greeley,Nicaragua,EE. UU.,5,250.0,250.0,Standard Class,Late delivery
Santa Catarina,Hollywood,México,EE. UU.,4,250.0,250.0,Standard Class,Shipping on time
Juárez,Virginia Beach,México,EE. UU.,2,250.0,250.0,Standard Class,Advance shipping
Guayaquil,Tempe,Ecuador,EE. UU.,6,199.9499969,199.9499969,Standard Class,Late delivery
Turmero,New Orleans,Venezuela,EE. UU.,5,199.9499969,199.9499969,Standard Class,Late delivery
Buenos Aires,Chicago,Argentina,EE. UU.,4,250.0,250.0,Standard Class,Shipping on time
Bom Jesus da Lapa,Madison,Brasil,EE. UU.,2,250.0,250.0,Standard Class,Advance shipping
San Luis Potosí,Phoenix,México,EE. UU.,2,148.5,148.5,Standard Class,Advance shipping
San Pablo de las Salinas,Chillicothe,México,EE. UU.,2,197.9499969,197.9499969,Standard Class,Advance shipping
Mexico City,Lawton,México,EE. UU.,6,247.5,247.5,Standard Class,Late delivery
Managua,Salt Lake City,Nicaragua,EE. UU.,2,247.5,247.5,Standard Class,Advance shipping
Gaspar,Middletown,Brasil,EE. UU.,4,197.9499969,197.9499969,Standard Class,Shipping on time
Buenos Aires,Arlington,Argentina,EE. UU.,6,247.5,247.5,Standard Class,Late delivery
Juárez,Washington,México,EE. UU.,3,195.9499969,195.9499969,Standard Class,Advance shipping
Antiguo Cuscatlán,Greeley,El Salvador,EE. UU.,3,245.0,245.0,Standard Class,Advance shipping
Soyapango,Milford,El Salvador,EE. UU.,5,245.0,245.0,Standard Class,Late delivery
Linhares,Los Angeles,Brasil,EE. UU.,6,245.0,245.0,Standard Class,Late delivery
Lima,Meridian,Perú,EE. UU.,4,245.0,245.0,Standard Class,Shipping on time
Surubim,Bartlett,Brasil,EE. UU.,4,245.0,245.0,Standard Class,Shipping on time
Itaituba,New Albany,Brasil,EE. UU.,2,245.0,245.0,Standard Class,Advance shipping
Araranguá,Murfreesboro,Brasil,EE. UU.,2,245.0,245.0,Standard Class,Advance shipping
Buenos Aires,Arlington,Argentina,EE. UU.,6,245.0,245.0,Standard Class,Late delivery
Santiago de Cuba,Ventura,Cuba,EE. UU.,3,339.5,339.5,Standard Class,Advance shipping
Morelia,Bronx,México,EE. UU.,5,193.9499969,193.9499969,Standard Class,Late delivery
San Salvador,Phoenix,El Salvador,EE. UU.,2,242.5,242.5,Standard Class,Advance shipping
San Pedro Sula,Stockton,Honduras,EE. UU.,6,242.5,242.5,Standard Class,Late delivery
Huehuetenango,Moline,Guatemala,EE. UU.,2,242.5,242.5,Standard Class,Advance shipping
Miramar,Detroit,México,EE. UU.,2,242.5,242.5,Standard Class,Advance shipping
Betim,Chicago,Brasil,EE. UU.,5,193.9499969,193.9499969,Standard Class,Late delivery
Ilhéus,Reno,Brasil,EE. UU.,4,193.9499969,193.9499969,Standard Class,Shipping on time
Pontes e Lacerda,Murfreesboro,Brasil,EE. UU.,3,193.9499969,193.9499969,Standard Class,Advance shipping
Paysandú,El Paso,Uruguay,EE. UU.,6,193.9499969,193.9499969,Standard Class,Late delivery
Chaguanas,Passaic,Trinidad y Tobago,EE. UU.,6,191.9499969,191.9499969,Standard Class,Late delivery
Tegucigalpa,Winnetka,Honduras,EE. UU.,5,191.9499969,191.9499969,Standard Class,Late delivery
Querétaro,Alameda,México,EE. UU.,4,240.0,240.0,Standard Class,Shipping on time
Toluca,New Albany,México,EE. UU.,2,240.0,240.0,Standard Class,Advance shipping
Tegucigalpa,Buffalo,Honduras,EE. UU.,4,240.0,240.0,Standard Class,Shipping on time
Resende,Bakersfield,Brasil,EE. UU.,4,240.0,240.0,Standard Class,Shipping on time
Umuarama,Revere,Brasil,EE. UU.,6,240.0,240.0,Standard Class,Late delivery
Mexico City,Los Angeles,México,EE. UU.,4,189.9499969,189.9499969,Standard Class,Shipping on time
Mejicanos,Reseda,El Salvador,EE. UU.,3,237.5,237.5,Standard Class,Advance shipping
Apopa,Astoria,El Salvador,EE. UU.,3,237.5,237.5,Standard Class,Advance shipping
Mixco,Woonsocket,Guatemala,EE. UU.,3,237.5,237.5,Standard Class,Advance shipping
Tegucigalpa,Laredo,Honduras,EE. UU.,5,237.5,237.5,Standard Class,Late delivery
Feira de Santana,Carmichael,Brasil,EE. UU.,2,189.9499969,189.9499969,Standard Class,Advance shipping
São José dos Campos,San Jose,Brasil,EE. UU.,2,189.9499969,189.9499969,Standard Class,Advance shipping
Puerto La Cruz,Dorchester Center,Venezuela,EE. UU.,3,189.9499969,189.9499969,Standard Class,Advance shipping
Guayaquil,Tempe,Ecuador,EE. UU.,6,237.5,237.5,Standard Class,Late delivery
Medellín,Springfield,Colombia,EE. UU.,2,237.5,237.5,Standard Class,Advance shipping
Rio Branco,Lancaster,Brasil,EE. UU.,5,237.5,237.5,Standard Class,Late delivery
Santo Domingo,Brooklyn,República Dominicana,EE. UU.,5,118.1299973,118.1299973,Standard Class,Late delivery
Tlalnepantla,New York,México,EE. UU.,6,188.9499969,188.9499969,Standard Class,Late delivery
Choloma,Annandale,Honduras,EE. UU.,4,188.9499969,188.9499969,Standard Class,Shipping on time
Tegucigalpa,Laguna Hills,Honduras,EE. UU.,6,236.25,236.25,Standard Class,Late delivery
Santa Ana,Brooklyn,El Salvador,EE. UU.,6,236.25,236.25,Standard Class,Late delivery
San Pedro Sula,Columbus,Honduras,EE. UU.,6,236.25,236.25,Standard Class,Late delivery
Reynosa,Brownsville,México,EE. UU.,3,236.25,236.25,Standard Class,Advance shipping
Tegucigalpa,Laredo,Honduras,EE. UU.,5,236.25,236.25,Standard Class,Late delivery
Surubim,Bartlett,Brasil,EE. UU.,4,188.9499969,188.9499969,Standard Class,Shipping on time
Buenos Aires,Lynnwood,Argentina,EE. UU.,2,236.25,236.25,Standard Class,Advance shipping
Ilopango,Levittown,El Salvador,EE. UU.,6,232.5,232.5,Standard Class,Late delivery
Ibiúna,Hacienda Heights,Brasil,EE. UU.,6,185.9499969,185.9499969,Standard Class,Late delivery
La Romana,Loveland,República Dominicana,EE. UU.,6,181.9499969,181.9499969,Standard Class,Late delivery
Mexico City,Atlanta,México,EE. UU.,3,227.5,227.5,Standard Class,Advance shipping
Córdoba,Wayne,México,EE. UU.,4,227.5,227.5,Standard Class,Shipping on time
Cuscatancingo,Zanesville,El Salvador,EE. UU.,6,227.5,227.5,Standard Class,Late delivery
Praia Grande,Glenview,Brasil,EE. UU.,3,227.5,227.5,Standard Class,Advance shipping
Paysandú,El Paso,Uruguay,EE. UU.,6,227.5,227.5,Standard Class,Late delivery
Santo Domingo,Mcallen,República Dominicana,EE. UU.,4,225.0,225.0,Standard Class,Shipping on time
San Pedro Sula,Hialeah,Honduras,EE. UU.,2,179.9600067,179.9600067,Standard Class,Advance shipping
La Ceiba,Reseda,Honduras,EE. UU.,4,135.0,135.0,Standard Class,Shipping on time
Tlalnepantla,Metairie,México,EE. UU.,3,179.9600067,179.9600067,Standard Class,Advance shipping
Orizaba,Los Angeles,México,EE. UU.,5,225.0,225.0,Standard Class,Late delivery
Pontes e Lacerda,Bakersfield,Brasil,EE. UU.,4,135.0,135.0,Standard Class,Shipping on time
Cruz das Almas,Rego Park,Brasil,EE. UU.,6,179.9600067,179.9600067,Standard Class,Late delivery
Managua,Oxnard,Nicaragua,EE. UU.,6,175.9600067,175.9600067,Standard Class,Late delivery
Guasave,Hialeah,México,EE. UU.,2,175.9600067,175.9600067,Standard Class,Advance shipping
Hermosillo,Goose Creek,México,EE. UU.,3,175.9600067,175.9600067,Standard Class,Advance shipping
Guadalajara,Washington,México,EE. UU.,4,220.0,220.0,Standard Class,Shipping on time
Tuxtla Gutiérrez,Tampa,México,EE. UU.,4,173.9600067,173.9600067,Standard Class,Shipping on time
Guadalajara,Washington,México,EE. UU.,4,217.5,217.5,Standard Class,Shipping on time
Tlaquepaque,Marietta,México,EE. UU.,2,217.5,217.5,Standard Class,Advance shipping
Mejicanos,Bismarck,El Salvador,EE. UU.,5,212.5,212.5,Standard Class,Late delivery
Santa Cruz de Barahona,Aurora,República Dominicana,EE. UU.,4,167.9600067,167.9600067,Standard Class,Shipping on time
San José de las Lajas,Chicago,Cuba,EE. UU.,6,167.9600067,167.9600067,Standard Class,Late delivery
San José de las Lajas,Chicago,Cuba,EE. UU.,6,210.0,210.0,Standard Class,Late delivery
Tegucigalpa,Campbell,Honduras,EE. UU.,5,167.9600067,167.9600067,Standard Class,Late delivery
Villa Nueva,Columbia,Guatemala,EE. UU.,5,167.9600067,167.9600067,Standard Class,Late delivery
Soyapango,Virginia Beach,El Salvador,EE. UU.,2,167.9600067,167.9600067,Standard Class,Advance shipping
David,Mission Viejo,Panamá,EE. UU.,3,210.0,210.0,Standard Class,Advance shipping
Itajaí,San Francisco,Brasil,EE. UU.,5,167.9600067,167.9600067,Standard Class,Late delivery
São Paulo,Carol Stream,Brasil,EE. UU.,5,167.9600067,167.9600067,Standard Class,Late delivery
Santa Cruz de la Sierra,Florissant,Bolivia,EE. UU.,2,167.9600067,167.9600067,Standard Class,Advance shipping
Chapecó,Jamaica,Brasil,EE. UU.,6,210.0,210.0,Standard Class,Late delivery
Uruguaiana,Rome,Brasil,EE. UU.,2,210.0,210.0,Standard Class,Advance shipping
Santo Domingo,Memphis,República Dominicana,EE. UU.,3,207.5,207.5,Standard Class,Advance shipping
Guadalajara,Fresno,México,EE. UU.,4,165.9600067,165.9600067,Standard Class,Shipping on time
Tlalnepantla,Tampa,México,EE. UU.,6,207.5,207.5,Standard Class,Late delivery
Guadalajara,Cleveland,México,EE. UU.,5,207.5,207.5,Standard Class,Late delivery
Santa Catarina,Amarillo,México,EE. UU.,6,207.5,207.5,Standard Class,Late delivery
Puebla,Staten Island,México,EE. UU.,4,163.9600067,163.9600067,Standard Class,Shipping on time
Durango,West Chester,México,EE. UU.,2,163.9600067,163.9600067,Standard Class,Advance shipping
San Salvador,El Paso,El Salvador,EE. UU.,5,123.0,123.0,Standard Class,Late delivery
Guadalajara,Greeley,México,EE. UU.,3,205.0,205.0,Standard Class,Advance shipping
El Progreso,Chicago,Honduras,EE. UU.,4,205.0,205.0,Standard Class,Shipping on time
Cuscatancingo,Opelousas,El Salvador,EE. UU.,3,205.0,205.0,Standard Class,Advance shipping
Culiacán,Wheeling,México,EE. UU.,4,205.0,205.0,Standard Class,Shipping on time
Novo Gama,Ann Arbor,Brasil,EE. UU.,6,205.0,205.0,Standard Class,Late delivery
Medellín,Brooklyn,Colombia,EE. UU.,5,205.0,205.0,Standard Class,Late delivery
Santa Ana,Santa Ana,El Salvador,EE. UU.,4,159.9600067,159.9600067,Standard Class,Shipping on time
León,Quincy,México,EE. UU.,2,200.0,200.0,Standard Class,Advance shipping
Mejicanos,Wichita,El Salvador,EE. UU.,2,200.0,200.0,Standard Class,Advance shipping
San Salvador,Dallas,El Salvador,EE. UU.,3,200.0,200.0,Standard Class,Advance shipping
Pouso Alegre,Long Beach,Brasil,EE. UU.,2,120.0,120.0,Standard Class,Advance shipping
Puebla,Tucson,México,EE. UU.,2,149.9600067,149.9600067,Standard Class,Advance shipping
Itaituba,New Albany,Brasil,EE. UU.,2,149.9600067,149.9600067,Standard Class,Advance shipping
Mixco,West Lafayette,Guatemala,EE. UU.,2,239.9499969,239.9499969,Standard Class,Advance shipping
Coyoacán,Atlanta,México,EE. UU.,2,449.9500122,449.9500122,Standard Class,Advance shipping
Santo Domingo,Campbell,República Dominicana,EE. UU.,3,156.75,156.75,Standard Class,Advance shipping
Portmore,Aurora,Jamaica,EE. UU.,2,254.75,254.75,Standard Class,Advance shipping
Buenos Aires,El Paso,Argentina,EE. UU.,2,116.1999969,116.1999969,Standard Class,Advance shipping
Arequipa,Highland,Perú,EE. UU.,4,74.34999847,74.34999847,Standard Class,Shipping on time
Mexico City,Oxnard,México,EE. UU.,5,113.6999969,113.6999969,Standard Class,Late delivery
Villa Nueva,Ithaca,Guatemala,EE. UU.,2,112.4599991,112.4599991,Standard Class,Advance shipping
La Ceiba,Indianapolis,Honduras,EE. UU.,4,143.9600067,143.9600067,Standard Class,Shipping on time
Córdoba,Wayne,México,EE. UU.,4,140.7599945,140.7599945,Standard Class,Shipping on time
Jacobina,Pompano Beach,Brasil,EE. UU.,6,106.2099991,106.2099991,Standard Class,Late delivery
Araranguá,Murfreesboro,Brasil,EE. UU.,2,382.4599915,382.4599915,Standard Class,Advance shipping
Mexico City,Greenville,México,EE. UU.,2,103.7099991,103.7099991,Standard Class,Advance shipping
Managua,Bronx,Nicaragua,EE. UU.,3,82.95999908,82.95999908,Standard Class,Advance shipping
Mejicanos,San Diego,El Salvador,EE. UU.,5,102.4599991,102.4599991,Standard Class,Late delivery
Tegucigalpa,New Castle,Honduras,EE. UU.,3,99.95999908,99.95999908,Standard Class,Advance shipping
Mixco,San Antonio,Guatemala,EE. UU.,5,191.9600067,191.9600067,Standard Class,Late delivery
Villa Nueva,Glendale,Guatemala,EE. UU.,2,93.70999908,93.70999908,Standard Class,Advance shipping
Asunción,Chicago,Paraguay,EE. UU.,3,148.4499969,148.4499969,Standard Class,Advance shipping
Paita,Wichita,Perú,EE. UU.,5,131.9600067,131.9600067,Standard Class,Late delivery
Santiago de Cuba,Bell Gardens,Cuba,EE. UU.,6,283.4500122,283.4500122,Standard Class,Late delivery
Madero,Winnetka,México,EE. UU.,2,494.9500122,494.9500122,Standard Class,Advance shipping
Mérida,Staten Island,México,EE. UU.,2,494.9500122,494.9500122,Standard Class,Advance shipping
Bucaramanga,Hawthorne,Colombia,EE. UU.,4,494.9500122,494.9500122,Standard Class,Shipping on time
Choluteca,Buffalo,Honduras,EE. UU.,4,454.9500122,454.9500122,Standard Class,Shipping on time
Managua,Marietta,Nicaragua,EE. UU.,6,424.9599915,424.9599915,Standard Class,Late delivery
Santiago de Chile,Anaheim,Chile,EE. UU.,5,409.9599915,409.9599915,Standard Class,Late delivery
Apodaca,Aurora,México,EE. UU.,5,299.9500122,299.9500122,Standard Class,Late delivery
Morelia,Newark,México,EE. UU.,6,293.9500122,293.9500122,Standard Class,Late delivery
Cuernavaca,Salem,México,EE. UU.,3,293.9500122,293.9500122,Standard Class,Advance shipping
Bayamo,Dearborn,Cuba,EE. UU.,2,287.9500122,287.9500122,Standard Class,Advance shipping
Puebla,Panorama City,México,EE. UU.,6,287.9500122,287.9500122,Standard Class,Late delivery
Santiago de Cuba,Bell Gardens,Cuba,EE. UU.,6,284.9500122,284.9500122,Standard Class,Late delivery
Puerto Padre,Newark,Cuba,EE. UU.,2,283.4500122,283.4500122,Standard Class,Advance shipping
Managua,Napa,Nicaragua,EE. UU.,6,283.4500122,283.4500122,Standard Class,Late delivery
Buenos Aires,Salinas,Argentina,EE. UU.,2,272.9500122,272.9500122,Standard Class,Advance shipping
Orizaba,New Haven,México,EE. UU.,2,269.9599915,269.9599915,Standard Class,Advance shipping
Tegucigalpa,Davis,Honduras,EE. UU.,2,260.9599915,260.9599915,Standard Class,Advance shipping
Holguín,Strongsville,Cuba,EE. UU.,4,254.9600067,254.9600067,Standard Class,Shipping on time
Santo Domingo,Morrisville,República Dominicana,EE. UU.,3,254.9600067,254.9600067,Standard Class,Advance shipping
Buenos Aires,Berwyn,Argentina,EE. UU.,4,251.9600067,251.9600067,Standard Class,Shipping on time
Managua,Detroit,Nicaragua,EE. UU.,4,248.9600067,248.9600067,Standard Class,Shipping on time
Brumado,Temecula,Brasil,EE. UU.,6,239.9600067,239.9600067,Standard Class,Late delivery
Azcapotzalco,Clovis,México,EE. UU.,6,224.9600067,224.9600067,Standard Class,Late delivery
Mixco,Beloit,Guatemala,EE. UU.,2,224.9600067,224.9600067,Standard Class,Advance shipping
León,Lynwood,Nicaragua,EE. UU.,6,250.0,250.0,Standard Class,Late delivery
Tlalnepantla,Columbia,México,EE. UU.,2,250.0,250.0,Standard Class,Advance shipping
Buenos Aires,Chandler,Argentina,EE. UU.,5,199.9499969,199.9499969,Standard Class,Late delivery
Mexico City,Los Angeles,México,EE. UU.,3,191.9700012,191.9700012,Standard Class,Shipping canceled
Itapecuru Mirim,Mission Viejo,Brasil,EE. UU.,4,191.9700012,191.9700012,Standard Class,Shipping canceled
Petapa,Hickory,Guatemala,EE. UU.,4,159.9600067,159.9600067,Standard Class,Shipping canceled
Poza Rica de Hidalgo,Zanesville,México,EE. UU.,6,200.0,200.0,Standard Class,Shipping canceled
Tegucigalpa,Marietta,Honduras,EE. UU.,3,158.3600006,158.3600006,Standard Class,Shipping canceled
Panama City,Marietta,Panamá,EE. UU.,2,192.0,192.0,Standard Class,Shipping canceled
San Miguelito,Escondido,Panamá,EE. UU.,3,151.9600067,151.9600067,Standard Class,Shipping canceled
Quito,Portland,Ecuador,EE. UU.,3,180.0,180.0,Standard Class,Shipping canceled
Cienfuegos,Dallas,Cuba,EE. UU.,5,140.7599945,140.7599945,Standard Class,Shipping canceled
Spanish Town,Irvington,Jamaica,EE. UU.,5,168.0,168.0,Standard Class,Shipping canceled
Mexico City,West New York,México,EE. UU.,3,86.97000122,86.97000122,Standard Class,Shipping canceled
Managua,Aurora,Nicaragua,EE. UU.,2,399.9599915,399.9599915,Standard Class,Advance shipping
Cuscatancingo,Brooklyn,El Salvador,EE. UU.,2,178.1600037,178.1600037,Standard Class,Advance shipping
Puebla,Miami,México,EE. UU.,2,391.9599915,391.9599915,Standard Class,Advance shipping
Coyoacán,Elmhurst,México,EE. UU.,6,387.9599915,387.9599915,Standard Class,Late delivery
Santo André,Dearborn,Brasil,EE. UU.,4,116.4000015,116.4000015,Standard Class,Shipping on time
Mérida,Hayward,México,EE. UU.,5,377.9599915,377.9599915,Standard Class,Late delivery
Ciego de Ávila,Salt Lake City,Cuba,EE. UU.,3,371.9599915,371.9599915,Standard Class,Advance shipping
Puebla,Campbell,México,EE. UU.,5,371.9599915,371.9599915,Standard Class,Late delivery
Medellín,Portland,Colombia,EE. UU.,5,363.9599915,363.9599915,Standard Class,Late delivery
Santiago de Cuba,Chicago,Cuba,EE. UU.,6,351.9599915,351.9599915,Standard Class,Late delivery
Managua,Lenoir,Nicaragua,EE. UU.,3,347.9700012,347.9700012,Standard Class,Advance shipping
San Pedro Sula,Arlington Heights,Honduras,EE. UU.,3,331.9700012,331.9700012,Standard Class,Advance shipping
Chinautla,Murfreesboro,Guatemala,EE. UU.,4,331.9700012,331.9700012,Standard Class,Shipping on time
Toluca,Escondido,México,EE. UU.,3,149.3699951,149.3699951,Standard Class,Advance shipping
Mixco,Goleta,Guatemala,EE. UU.,4,327.9700012,327.9700012,Standard Class,Shipping on time
Santiago de Cuba,Chicago,Cuba,EE. UU.,6,239.9600067,239.9600067,Standard Class,Late delivery
Coyoacán,Columbus,México,EE. UU.,5,239.9600067,239.9600067,Standard Class,Late delivery
São Paulo,Saint Paul,Brasil,EE. UU.,4,239.9600067,239.9600067,Standard Class,Shipping on time
Tijuana,Marrero,México,EE. UU.,4,237.5599976,237.5599976,Standard Class,Shipping on time
Managua,Florissant,Nicaragua,EE. UU.,4,237.5599976,237.5599976,Standard Class,Shipping on time
Ilopango,Brooklyn,El Salvador,EE. UU.,5,237.5599976,237.5599976,Standard Class,Late delivery
Guadalajara,Sheboygan,México,EE. UU.,3,235.1600037,235.1600037,Standard Class,Advance shipping
Villa Canales,North Tonawanda,Guatemala,EE. UU.,5,232.7599945,232.7599945,Standard Class,Late delivery
Navegantes,Hacienda Heights,Brasil,EE. UU.,5,232.7599945,232.7599945,Standard Class,Late delivery
Itaúna,Jonesboro,Brasil,EE. UU.,2,230.3600006,230.3600006,Standard Class,Advance shipping
Bogotá,Riverside,Colombia,EE. UU.,6,226.7599945,226.7599945,Standard Class,Late delivery
Tijuana,San Antonio,México,EE. UU.,6,223.1600037,223.1600037,Standard Class,Late delivery
Pinar del Río,Greeley,Cuba,EE. UU.,2,218.3600006,218.3600006,Standard Class,Advance shipping
São Paulo,Pompano Beach,Brasil,EE. UU.,3,218.3600006,218.3600006,Standard Class,Advance shipping
Puebla,Campbell,México,EE. UU.,5,215.9600067,215.9600067,Standard Class,Late delivery
León,Fountain Valley,México,EE. UU.,4,215.9600067,215.9600067,Standard Class,Shipping on time
León,Philadelphia,México,EE. UU.,2,215.9600067,215.9600067,Standard Class,Advance shipping
Santo Domingo,Los Angeles,República Dominicana,EE. UU.,3,211.1600037,211.1600037,Standard Class,Advance shipping
León,Brooklyn,Nicaragua,EE. UU.,4,211.1600037,211.1600037,Standard Class,Shipping on time
San Pedro Sula,Webster,Honduras,EE. UU.,2,201.5700073,201.5700073,Standard Class,Advance shipping
Torreón,Virginia Beach,México,EE. UU.,3,201.5700073,201.5700073,Standard Class,Advance shipping
Araranguá,Riverside,Brasil,EE. UU.,4,201.5700073,201.5700073,Standard Class,Shipping on time
San Pedro Sula,Webster,Honduras,EE. UU.,2,199.1699982,199.1699982,Standard Class,Advance shipping
Soyapango,Murfreesboro,El Salvador,EE. UU.,6,199.1699982,199.1699982,Standard Class,Late delivery
Mexico City,Dallas,México,EE. UU.,5,196.7700043,196.7700043,Standard Class,Late delivery
San Martín,Las Cruces,El Salvador,EE. UU.,6,191.9700012,191.9700012,Standard Class,Late delivery
Santo Domingo,San Antonio,República Dominicana,EE. UU.,3,179.9700012,179.9700012,Standard Class,Advance shipping
Carrefour,Philadelphia,Haití,EE. UU.,3,200.0,200.0,Standard Class,Advance shipping
Santo Domingo de los Colorados,Hacienda Heights,Ecuador,EE. UU.,5,200.0,200.0,Standard Class,Late delivery
Juárez,New York,México,EE. UU.,5,158.3600006,158.3600006,Standard Class,Late delivery
Puebla,Duluth,México,EE. UU.,2,198.0,198.0,Standard Class,Advance shipping
Puerto La Cruz,New Albany,Venezuela,EE. UU.,2,158.3600006,158.3600006,Standard Class,Advance shipping
Toluca,Escondido,México,EE. UU.,3,194.0,194.0,Standard Class,Advance shipping
Durango,Gaithersburg,México,EE. UU.,6,194.0,194.0,Standard Class,Late delivery
Cúcuta,Orlando,Colombia,EE. UU.,4,155.1600037,155.1600037,Standard Class,Shipping on time
Mixco,Virginia Beach,Guatemala,EE. UU.,5,153.5599976,153.5599976,Standard Class,Late delivery
Lima,Longmont,Perú,EE. UU.,6,192.0,192.0,Standard Class,Late delivery
Barra Mansa,Apopka,Brasil,EE. UU.,2,192.0,192.0,Standard Class,Advance shipping
Limoeiro do Norte,Salt Lake City,Brasil,EE. UU.,5,192.0,192.0,Standard Class,Late delivery
Guadalajara,Dallas,México,EE. UU.,4,190.0,190.0,Standard Class,Shipping on time
Chapecó,Cypress,Brasil,EE. UU.,3,151.9600067,151.9600067,Standard Class,Advance shipping
Spanish Town,Lutz,Jamaica,EE. UU.,4,151.1600037,151.1600037,Standard Class,Shipping on time
La Paz,Las Vegas,Bolivia,EE. UU.,4,148.7599945,148.7599945,Standard Class,Shipping on time
León,South El Monte,México,EE. UU.,6,145.5599976,145.5599976,Standard Class,Late delivery
Santa Ana,Salina,El Salvador,EE. UU.,2,145.5599976,145.5599976,Standard Class,Advance shipping
Tijuana,Los Angeles,México,EE. UU.,6,140.7599945,140.7599945,Standard Class,Late delivery
Bogotá,Memphis,Colombia,EE. UU.,5,176.0,176.0,Standard Class,Late delivery
Buenos Aires,Hampton,Argentina,EE. UU.,6,176.0,176.0,Standard Class,Late delivery
San Miguelito,Bronx,Panamá,EE. UU.,2,174.0,174.0,Standard Class,Advance shipping
Pinar del Río,Greeley,Cuba,EE. UU.,2,170.0,170.0,Standard Class,Advance shipping
León,Oregon City,Nicaragua,EE. UU.,3,135.9700012,135.9700012,Standard Class,Advance shipping
Panama City,Las Vegas,Panamá,EE. UU.,3,170.0,170.0,Standard Class,Advance shipping
Montenegro,Troy,Colombia,EE. UU.,2,135.9700012,135.9700012,Standard Class,Advance shipping
Santo Domingo,Tucson,República Dominicana,EE. UU.,3,168.0,168.0,Standard Class,Advance shipping
Santiago de Chile,Folsom,Chile,EE. UU.,3,168.0,168.0,Standard Class,Advance shipping
Santo André,Dearborn,Brasil,EE. UU.,4,168.0,168.0,Standard Class,Shipping on time
Cajazeiras,Brooklyn,Brasil,EE. UU.,2,168.0,168.0,Standard Class,Advance shipping
Baní,Baldwin Park,República Dominicana,EE. UU.,3,166.0,166.0,Standard Class,Advance shipping
Mexico City,Beloit,México,EE. UU.,2,166.0,166.0,Standard Class,Advance shipping
São Paulo,Phoenix,Brasil,EE. UU.,6,132.7700043,132.7700043,Standard Class,Late delivery
Maracaibo,Houston,Venezuela,EE. UU.,4,166.0,166.0,Standard Class,Shipping on time
Apopa,Chino Hills,El Salvador,EE. UU.,5,131.1699982,131.1699982,Standard Class,Late delivery
León,Brooklyn,Nicaragua,EE. UU.,4,131.1699982,131.1699982,Standard Class,Shipping on time
San Pedro Sula,Fort Worth,Honduras,EE. UU.,5,164.0,164.0,Standard Class,Late delivery
Holguín,Ogden,Cuba,EE. UU.,4,160.0,160.0,Standard Class,Shipping on time
León,Fountain Valley,México,EE. UU.,4,127.9700012,127.9700012,Standard Class,Shipping on time
Brasília,Ogden,Brasil,EE. UU.,3,127.9700012,127.9700012,Standard Class,Advance shipping
San Miguelito,Escondido,Panamá,EE. UU.,3,119.9700012,119.9700012,Standard Class,Advance shipping
Santiago de Chile,Fresno,Chile,EE. UU.,5,119.9700012,119.9700012,Standard Class,Late delivery
Brasília,Ogden,Brasil,EE. UU.,3,119.9700012,119.9700012,Standard Class,Advance shipping
Pereira,Montebello,Colombia,EE. UU.,6,122.8399963,122.8399963,Standard Class,Late delivery
Medellín,Morrisville,Colombia,EE. UU.,3,94.45999908,94.45999908,Standard Class,Advance shipping
Barra Mansa,Apopka,Brasil,EE. UU.,2,75.55999756,75.55999756,Standard Class,Advance shipping
San Salvador,Tucson,El Salvador,EE. UU.,4,111.3300018,111.3300018,Standard Class,Shipping on time
Santa Clara,El Centro,Cuba,EE. UU.,4,107.4899979,107.4899979,Standard Class,Shipping on time
Camaçari,Staten Island,Brasil,EE. UU.,4,81.97000122,81.97000122,Standard Class,Shipping on time
Santiago de los Caballeros,San Diego,República Dominicana,EE. UU.,4,51.16999817,51.16999817,Standard Class,Shipping on time
Franca,Phoenix,Brasil,EE. UU.,3,143.9700012,143.9700012,Standard Class,Advance shipping
Dos Quebradas,Stafford,Colombia,EE. UU.,6,163.7599945,163.7599945,Standard Class,Late delivery
Tupã,Moreno Valley,Brasil,EE. UU.,4,203.9700012,203.9700012,Standard Class,Shipping on time
São Paulo,Richardson,Brasil,EE. UU.,6,118.9700012,118.9700012,Standard Class,Late delivery
Santo Domingo,Revere,República Dominicana,EE. UU.,2,399.9599915,399.9599915,Standard Class,Advance shipping
Guacara,Jackson Heights,Venezuela,EE. UU.,5,395.9599915,395.9599915,Standard Class,Late delivery
Masaya,Chicago,Nicaragua,EE. UU.,5,391.9599915,391.9599915,Standard Class,Late delivery
Holguín,Carrollton,Cuba,EE. UU.,2,115.1999969,115.1999969,Standard Class,Advance shipping
Tegucigalpa,Los Angeles,Honduras,EE. UU.,4,363.9599915,363.9599915,Standard Class,Shipping on time
Santo Domingo,Mcallen,República Dominicana,EE. UU.,6,359.9599915,359.9599915,Standard Class,Late delivery
Quetzaltenango,Chandler,Guatemala,EE. UU.,6,347.9700012,347.9700012,Standard Class,Late delivery
Mexico City,Saint Paul,México,EE. UU.,2,347.9700012,347.9700012,Standard Class,Advance shipping
San Pedro Sula,Detroit,Honduras,EE. UU.,3,339.9700012,339.9700012,Standard Class,Advance shipping
Mexico City,Saint Paul,México,EE. UU.,2,339.9700012,339.9700012,Standard Class,Advance shipping
El Progreso,Orlando,Honduras,EE. UU.,6,335.9700012,335.9700012,Standard Class,Late delivery
Quetzaltenango,Memphis,Guatemala,EE. UU.,3,335.9700012,335.9700012,Standard Class,Advance shipping
Fortaleza,San Diego,Brasil,EE. UU.,4,331.9700012,331.9700012,Standard Class,Shipping on time
Cienfuegos,Florissant,Cuba,EE. UU.,3,102.3700027,102.3700027,Standard Class,Advance shipping
Mejicanos,Pompano Beach,El Salvador,EE. UU.,5,299.9700012,299.9700012,Standard Class,Late delivery
Tegucigalpa,Detroit,Honduras,EE. UU.,6,299.9700012,299.9700012,Standard Class,Late delivery
Mexico City,Elgin,México,EE. UU.,3,237.5599976,237.5599976,Standard Class,Advance shipping
Panama City,Staten Island,Panamá,EE. UU.,6,237.5599976,237.5599976,Standard Class,Late delivery
Tlalpan,Campbell,México,EE. UU.,5,235.1600037,235.1600037,Standard Class,Late delivery
La Ceiba,Miami,Honduras,EE. UU.,5,235.1600037,235.1600037,Standard Class,Late delivery
Holguín,Phoenix,Cuba,EE. UU.,5,232.7599945,232.7599945,Standard Class,Late delivery
Santo Domingo,Greensboro,República Dominicana,EE. UU.,5,232.7599945,232.7599945,Standard Class,Late delivery
La Ceiba,Miami,Honduras,EE. UU.,5,232.7599945,232.7599945,Standard Class,Late delivery
Juiz de Fora,San Jose,Brasil,EE. UU.,6,232.7599945,232.7599945,Standard Class,Late delivery
Santo Domingo,Greensboro,República Dominicana,EE. UU.,5,230.3600006,230.3600006,Standard Class,Late delivery
Medellín,South Ozone Park,Colombia,EE. UU.,2,230.3600006,230.3600006,Standard Class,Advance shipping
Zapopan,Brooklyn,México,EE. UU.,5,227.9600067,227.9600067,Standard Class,Late delivery
Medellín,San Diego,Colombia,EE. UU.,4,227.9600067,227.9600067,Standard Class,Shipping on time
Guacara,Jackson Heights,Venezuela,EE. UU.,5,227.9600067,227.9600067,Standard Class,Late delivery
Mexicali,Pacoima,México,EE. UU.,4,223.1600037,223.1600037,Standard Class,Shipping on time
Tlaquepaque,Philadelphia,México,EE. UU.,6,223.1600037,223.1600037,Standard Class,Late delivery
Açu,Chicago,Brasil,EE. UU.,2,223.1600037,223.1600037,Standard Class,Advance shipping
San Pedro Sula,Albuquerque,Honduras,EE. UU.,2,218.3600006,218.3600006,Standard Class,Advance shipping
Tlaquepaque,Philadelphia,México,EE. UU.,6,218.3600006,218.3600006,Standard Class,Late delivery
Cajamarca,Tucson,Perú,EE. UU.,2,218.3600006,218.3600006,Standard Class,Advance shipping
Carrefour,Detroit,Haití,EE. UU.,4,215.9600067,215.9600067,Standard Class,Shipping on time
Tipitapa,Spring Valley,Nicaragua,EE. UU.,4,211.1600037,211.1600037,Standard Class,Shipping on time
Votuporanga,Pharr,Brasil,EE. UU.,4,211.1600037,211.1600037,Standard Class,Shipping on time
Portmore,Riverside,Jamaica,EE. UU.,2,208.7700043,208.7700043,Standard Class,Advance shipping
Carrefour,Houston,Haití,EE. UU.,6,208.7700043,208.7700043,Standard Class,Late delivery
Tegucigalpa,Los Angeles,Honduras,EE. UU.,6,203.9700012,203.9700012,Standard Class,Late delivery
San Pedro Sula,Oak Lawn,Honduras,EE. UU.,2,203.9700012,203.9700012,Standard Class,Advance shipping
Lima,Wayne,Perú,EE. UU.,4,203.9700012,203.9700012,Standard Class,Shipping on time
São Paulo,Littleton,Brasil,EE. UU.,5,201.5700073,201.5700073,Standard Class,Late delivery
Manaus,Milford,Brasil,EE. UU.,2,201.5700073,201.5700073,Standard Class,Advance shipping
Lima,Wayne,Perú,EE. UU.,4,201.5700073,201.5700073,Standard Class,Shipping on time
Ilopango,Pompano Beach,El Salvador,EE. UU.,3,199.1699982,199.1699982,Standard Class,Advance shipping
Puerto Vallarta,Ann Arbor,México,EE. UU.,3,199.1699982,199.1699982,Standard Class,Advance shipping
Orizaba,Detroit,México,EE. UU.,6,191.9700012,191.9700012,Standard Class,Late delivery
Gómez Palacio,Mission,México,EE. UU.,6,179.9700012,179.9700012,Standard Class,Late delivery
Managua,Amarillo,Nicaragua,EE. UU.,2,179.9700012,179.9700012,Standard Class,Advance shipping
Chinandega,Lynnwood,Nicaragua,EE. UU.,4,179.9700012,179.9700012,Standard Class,Shipping on time
Quetzaltenango,Chandler,Guatemala,EE. UU.,6,159.9600067,159.9600067,Standard Class,Late delivery
Granada,Weslaco,Nicaragua,EE. UU.,3,159.9600067,159.9600067,Standard Class,Advance shipping
Santa Ana,Milwaukee,El Salvador,EE. UU.,5,158.3600006,158.3600006,Standard Class,Late delivery
La Ceiba,Miami,Honduras,EE. UU.,5,198.0,198.0,Standard Class,Late delivery
Bayeux,Jamaica,Brasil,EE. UU.,4,118.8000031,118.8000031,Standard Class,Shipping on time
Buenos Aires,Salt Lake City,Argentina,EE. UU.,5,158.3600006,158.3600006,Standard Class,Late delivery
Masaya,Chicago,Nicaragua,EE. UU.,5,156.7599945,156.7599945,Standard Class,Late delivery
Chihuahua,Kent,México,EE. UU.,5,156.7599945,156.7599945,Standard Class,Late delivery
Managua,Ridgewood,Nicaragua,EE. UU.,2,194.0,194.0,Standard Class,Advance shipping
Juiz de Fora,San Jose,Brasil,EE. UU.,6,194.0,194.0,Standard Class,Late delivery
Bogotá,San Diego,Colombia,EE. UU.,4,153.5599976,153.5599976,Standard Class,Shipping on time
Pirapora,Virginia Beach,Brasil,EE. UU.,6,192.0,192.0,Standard Class,Late delivery
Tlaquepaque,Philadelphia,México,EE. UU.,6,190.0,190.0,Standard Class,Late delivery
Mixco,Granite City,Guatemala,EE. UU.,5,189.0,189.0,Standard Class,Late delivery
Soledad Díez Gutiérrez,Meridian,México,EE. UU.,3,111.5999985,111.5999985,Standard Class,Advance shipping
Torreón,Washington,México,EE. UU.,6,186.0,186.0,Standard Class,Late delivery
Arapiraca,Hollywood,Brasil,EE. UU.,4,186.0,186.0,Standard Class,Shipping on time
Antofagasta,Dorchester Center,Chile,EE. UU.,5,182.0,182.0,Standard Class,Late delivery
Maceió,Columbia,Brasil,EE. UU.,5,182.0,182.0,Standard Class,Late delivery
Ciego de Ávila,Mission Viejo,Cuba,EE. UU.,4,180.0,180.0,Standard Class,Shipping on time
San Justo,Virginia Beach,Argentina,EE. UU.,3,180.0,180.0,Standard Class,Advance shipping
Estelí,Mission,Nicaragua,EE. UU.,4,176.0,176.0,Standard Class,Shipping on time
Sabanalarga,Columbus,Colombia,EE. UU.,4,140.7599945,140.7599945,Standard Class,Shipping on time
Ji-Paraná,Atlanta,Brasil,EE. UU.,4,176.0,176.0,Standard Class,Shipping on time
San Juan de la Maguana,Mount Prospect,República Dominicana,EE. UU.,3,174.0,174.0,Standard Class,Advance shipping
Villa Nueva,Beloit,Guatemala,EE. UU.,3,174.0,174.0,Standard Class,Advance shipping
Araçatuba,Cupertino,Brasil,EE. UU.,3,174.0,174.0,Standard Class,Advance shipping
Santa Clara,South San Francisco,Cuba,EE. UU.,3,170.0,170.0,Standard Class,Advance shipping
Pinar del Río,Chicago,Cuba,EE. UU.,5,170.0,170.0,Standard Class,Late delivery
Choloma,Los Angeles,Honduras,EE. UU.,3,135.9700012,135.9700012,Standard Class,Advance shipping
Poza Rica de Hidalgo,Brooklyn,México,EE. UU.,5,135.9700012,135.9700012,Standard Class,Late delivery
Puebla,Miami,México,EE. UU.,4,170.0,170.0,Standard Class,Shipping on time
Canoas,Columbus,Brasil,EE. UU.,3,170.0,170.0,Standard Class,Advance shipping
Santa Clara,South San Francisco,Cuba,EE. UU.,3,168.0,168.0,Standard Class,Advance shipping
Santo Domingo,Las Vegas,República Dominicana,EE. UU.,6,168.0,168.0,Standard Class,Late delivery
Managua,El Cajon,Nicaragua,EE. UU.,4,168.0,168.0,Standard Class,Shipping on time
Tegucigalpa,Stafford,Honduras,EE. UU.,4,168.0,168.0,Standard Class,Shipping on time
Manizales,Ontario,Colombia,EE. UU.,4,134.3699951,134.3699951,Standard Class,Shipping on time
Fortaleza,Columbia,Brasil,EE. UU.,2,134.3699951,134.3699951,Standard Class,Advance shipping
Itaúna,Oxnard,Brasil,EE. UU.,2,168.0,168.0,Standard Class,Advance shipping
Santa Clara,South San Francisco,Cuba,EE. UU.,3,166.0,166.0,Standard Class,Advance shipping
Delgado,Lancaster,El Salvador,EE. UU.,5,132.7700043,132.7700043,Standard Class,Late delivery
Coyoacán,Lake Forest,México,EE. UU.,6,164.0,164.0,Standard Class,Late delivery
Managua,Hendersonville,Nicaragua,EE. UU.,2,164.0,164.0,Standard Class,Advance shipping
Bridgetown,Los Angeles,Barbados,EE. UU.,6,127.9700012,127.9700012,Standard Class,Late delivery
Santo Domingo,Highland Park,República Dominicana,EE. UU.,4,127.9700012,127.9700012,Standard Class,Shipping on time
Durango,Fort Lauderdale,México,EE. UU.,5,160.0,160.0,Standard Class,Late delivery
Cancún,Passaic,México,EE. UU.,6,160.0,160.0,Standard Class,Late delivery
Coyoacán,Las Vegas,México,EE. UU.,4,160.0,160.0,Standard Class,Shipping on time
Bayeux,Jamaica,Brasil,EE. UU.,4,127.9700012,127.9700012,Standard Class,Shipping on time
San Cristóbal,Ballwin,Venezuela,EE. UU.,4,160.0,160.0,Standard Class,Shipping on time
Coacalco,Garden Grove,México,EE. UU.,5,150.0,150.0,Standard Class,Late delivery
Santo Domingo,Greeley,República Dominicana,EE. UU.,6,69.80000305,69.80000305,Standard Class,Late delivery
Tegucigalpa,Lake Forest,Honduras,EE. UU.,2,82.97000122,82.97000122,Standard Class,Advance shipping
San Salvador,Simi Valley,El Salvador,EE. UU.,5,106.2099991,106.2099991,Standard Class,Late delivery
Juárez,Riverside,México,EE. UU.,4,79.97000122,79.97000122,Standard Class,Shipping on time
Villa Nueva,Memphis,Guatemala,EE. UU.,6,391.9599915,391.9599915,Standard Class,Shipping canceled
San Pedro Sula,Wayne,Honduras,EE. UU.,4,339.9700012,339.9700012,Standard Class,Shipping canceled
Chaguanas,Oceanside,Trinidad y Tobago,EE. UU.,6,239.9600067,239.9600067,Standard Class,Shipping canceled
Chaguanas,Oceanside,Trinidad y Tobago,EE. UU.,6,237.5599976,237.5599976,Standard Class,Shipping canceled
Santo Domingo,Clearfield,República Dominicana,EE. UU.,2,223.1600037,223.1600037,Standard Class,Shipping canceled
Bello,Santa Ana,Colombia,EE. UU.,5,208.7700043,208.7700043,Standard Class,Shipping canceled
Atlixco,South Ozone Park,México,EE. UU.,5,199.1699982,199.1699982,Standard Class,Shipping canceled
Oruro,Hendersonville,Bolivia,EE. UU.,6,191.9700012,191.9700012,Standard Class,Shipping canceled
Mexico City,Florissant,México,EE. UU.,5,158.3600006,158.3600006,Standard Class,Shipping canceled
Mexico City,Florissant,México,EE. UU.,5,156.7599945,156.7599945,Standard Class,Shipping canceled
Grajaú,Pittsburg,Brasil,EE. UU.,3,190.0,190.0,Standard Class,Shipping canceled
Gaspar,Brooklyn,Brasil,EE. UU.,5,176.0,176.0,Standard Class,Shipping canceled
San Salvador,Bronx,El Salvador,EE. UU.,4,170.0,170.0,Standard Class,Shipping canceled
Tijuana,El Paso,México,EE. UU.,6,166.0,166.0,Standard Class,Shipping canceled
Limoeiro do Norte,East Brunswick,Brasil,EE. UU.,5,164.0,164.0,Standard Class,Shipping canceled
San Pedro Sula,Daly City,Honduras,EE. UU.,3,150.0,150.0,Standard Class,Shipping canceled
Quito,Seattle,Ecuador,EE. UU.,4,150.0,150.0,Standard Class,Shipping canceled
Cajazeiras,Chicago,Brasil,EE. UU.,2,102.3700027,102.3700027,Standard Class,Shipping canceled
Shanghái,La Crosse,China,EE. UU.,6,81.97000122,81.97000122,Standard Class,Shipping canceled
Rangún,Chicago,Myanmar (Birmania),EE. UU.,2,383.9599915,383.9599915,Standard Class,Shipping canceled
Kirsehir,Santa Ana,Turquía,EE. UU.,4,203.9700012,203.9700012,Standard Class,Shipping canceled
Bekasi,La Mesa,Indonesia,EE. UU.,3,179.9700012,179.9700012,Standard Class,Shipping canceled
Jabalpur,Brooklyn,India,EE. UU.,6,194.0,194.0,Standard Class,Shipping canceled
Semarang,Albuquerque,Indonesia,EE. UU.,6,192.0,192.0,Standard Class,Shipping canceled
Shanghái,La Crosse,China,EE. UU.,6,151.9600067,151.9600067,Standard Class,Shipping canceled
Surabaya,Anaheim,Indonesia,EE. UU.,6,164.0,164.0,Standard Class,Shipping canceled
Arbil,North Hollywood,Irak,EE. UU.,4,164.0,164.0,Standard Class,Shipping canceled
Sandakan,Saint Louis,Malasia,EE. UU.,4,119.9700012,119.9700012,Standard Class,Shipping canceled
Rangún,Chicago,Myanmar (Birmania),EE. UU.,2,150.0,150.0,Standard Class,Shipping canceled
Melbourne,Garden Grove,Australia,EE. UU.,2,147.5700073,147.5700073,Standard Class,Advance shipping
Medan,Los Angeles,Indonesia,EE. UU.,4,387.9599915,387.9599915,Standard Class,Shipping on time
Ho Chi Minh City,Greeley,Vietnam,EE. UU.,3,371.9599915,371.9599915,Standard Class,Advance shipping
Mianyang,Dallas,China,EE. UU.,4,363.9599915,363.9599915,Standard Class,Shipping on time
Auckland,Houston,Nueva Zelanda,EE. UU.,5,351.9599915,351.9599915,Standard Class,Late delivery
Asjabad,Garden Grove,Turkmenistán,EE. UU.,5,347.9700012,347.9700012,Standard Class,Late delivery
Binzhou,Antioch,China,EE. UU.,2,97.41000366,97.41000366,Standard Class,Advance shipping
Dubbo,Philadelphia,Australia,EE. UU.,4,339.9700012,339.9700012,Standard Class,Shipping on time
Singapur,Albuquerque,Singapur,EE. UU.,2,239.9600067,239.9600067,Standard Class,Advance shipping
Semarang,Frankfort,Indonesia,EE. UU.,2,237.5599976,237.5599976,Standard Class,Advance shipping
Manila,Annapolis,Filipinas,EE. UU.,3,230.3600006,230.3600006,Standard Class,Advance shipping
Bangkok,Dallas,Tailandia,EE. UU.,2,230.3600006,230.3600006,Standard Class,Advance shipping
Mackay,Los Angeles,Australia,EE. UU.,5,227.9600067,227.9600067,Standard Class,Late delivery
Wodonga,Martinsburg,Australia,EE. UU.,4,227.9600067,227.9600067,Standard Class,Shipping on time
Basra,Miami,Irak,EE. UU.,6,223.1600037,223.1600037,Standard Class,Late delivery
Mosul,Detroit,Irak,EE. UU.,4,223.1600037,223.1600037,Standard Class,Shipping on time
Guiyang,Fountain Valley,China,EE. UU.,6,218.3600006,218.3600006,Standard Class,Late delivery
Lower Hutt,Laredo,Nueva Zelanda,EE. UU.,4,218.3600006,218.3600006,Standard Class,Shipping on time
Zhengzhou,Longmont,China,EE. UU.,4,215.9600067,215.9600067,Standard Class,Shipping on time
Bandung,Modesto,Indonesia,EE. UU.,6,215.9600067,215.9600067,Standard Class,Late delivery
Bacolod City,Ontario,Filipinas,EE. UU.,4,215.9600067,215.9600067,Standard Class,Shipping on time
